[{"fields": {"name": "log entry", "app_label": "admin", "model": "logentry"}, "model": "contenttypes.contenttype", "pk": 1}, {"fields": {"name": "permission", "app_label": "auth", "model": "permission"}, "model": "contenttypes.contenttype", "pk": 2}, {"fields": {"name": "group", "app_label": "auth", "model": "group"}, "model": "contenttypes.contenttype", "pk": 3}, {"fields": {"name": "user", "app_label": "auth", "model": "user"}, "model": "contenttypes.contenttype", "pk": 4}, {"fields": {"name": "content type", "app_label": "contenttypes", "model": "contenttype"}, "model": "contenttypes.contenttype", "pk": 5}, {"fields": {"name": "session", "app_label": "sessions", "model": "session"}, "model": "contenttypes.contenttype", "pk": 6}, {"fields": {"name": "genre group", "app_label": "apps", "model": "genregroup"}, "model": "contenttypes.contenttype", "pk": 7}, {"fields": {"name": "raiting", "app_label": "apps", "model": "raiting"}, "model": "contenttypes.contenttype", "pk": 8}, {"fields": {"name": "genre", "app_label": "apps", "model": "genre"}, "model": "contenttypes.contenttype", "pk": 9}, {"fields": {"name": "thematic group", "app_label": "apps", "model": "thematicgroup"}, "model": "contenttypes.contenttype", "pk": 10}, {"fields": {"name": "category", "app_label": "apps", "model": "category"}, "model": "contenttypes.contenttype", "pk": 11}, {"fields": {"name": "production", "app_label": "apps", "model": "production"}, "model": "contenttypes.contenttype", "pk": 12}, {"fields": {"name": "hero", "app_label": "apps", "model": "hero"}, "model": "contenttypes.contenttype", "pk": 13}, {"fields": {"name": "anime", "app_label": "apps", "model": "anime"}, "model": "contenttypes.contenttype", "pk": 14}, {"fields": {"name": "manga", "app_label": "apps", "model": "manga"}, "model": "contenttypes.contenttype", "pk": 15}, {"fields": {"name": "migration history", "app_label": "south", "model": "migrationhistory"}, "model": "contenttypes.contenttype", "pk": 16}, {"fields": {"name": "serie", "app_label": "apps", "model": "serie"}, "model": "contenttypes.contenttype", "pk": 18}, {"fields": {"name": "status", "app_label": "apps", "model": "status"}, "model": "contenttypes.contenttype", "pk": 20}, {"fields": {"name": "listed product", "app_label": "apps", "model": "listedproduct"}, "model": "contenttypes.contenttype", "pk": 21}, {"fields": {"name": "source", "app_label": "easy_thumbnails", "model": "source"}, "model": "contenttypes.contenttype", "pk": 22}, {"fields": {"name": "thumbnail", "app_label": "easy_thumbnails", "model": "thumbnail"}, "model": "contenttypes.contenttype", "pk": 23}, {"fields": {"name": "thumbnail dimensions", "app_label": "easy_thumbnails", "model": "thumbnaildimensions"}, "model": "contenttypes.contenttype", "pk": 24}, {"fields": {"name": "dash board", "app_label": "apps", "model": "dashboard"}, "model": "contenttypes.contenttype", "pk": 25}, {"fields": {"name": "criminalystic", "app_label": "apps", "model": "criminalystic"}, "model": "contenttypes.contenttype", "pk": 27}, {"fields": {"expire_date": "2014-07-08T07:42:51.865Z", "session_data": "ZDVkMzViOWJmZjVhOGQ4ZDY0NmFjOGE5ZjE4MjE4ZTVhMDNiYzQwMzp7Il9hdXRoX3VzZXJfYmFja2VuZCI6ImRqYW5nby5jb250cmliLmF1dGguYmFja2VuZHMuTW9kZWxCYWNrZW5kIiwiX2F1dGhfdXNlcl9pZCI6MX0="}, "model": "sessions.session", "pk": "bpdrvtck1z71abbwehq0hbdpz0lrtbf2"}, {"fields": {"expire_date": "2014-07-06T19:10:16.377Z", "session_data": "YjEwZThlNmVmODA5NjA3NDkwYzg4ZmY4OWNiNDljZWJmMzU5ZTQ0Mjp7Il9hdXRoX3VzZXJfaWQiOjIsIl9hdXRoX3VzZXJfYmFja2VuZCI6ImRqYW5nby5jb250cmliLmF1dGguYmFja2VuZHMuTW9kZWxCYWNrZW5kIn0="}, "model": "sessions.session", "pk": "l6metmajjxwn0khfyuu7z5pj2fjhd514"}, {"fields": {"expire_date": "2014-06-28T12:47:30.965Z", "session_data": "YjJkMmNhMjUxODFkNWFiYTFlNzM0YWM1ODRjMmIzNzQxMDk1YmQwYTp7Il9hdXRoX3VzZXJfaWQiOjEsIl9hdXRoX3VzZXJfYmFja2VuZCI6ImRqYW5nby5jb250cmliLmF1dGguYmFja2VuZHMuTW9kZWxCYWNrZW5kIn0="}, "model": "sessions.session", "pk": "u0r627i3cqrojgo93lsui2mcwyp2ooyd"}, {"fields": {"name": "Anime Female"}, "model": "apps.genregroup", "pk": 1}, {"fields": {"name": "Anime Male"}, "model": "apps.genregroup", "pk": 2}, {"fields": {"name": "Standart"}, "model": "apps.genregroup", "pk": 3}, {"fields": {"name": "Anime Standart"}, "model": "apps.genregroup", "pk": 4}, {"fields": {"name": "Anime Porn"}, "model": "apps.genregroup", "pk": 5}, {"fields": {"name": "Anime School"}, "model": "apps.genregroup", "pk": 6}, {"fields": {"name": "Detectives"}, "model": "apps.genregroup", "pk": 7}, {"fields": {"name": "PG-13"}, "model": "apps.raiting", "pk": 1}, {"fields": {"name": "NC-17"}, "model": "apps.raiting", "pk": 2}, {"fields": {"name": "G"}, "model": "apps.raiting", "pk": 3}, {"fields": {"name": "PG"}, "model": "apps.raiting", "pk": 4}, {"fields": {"name": "R"}, "model": "apps.raiting", "pk": 5}, {"fields": {"name": "\u0421\u0451\u043d\u0435\u043d", "group": 2}, "model": "apps.genre", "pk": 1}, {"fields": {"name": "\u0421\u0451\u0434\u0437\u0435", "group": 1}, "model": "apps.genre", "pk": 2}, {"fields": {"name": "\u0421\u044d\u0439\u043d\u0435\u043d", "group": 2}, "model": "apps.genre", "pk": 3}, {"fields": {"name": "\u0414\u0437\u0451\u0441\u0435\u0439", "group": 1}, "model": "apps.genre", "pk": 4}, {"fields": {"name": "\u0421\u0451\u043d\u0435\u043d \u0410\u0439", "group": 1}, "model": "apps.genre", "pk": 5}, {"fields": {"name": "\u0421\u0451\u0434\u0437\u0435 \u0410\u0439", "group": 2}, "model": "apps.genre", "pk": 6}, {"fields": {"name": "\u0423\u0436\u0430\u0441\u044b", "group": 3}, "model": "apps.genre", "pk": 7}, {"fields": {"name": "\u0411\u0435\u0437\u0443\u043c\u0438\u0435", "group": 3}, "model": "apps.genre", "pk": 8}, {"fields": {"name": "\u0411\u043e\u0435\u0432\u044b\u0435 \u0438\u0441\u043a\u0443\u0441\u0441\u0442\u0432\u0430", "group": 3}, "model": "apps.genre", "pk": 9}, {"fields": {"name": "\u0412\u0430\u043c\u043f\u0438\u0440\u044b", "group": 3}, "model": "apps.genre", "pk": 10}, {"fields": {"name": "\u0412\u043e\u0435\u043d\u043d\u043e\u0435", "group": 3}, "model": "apps.genre", "pk": 11}, {"fields": {"name": "\u0414\u0435\u043c\u043e\u043d\u044b", "group": 3}, "model": "apps.genre", "pk": 12}, {"fields": {"name": "\u0414\u0435\u0442\u0441\u043a\u043e\u0435", "group": 3}, "model": "apps.genre", "pk": 13}, {"fields": {"name": "\u0414\u0440\u0430\u043c\u0430", "group": 3}, "model": "apps.genre", "pk": 14}, {"fields": {"name": "\u0418\u0433\u0440\u044b", "group": 4}, "model": "apps.genre", "pk": 15}, {"fields": {"name": "\u0418\u0441\u0442\u043e\u0440\u0438\u0447\u0435\u0441\u043a\u0438\u0439", "group": 3}, "model": "apps.genre", "pk": 16}, {"fields": {"name": "\u041a\u043e\u0441\u043c\u043e\u0441", "group": 3}, "model": "apps.genre", "pk": 17}, {"fields": {"name": "\u041c\u0430\u0433\u0438\u044f", "group": 3}, "model": "apps.genre", "pk": 18}, {"fields": {"name": "\u0410\u0432\u0442\u043e\u043c\u043e\u0431\u0438\u043b\u0438", "group": 4}, "model": "apps.genre", "pk": 19}, {"fields": {"name": "\u041c\u0435\u0445\u0430", "group": 4}, "model": "apps.genre", "pk": 20}, {"fields": {"name": "\u041c\u0438\u0441\u0442\u0438\u043a\u0430", "group": 3}, "model": "apps.genre", "pk": 21}, {"fields": {"name": "\u041c\u0443\u0437\u044b\u043a\u0430", "group": 3}, "model": "apps.genre", "pk": 22}, {"fields": {"name": "\u041f\u0430\u0440\u043e\u0434\u0438\u044f", "group": 3}, "model": "apps.genre", "pk": 23}, {"fields": {"name": "\u041f\u043e\u0432\u0441\u0435\u0434\u043d\u0435\u0432\u043d\u043e\u0441\u0442\u044c", "group": 3}, "model": "apps.genre", "pk": 24}, {"fields": {"name": "\u041f\u043e\u043b\u0438\u0446\u0438\u044f", "group": 3}, "model": "apps.genre", "pk": 25}, {"fields": {"name": "\u041f\u0440\u0438\u043a\u043b\u044e\u0447\u0435\u043d\u0438\u044f", "group": 3}, "model": "apps.genre", "pk": 26}, {"fields": {"name": "\u041f\u0441\u0438\u0445\u043e\u043b\u043e\u0433\u0438\u0447\u0435\u0441\u043a\u043e\u0435", "group": 3}, "model": "apps.genre", "pk": 27}, {"fields": {"name": "\u0421\u0430\u043c\u0443\u0440\u0430\u0438", "group": 3}, "model": "apps.genre", "pk": 28}, {"fields": {"name": "\u0421\u0432\u0435\u0440\u0445\u0435\u0441\u0442\u0435\u0441\u0442\u0432\u0435\u043d\u043d\u043e\u0435", "group": 3}, "model": "apps.genre", "pk": 29}, {"fields": {"name": "\u0421\u043f\u043e\u0440\u0442", "group": 3}, "model": "apps.genre", "pk": 30}, {"fields": {"name": "\u0421\u0443\u043f\u0435\u0440 \u0441\u0438\u043b\u0430", "group": 3}, "model": "apps.genre", "pk": 31}, {"fields": {"name": "\u0424\u0430\u043d\u0442\u0430\u0441\u0442\u0438\u043a\u0430", "group": 3}, "model": "apps.genre", "pk": 32}, {"fields": {"name": "\u0424\u044d\u043d\u0442\u0435\u0437\u0438", "group": 3}, "model": "apps.genre", "pk": 33}, {"fields": {"name": "\u042d\u043a\u0448\u044d\u043d", "group": 3}, "model": "apps.genre", "pk": 34}, {"fields": {"name": "\u0422\u0440\u0438\u043b\u043b\u0435\u0440", "group": 3}, "model": "apps.genre", "pk": 35}, {"fields": {"name": "\u042d\u0442\u0442\u0438", "group": 5}, "model": "apps.genre", "pk": 36}, {"fields": {"name": "\u0413\u0435\u043d\u0435\u0440\u043d\u0430\u044f \u0438\u043d\u0442\u0440\u0438\u0433\u0430", "group": 5}, "model": "apps.genre", "pk": 37}, {"fields": {"name": "\u042f\u043e\u0439", "group": 5}, "model": "apps.genre", "pk": 38}, {"fields": {"name": "\u042e\u0440\u0438", "group": 5}, "model": "apps.genre", "pk": 39}, {"fields": {"name": "\u0425\u0435\u043d\u0442\u0430\u0439", "group": 5}, "model": "apps.genre", "pk": 40}, {"fields": {"name": "\u0428\u043a\u043e\u043b\u0430", "group": 6}, "model": "apps.genre", "pk": 41}, {"fields": {"name": "\u041a\u043e\u043c\u0435\u0434\u0438\u044f", "group": 6}, "model": "apps.genre", "pk": 42}, {"fields": {"name": "\u0420\u043e\u043c\u0430\u043d\u0442\u0438\u043a\u0430", "group": 6}, "model": "apps.genre", "pk": 43}, {"fields": {"name": "\u0413\u0430\u0440\u0435\u043c", "group": 6}, "model": "apps.genre", "pk": 44}, {"fields": {"name": "Japanese Culture"}, "model": "apps.thematicgroup", "pk": 1}, {"fields": {"name": "Detectives"}, "model": "apps.thematicgroup", "pk": 2}, {"fields": {"name": "Anime", "group": 1, "icon": "/home/ctulhu/anylist/anylist/media/Miku-Hatsune-Icon-hatsune-miku-14355629-100-100_1.jpg"}, "model": "apps.dashboard", "pk": 1}, {"fields": {"name": "Manga", "group": 1, "icon": "/home/ctulhu/anylist/anylist/media/dragonball-kai-icon.png"}, "model": "apps.dashboard", "pk": 2}, {"fields": {"name": "Criminalystic", "group": 2, "icon": "/home/ctulhu/anylist/anylist/media/images.duckduckgo.com_3.jpeg"}, "model": "apps.dashboard", "pk": 3}, {"fields": {"avatar": "/home/ctulhu/anylist/anylist/media/Anime_1.png", "name": "Anime", "group": 1}, "model": "apps.category", "pk": 1}, {"fields": {"avatar": "/home/ctulhu/anylist/anylist/media/57.jpg", "name": "Manga", "group": 1}, "model": "apps.category", "pk": 2}, {"fields": {"avatar": "/home/ctulhu/anylist/anylist/media/images.duckduckgo.com.jpeg", "name": "Criminalystic", "group": 2}, "model": "apps.category", "pk": 3}, {"fields": {"avatar": "/home/ctulhu/anylist/anylist/media/19429_1.jpg", "old_limit": 2, "pub_date": "2014-06-08T00:00:00Z", "title": "Akuma no Riddle", "genres": [6, 34, 41], "description": "<p><a href=\"http://shikimori.org/characters/86241-Tokaku-Azuma\">\u0422\u043e\u043a\u0430\u043a\u0443 \u0410\u0434\u0437\u0443\u043c\u0430</a> \u043e\u0431\u0443\u0447\u0430\u0435\u0442\u0441\u044f \u0432 \u0448\u043a\u043e\u043b\u0435 \u0434\u043b\u044f \u043d\u0430\u0435\u043c\u043d\u044b\u0445 \u0443\u0431\u0438\u0439\u0446. \u041e\u0434\u043d\u0430\u0436\u0434\u044b \u0435\u0451 \u043f\u0435\u0440\u0435\u0432\u043e\u0434\u044f\u0442 \u0432 \u0441\u043f\u0435\u0446\u0438\u0430\u043b\u044c\u043d\u044b\u0439 \u043a\u043b\u0430\u0441\u0441, \u0433\u0434\u0435 \u0433\u043b\u0430\u0432\u043d\u043e\u0435 \u0437\u0430\u0434\u0430\u043d\u0438\u0435 - \u0443\u0431\u0438\u0442\u044c \u0434\u043e\u0431\u0440\u043e\u0434\u0443\u0448\u043d\u0443\u044e <a href=\"http://shikimori.org/characters/86239-Haru-Ichinose\">\u0425\u0430\u0440\u0443 \u0418\u0442\u0438\u043d\u043e\u0441\u044d</a>. \u041f\u044b\u0442\u0430\u0442\u044c\u0441\u044f \u0443\u0431\u0438\u0442\u044c \u0434\u0435\u0432\u0443\u0448\u043a\u0443 \u0443\u0447\u0435\u043d\u0438\u043a\u0438 \u0434\u043e\u043b\u0436\u043d\u044b \u043f\u043e \u043e\u0447\u0435\u0440\u0435\u0434\u0438, \u043f\u0440\u0435\u0434\u0432\u0430\u0440\u0438\u0442\u0435\u043b\u044c\u043d\u043e \u0443\u0432\u0435\u0434\u043e\u043c\u0438\u0432 \u0441\u0432\u043e\u044e \u0436\u0435\u0440\u0442\u0432\u0443 \u043e\u0431 \u044d\u0442\u043e\u043c. \u041d\u0430 \u0443\u0431\u0438\u0439\u0441\u0442\u0432\u043e \u043a\u0430\u0436\u0434\u043e\u043c\u0443 \u0438\u0437 \u0443\u0447\u0435\u043d\u0438\u043a\u043e\u0432 \u0434\u0430\u0435\u0442\u0441\u044f \u0440\u043e\u0432\u043d\u043e 48 \u0447\u0430\u0441\u043e\u0432. <a href=\"http://shikimori.org/characters/86241-Tokaku-Azuma\">\u0422\u043e\u043a\u0430\u043a\u0443</a> \u043d\u0430\u0434\u043e \u043e\u0431\u044f\u0437\u0430\u0442\u0435\u043b\u044c\u043d\u043e \u0443\u0431\u0438\u0442\u044c <a href=\"http://shikimori.org/characters/86239-Haru-Ichinose\">\u0425\u0430\u0440\u0443</a>, \u0438\u0431\u043e \u0435\u0441\u043b\u0438 \u0443\u0431\u0438\u0439\u0446\u0430 \u043d\u0435 \u043f\u043e\u043a\u043e\u043d\u0447\u0438\u0442 \u0441 <a href=\"http://shikimori.org/characters/86239-Haru-Ichinose\">\u0418\u0442\u0438\u043d\u043e\u0441\u044d</a>, \u043e\u043d\u0430 \u0431\u0443\u0434\u0435\u0442 \u0438\u0441\u043a\u043b\u044e\u0447\u0435\u043d\u0430. \u041d\u043e, \u043f\u043e\u0437\u043d\u0430\u043a\u043e\u043c\u0438\u0432\u0448\u0438\u0441\u044c \u043f\u043e\u0431\u043b\u0438\u0436\u0435 \u0441 \u043c\u0438\u043b\u0430\u0448\u043a\u043e\u0439 <a href=\"http://shikimori.org/characters/86239-Haru-Ichinose\">\u0425\u0430\u0440\u0443</a>, <a href=\"http://shikimori.org/characters/86241-Tokaku-Azuma\">\u0410\u0434\u0437\u0443\u043c\u0430</a> \u043f\u043e\u043d\u0438\u043c\u0430\u0435\u0442, \u0447\u0442\u043e \u0438\u0441\u043f\u044b\u0442\u044b\u0432\u0430\u0435\u0442 \u043a \u043d\u0435\u0439 \u0442\u0435\u043f\u043b\u044b\u0435 \u0447\u0443\u0432\u0441\u0442\u0432\u0430 \u0438 \u0434\u043e\u043b\u0436\u043d\u0430 \u0437\u0430\u0449\u0438\u0442\u0438\u0442\u044c \u0435\u0451, \u043d\u0435\u0441\u043c\u043e\u0442\u0440\u044f \u043d\u0438 \u043d\u0430 \u0447\u0442\u043e...</p>"}, "model": "apps.production", "pk": 1}, {"fields": {"avatar": "/home/ctulhu/anylist/anylist/media/41773_5.jpg", "old_limit": 2, "pub_date": "2014-06-11T21:15:41.759Z", "title": "Abnormal-kei Joshi", "genres": [3, 35, 41, 42, 44], "description": "<p>\u0421\u0442\u0430\u043b\u043a\u0435\u0440, \u0441\u0435\u0440\u0438\u0439\u043d\u044b\u0439 \u0443\u0431\u0438\u0439\u0446\u0430, \u043c\u0430\u0437\u043e\u0445\u0438\u0441\u0442\u043a\u0430, \u0440\u044b\u0446\u0430\u0440\u044c, \u043f\u043e\u0434\u0440\u0443\u0433\u0430 \u0434\u0435\u0442\u0441\u0442\u0432\u0430, \u0432\u0430\u043c\u043f\u0438\u0440 \u0438 \u0441\u043f\u044f\u0449\u0430\u044f \u043a\u0440\u0430\u0441\u0430\u0432\u0438\u0446\u0430... \u0421 \u043a\u0435\u043c \u0435\u0449\u0435 \u043f\u0440\u0435\u0434\u0441\u0442\u043e\u0438\u0442 \u0441\u0442\u043e\u043b\u043a\u043d\u0443\u0442\u044c\u0441\u044f \u0433\u043b\u0430\u0432\u043d\u043e\u043c\u0443 \u0433\u0435\u0440\u043e\u044e?</p>"}, "model": "apps.production", "pk": 2}, {"fields": {"avatar": "/home/ctulhu/anylist/anylist/media/20787.jpg", "old_limit": 2, "pub_date": "2014-06-08T00:00:00Z", "title": "Black Bullet", "genres": [1], "description": "\u042d\u0442\u0430 \u0438\u0441\u0442\u043e\u0440\u0438\u044f \u043f\u0440\u043e\u0438\u0441\u0445\u043e\u0434\u0438\u0442 \u0432 \u043d\u0435\u0434\u0430\u043b\u0435\u043a\u043e\u043c \u0431\u0443\u0434\u0443\u0449\u0435\u043c, \u0433\u0434\u0435 \u0447\u0435\u043b\u043e\u0432\u0435\u0447\u0435\u0441\u0442\u0432\u043e \u0431\u044b\u043b\u043e \u043f\u043e\u0434\u0432\u0435\u0440\u0436\u0435\u043d\u043e \u0430\u0442\u0430\u043a\u0435 \u0440\u0430\u0437\u043d\u043e\u0441\u044f\u0449\u0438\u043c\u0438 \u0432\u0438\u0440\u0443\u0441 \u043f\u0430\u0440\u0430\u0437\u0438\u0442\u0430\u043c\u0438, \u0438\u043c\u0435\u043d\u0443\u0435\u043c\u044b\u043c\u0438 \u0413\u0430\u0441\u0442\u0440\u0438\u0430. \u0412 \u0440\u0435\u0437\u0443\u043b\u044c\u0442\u0430\u0442\u0435 \u044d\u0442\u043e\u0433\u043e, \u0431\u0443\u0434\u0443\u0447\u0438 \u0438\u0437\u0433\u043d\u0430\u043d\u043d\u044b\u043c\u0438 \u0438\u0437 \u0441\u0432\u043e\u0438\u0445 \u0440\u043e\u0434\u043d\u044b\u0445 \u0434\u043e\u043c\u043e\u0432, \u0440\u043e\u0434 \u043b\u044e\u0434\u0435\u0439 \u0441\u0443\u0449\u0435\u0441\u0442\u0432\u0443\u0435\u0442 \u043b\u0438\u0448\u044c \u043d\u0430 \u043d\u0435\u0431\u043e\u043b\u044c\u0448\u043e\u0439 \u0442\u0435\u0440\u0440\u0438\u0442\u043e\u0440\u0438\u0438, \u0433\u0434\u0435, \u0443\u0436\u0435 \u043f\u043e\u0442\u0435\u0440\u044f\u0432\u0448\u0438\u0435 \u0432\u0441\u044f\u043a\u0443\u044e \u043d\u0430\u0434\u0435\u0436\u0434\u0443, \u043e\u043d\u0438 \u0436\u0438\u0432\u0443\u0442 \u0431\u043e\u043a \u043e \u0431\u043e\u043a \u0441\u043e \u0441\u043c\u0435\u0440\u0442\u044c\u044e.\r\n\u0412 \u044d\u0442\u043e\u043c \u0442\u0435\u043c\u043d\u043e\u043c \u043c\u0438\u0440\u0435 \u0436\u0438\u0432\u0451\u0442 \u0420\u0435\u043d\u0442\u0430\u0440\u043e, \u043f\u0430\u0440\u0435\u043d\u044c, \u0447\u0435\u0439 \u0434\u043e\u043c \u043d\u0430\u0445\u043e\u0434\u0438\u0442\u0441\u044f \u0440\u044f\u0434\u043e\u043c \u0441 \u0422\u043e\u043a\u0438\u043e, \u0441\u043e\u0441\u0442\u043e\u044f\u0449\u0438\u0439 \u0432 \"\u0413\u0440\u0430\u0436\u0434\u0430\u043d\u0441\u043a\u043e\u0439 \u0411\u0435\u0437\u043e\u043f\u0430\u0441\u043d\u043e\u0441\u0442\u0438\" \u2014 \u043e\u0440\u0433\u0430\u043d\u0438\u0437\u0430\u0446\u0438\u0438, \u0437\u0430\u043d\u0438\u043c\u0430\u044e\u0449\u0435\u0439\u0441\u044f \u0431\u043e\u0440\u044c\u0431\u043e\u0439 \u0441 \u0442\u0435\u043c\u0438 \u0441\u0430\u043c\u044b\u043c\u0438 \u043f\u0430\u0440\u0430\u0437\u0438\u0442\u0430\u043c\u0438 \u0413\u0430\u0441\u0442\u0440\u0438\u0430. \u0412\u043c\u0435\u0441\u0442\u0435 \u0441\u043e \u0441\u0432\u043e\u0435\u0439 \u043d\u0430\u043f\u0430\u0440\u043d\u0438\u0446\u0435\u0439 \u042d\u043d\u0434\u0436\u0443 \u043e\u043d\u0438 \u0432\u044b\u043f\u043e\u043b\u043d\u044f\u044e\u0442 \u0441\u0430\u043c\u044b\u0435 \u0440\u0438\u0441\u043a\u043e\u0432\u0430\u043d\u043d\u044b\u0435 \u0437\u0430\u0434\u0430\u043d\u0438\u044f.\r\n\u0412\u044b\u043f\u043e\u043b\u043d\u044f\u044f \u043e\u0434\u043d\u0443 \u043c\u0438\u0441\u0441\u0438\u044e \u043e\u043f\u0430\u0441\u043d\u0435\u0435 \u0434\u0440\u0443\u0433\u043e\u0439, \u0440\u0430\u0431\u043e\u0442\u0430\u044f \u0434\u0435\u043d\u044c \u0437\u0430 \u0434\u043d\u0435\u043c, \u043e\u0434\u043d\u0430\u0436\u0434\u044b, \u043e\u043d\u0438 \u043f\u043e\u043b\u0443\u0447\u0430\u044e\u0442 \u0441\u043f\u0435\u0446\u0438\u0430\u043b\u044c\u043d\u043e\u0435 \u0437\u0430\u0434\u0430\u043d\u0438\u0435 \u043e\u0442 \u043f\u0440\u0430\u0432\u0438\u0442\u0435\u043b\u044c\u0441\u0442\u0432\u0430 \u043f\u043e \u043f\u0440\u0435\u0434\u043e\u0442\u0432\u0440\u0430\u0449\u0435\u043d\u0438\u044e \u0440\u0430\u0437\u0440\u0443\u0448\u0435\u043d\u0438\u044f \u0422\u043e\u043a\u0438\u043e.\r\n\u0418 \u0432\u043e\u0442 \u0438\u043c\u0435\u043d\u043d\u043e \u0442\u0430\u043a \u043d\u0430\u0447\u0438\u043d\u0430\u0435\u0442\u0441\u044f \u043f\u043e\u0432\u0435\u0441\u0442\u0432\u043e\u0432\u0430\u043d\u0438\u0435 \u043e\u0431 \u043e\u0434\u043d\u043e\u0439 \u0438\u0437 \u0441\u0430\u043c\u044b\u0445 \u0437\u043d\u0430\u0447\u0438\u043c\u044b\u0445 \u043c\u0438\u0441\u0441\u0438\u0439 \u043f\u043e \u0437\u0430\u0449\u0438\u0442\u0435 \u0447\u0435\u043b\u043e\u0432\u0435\u0447\u0435\u0441\u0442\u0432\u0430."}, "model": "apps.production", "pk": 3}, {"fields": {"avatar": "/home/ctulhu/anylist/anylist/media/22547.jpg", "old_limit": 2, "pub_date": "2014-06-08T00:00:00Z", "title": "Blade & Soul", "genres": [1, 3], "description": "<p>\u0423\u0431\u0438\u0439\u0446\u0430 \u043a\u043b\u0430\u043d\u0430 \u043c\u0435\u0447\u0430 <a href=\"http://shikimori.org/characters/103461-Aruka\">\u0410\u0440\u0443\u043a\u0430</a> \u043f\u0443\u0442\u0435\u0448\u0435\u0441\u0442\u0432\u0443\u0435\u0442 \u0432 \u043f\u043e\u0438\u0441\u043a\u0430\u0445 \u0436\u0435\u043d\u0449\u0438\u043d\u044b \u043f\u043e \u0438\u043c\u0435\u043d\u0438 <a href=\"http://shikimori.org/characters/100623-Varel-Jin\">\u0414\u0436\u0438\u043d \u0412\u0430\u043b\u0435\u043b</a>, \u043a\u043e\u0442\u043e\u0440\u0430\u044f \u0443\u0431\u0438\u043b\u0430 \u0435\u0451 \u043c\u0430\u0441\u0442\u0435\u0440\u0430. \u0414\u0435\u043c\u043e\u043d\u043e\u043f\u043e\u0434\u043e\u0431\u043d\u0430\u044f <a href=\"http://shikimori.org/characters/100623-Varel-Jin\">\u0414\u0436\u0438\u043d</a> \u0443\u043c\u0435\u0435\u0442 \u043a\u043e\u043d\u0442\u0440\u043e\u043b\u0438\u0440\u043e\u0432\u0430\u0442\u044c \u044d\u043d\u0435\u0440\u0433\u0438\u044e \u0445\u0430\u043e\u0441\u0430 \u0438 \u0443\u0431\u0438\u0432\u0430\u0435\u0442 \u0431\u0435\u0437 \u043a\u0430\u043a\u0438\u0445-\u043b\u0438\u0431\u043e \u0447\u0443\u0432\u0441\u0442\u0432 \u0438 \u044d\u043c\u043e\u0446\u0438\u0439 - \u0441\u043e\u0432\u0441\u0435\u043c \u043d\u0435 \u0442\u0430\u043a \u043a\u0430\u043a \u044d\u0442\u043e\u043c\u0443 \u0431\u044b\u043b\u0430 \u043e\u0431\u0443\u0447\u0435\u043d\u0430 <a href=\"http://shikimori.org/characters/103461-Aruka\">\u0410\u0440\u0443\u043a\u0430</a> \u043d\u0430 \u043f\u0440\u043e\u0442\u044f\u0436\u0435\u043d\u0438\u0438 \u0440\u0430\u0431\u043e\u0442\u044b \u0443 \u043d\u0430\u0441\u0442\u0430\u0432\u043d\u0438\u043a\u0430.</p><p>\u041c\u043d\u043e\u0433\u043e \u0440\u0430\u0437\u043d\u044b\u0445 \u043b\u044e\u0434\u0435\u0439 \u0432\u0441\u0442\u0440\u0435\u0447\u0430\u0435\u0442 \u043d\u0430 \u0441\u0432\u043e\u0435\u043c \u043f\u0443\u0442\u0438 <a href=\"http://shikimori.org/characters/103461-Aruka\">\u0410\u0440\u0443\u043a\u0430</a>, \u0430 \u0441\u0440\u0435\u0434\u0438 \u043d\u0438\u0445 - \u0442\u0440\u0435\u0445 \u0442\u0440\u0435\u0445 \u043d\u0435\u043e\u0431\u044b\u0447\u043d\u044b\u0445 \u0436\u0435\u043d\u0449\u0438\u043d, \u043a\u0430\u0436\u0434\u0430\u044f \u0438\u0437 \u043a\u043e\u0442\u043e\u0440\u044b\u0445 \u0432\u044b\u0434\u0430\u044e\u0449\u0438\u0439\u0441\u044f \u0432\u043e\u0438\u043d \u0432 \u0441\u0432\u043e\u0435\u043c \u0441\u0442\u0438\u043b\u0435, \u0438 \u043a\u0430\u0436\u0434\u0430\u044f \u0441\u0440\u0430\u0436\u0430\u0435\u0442\u0441\u044f \u0441 \u043d\u0435\u0439, \u0447\u0442\u043e\u0431\u044b \u043f\u0440\u043e\u0442\u0438\u0432\u043e\u0441\u0442\u043e\u044f\u0442\u044c \u0436\u0435\u043b\u0430\u043d\u0438\u044e \u0443\u0431\u0438\u0442\u043e\u0433\u043e \u043c\u0430\u0441\u0442\u0435\u0440\u0430, \u043a\u043e\u0442\u043e\u0440\u044b\u0439 \u0445\u043e\u0442\u0435\u043b, \u0447\u0442\u043e\u0431\u044b <a href=\"http://shikimori.org/characters/103461-Aruka\">\u0410\u0440\u0443\u043a\u0430</a> \u043e\u0441\u0442\u0430\u0432\u0438\u043b\u0430 \u0436\u0438\u0437\u043d\u044c \u0443\u0431\u0438\u0439\u0446\u044b \u043f\u043e\u0437\u0430\u0434\u0438..</p><p><br />\u0410\u043d\u0438\u043c\u0435 \u044f\u0432\u043b\u044f\u0435\u0442\u0441\u044f \u0430\u0434\u0430\u043f\u0442\u0430\u0446\u0438\u0435\u0439 \u043a\u043e\u0440\u0435\u0439\u0441\u043a\u043e\u0439 \u041c\u041c\u041e\u0420\u041f\u0413 \u0438\u0433\u0440\u044b &quot;\u041a\u043b\u0438\u043d\u043e\u043a \u0438 \u0414\u0443\u0448\u0430&quot;.</p>"}, "model": "apps.production", "pk": 4}, {"fields": {"avatar": "/home/ctulhu/anylist/anylist/media/21405.jpg", "old_limit": 1, "pub_date": "2014-06-08T00:00:00Z", "title": "Bokura wa Minna Kawaisou", "genres": [3], "description": "<p><a href=\"http://shikimori.org/characters/95627-Kazunari-Usa\">\u0423\u0441\u0430</a>, \u0441\u0442\u0430\u0440\u0448\u0435\u043a\u043b\u0430\u0441\u0441\u043d\u0438\u043a (\u0432 \u043f\u0440\u043e\u0448\u043b\u043e\u043c &quot;\u0441\u043f\u043b\u043e\u0448\u043d\u0430\u044f \u043d\u0435\u043f\u0440\u0438\u044f\u0442\u043d\u043e\u0441\u0442\u044c&quot; \u0432 \u0441\u0440\u0435\u0434\u043d\u0435\u0439 \u0448\u043a\u043e\u043b\u0435), \u0432 \u0441\u0442\u0440\u0435\u043c\u043b\u0435\u043d\u0438\u0438 \u0432\u0435\u0441\u0442\u0438 \u0441\u043f\u043e\u043a\u043e\u0439\u043d\u0443\u044e, \u0440\u0430\u0437\u043c\u0435\u0440\u0435\u043d\u043d\u0443\u044e \u0438, \u0441\u0430\u043c\u043e\u0435 \u0433\u043b\u0430\u0432\u043d\u043e\u0435, \u0441\u0432\u043e\u0431\u043e\u0434\u043d\u0443\u044e \u0436\u0438\u0437\u043d\u044c, \u043f\u0435\u0440\u0435\u0435\u0437\u0436\u0430\u0435\u0442 \u0432 \u043d\u043e\u0432\u0443\u044e \u043a\u0432\u0430\u0440\u0442\u0438\u0440\u0443. \u0410 \u0442\u043e\u043b\u044c\u043a\u043e \u043f\u0435\u0440\u0435\u0435\u0445\u0430\u0432, \u043e\u0431\u043d\u0430\u0440\u0443\u0436\u0438\u0432\u0430\u0435\u0442, \u0447\u0442\u043e \u0435\u043c\u0443 \u043f\u0440\u0435\u0434\u0441\u0442\u043e\u0438\u0442 \u0436\u0438\u0442\u044c \u0441 \u0438\u0437\u0432\u0440\u0430\u0449\u0435\u043d\u0446\u0435\u043c-\u0441\u043e\u0441\u0435\u0434\u043e\u043c, \u0434\u043b\u044f \u043a\u043e\u0442\u043e\u0440\u043e\u0433\u043e \u043d\u0435 \u0441\u0443\u0449\u0435\u0441\u0442\u0432\u0443\u0435\u0442 \u0431\u043b\u0430\u0436\u0435\u043d\u0441\u0442\u0432\u0430 \u0431\u043e\u043b\u044c\u0448\u0435, \u0447\u0435\u043c \u0431\u044b\u0442\u044c \u043a\u0435\u043c-\u0442\u043e \u0438\u0437\u0431\u0438\u0442\u044b\u043c (\u043c\u0430\u0437\u043e\u0445\u0438\u0441\u0442\u044b, \u043e\u043d\u0438 \u0442\u0430\u043a\u0438\u0435...). \u041f\u043e\u0442\u043e\u043c \u0438 \u0432\u043e\u0432\u0441\u0435 \u043e\u043a\u0430\u0437\u044b\u0432\u0430\u0435\u0442\u0441\u044f, \u0447\u0442\u043e \u0441\u043e\u0441\u0435\u0434\u043a\u043e\u0439 <a href=\"http://shikimori.org/characters/95627-Kazunari-Usa\">\u0423\u0441\u044b</a> \u0431\u0443\u0434\u0435\u0442 \u043d\u0438\u043a\u0442\u043e \u0438\u043d\u0430\u044f, \u043a\u0430\u043a \u0435\u0433\u043e \u043f\u0435\u0440\u0432\u0430\u044f \u043b\u044e\u0431\u043e\u0432\u044c \u0435\u0449\u0435 \u0441\u043e \u0432\u0440\u0435\u043c\u0435\u043d \u043c\u043b\u0430\u0434\u0448\u0435\u0439 \u0448\u043a\u043e\u043b\u044b &mdash; \u0434\u0435\u0432\u0443\u0448\u043a\u0430 \u043f\u043e \u0438\u043c\u0435\u043d\u0438 <a href=\"http://shikimori.org/characters/87505-Ritsu-Kawai\">\u0420\u0438\u0446\u0443</a>! \u0412\u043e\u0442 \u0438 \u043d\u0430\u0441\u0442\u0430\u043b\u043e \u0432\u0440\u0435\u043c\u044f \u0440\u0435\u0448\u0430\u0442\u044c \u043f\u0430\u0440\u043d\u044e: \u043f\u0430\u043d \u0438\u043b\u0438 \u043f\u0440\u043e\u043f\u0430\u043b?</p>"}, "model": "apps.production", "pk": 5}, {"fields": {"avatar": "/home/ctulhu/anylist/anylist/media/21677.jpg", "old_limit": 1, "pub_date": "2014-06-08T00:00:00Z", "title": "Captain Earth", "genres": [20, 32, 34], "description": "<p>\u0418\u0441\u0442\u043e\u0440\u0438\u044f \u0440\u0430\u0437\u0432\u043e\u0440\u0430\u0447\u0438\u0432\u0430\u0435\u0442\u0441\u044f \u0432\u043e\u043a\u0440\u0443\u0433 \u0443\u0447\u0435\u043d\u0438\u043a\u0430 \u0441\u0442\u0430\u0440\u0448\u0435\u0439 \u0448\u043a\u043e\u043b\u044b <a href=\"http://shikimori.org/characters/97473-Daichi-Manatsu\">\u0414\u0430\u0438\u0447\u0438 \u041c\u0430\u043d\u0430\u0446\u0443</a>, \u043e\u0442\u0435\u0446 \u043a\u043e\u0442\u043e\u0440\u043e\u0433\u043e \u0431\u044b\u043b \u0430\u0441\u0442\u0440\u043e\u043d\u0430\u0432\u0442\u043e\u043c \u0438 \u043f\u043e\u0433\u0438\u0431 \u0432 \u0440\u0435\u0437\u0443\u043b\u044c\u0442\u0430\u0442\u0435 \u043d\u0435\u0441\u0447\u0430\u0441\u0442\u043d\u043e\u0433\u043e \u0441\u043b\u0443\u0447\u0430\u044f.</p><p>\u041e\u0434\u043d\u0430\u0436\u0434\u044b \u0432\u0435\u0447\u0435\u0440\u043e\u043c \u043e\u043d \u0432\u0438\u0434\u0438\u0442 \u043f\u043e \u0442\u0435\u043b\u0435\u0432\u0438\u0437\u043e\u0440\u0443 \u0441\u0442\u0440\u0430\u043d\u043d\u0443\u044e \u0440\u0430\u0434\u0443\u0433\u0443, \u0447\u0442\u043e \u0437\u0430\u0432\u0438\u0441\u043b\u0430 \u043d\u0430\u0434 \u043e\u0441\u0442\u0440\u043e\u0432\u043e\u043c \u0422\u0430\u043d\u0435\u0433\u0430\u0441\u0438\u043c\u0430. \u0423\u0432\u0438\u0434\u0435\u043d\u043d\u043e\u0435 \u043f\u0440\u043e\u0431\u0443\u0436\u0434\u0430\u0435\u0442 \u0432 \u043d\u0435\u043c \u0441\u0442\u0430\u0440\u044b\u0435 \u0432\u043e\u0441\u043f\u043e\u043c\u0438\u043d\u0430\u043d\u0438\u044f, \u043e \u0442\u043e\u043c, \u0447\u0442\u043e \u043a\u043e\u0433\u0434\u0430-\u0442\u043e \u043e\u043d \u0443\u0436\u0435 \u0432\u0438\u0434\u0435\u043b \u044d\u0442\u0443 \u0440\u0430\u0434\u0443\u0433\u0443, \u0430 \u0442\u0430\u043a\u0436\u0435 \u043e \u0442\u0430\u0438\u043d\u0441\u0442\u0432\u0435\u043d\u043d\u043e\u043c \u0434\u0440\u0443\u0433\u0435 \u0438\u0437 \u0435\u0433\u043e \u0434\u0435\u0442\u0441\u0442\u0432\u0430 \u0438 \u0441\u0442\u0440\u0430\u043d\u043d\u043e\u0439 \u0434\u0435\u0432\u043e\u0447\u043a\u0435, \u043a\u043e\u0442\u043e\u0440\u0443\u044e \u043e\u043d\u0438 \u043d\u0430\u0448\u043b\u0438 \u043f\u043e\u0434 \u0437\u0430\u0431\u0440\u043e\u0448\u0435\u043d\u043d\u044b\u043c \u043a\u043e\u0441\u043c\u043e\u0434\u0440\u043e\u043c\u043e\u043c.</p><p>\u0412 \u043f\u043e\u0438\u0441\u043a\u0435 \u043e\u0442\u0432\u0435\u0442\u0430, \u0441\u0443\u0434\u044c\u0431\u0430 \u0432\u043e\u0437\u0432\u0440\u0430\u0449\u0430\u0435\u0442 <a href=\"http://shikimori.org/characters/97473-Daichi-Manatsu\">\u0414\u0430\u0438\u0447\u0438</a> \u043e\u0431\u0440\u0430\u0442\u043d\u043e \u043d\u0430 \u0422\u0430\u043d\u0435\u0433\u0430\u0441\u0438\u043c\u0443, \u043d\u0430 \u0442\u043e\u0442 \u0441\u0430\u043c\u044b\u0439 \u0437\u0430\u0431\u0440\u043e\u0448\u0435\u043d\u043d\u044b\u0439 \u043a\u043e\u0441\u043c\u043e\u0434\u0440\u043e\u043c.</p><p>\u0427\u0442\u043e \u0441\u043d\u043e\u0432\u0430 \u043d\u0430\u0439\u0434\u0435\u0442 <a href=\"http://shikimori.org/characters/97473-Daichi-Manatsu\">\u0414\u0430\u0438\u0447\u0438</a> \u0432 \u0433\u043b\u0443\u0431\u0438\u043d\u0430\u0445 \u043a\u043e\u0441\u043c\u043e\u0434\u0440\u043e\u043c\u0430? \u041a\u0430\u043a\u0438\u0435 \u0438\u0441\u043f\u044b\u0442\u0430\u043d\u0438\u044f \u043f\u0440\u0438\u0433\u043e\u0442\u043e\u0432\u0438\u043b\u0430 \u0441\u0443\u0434\u044c\u0431\u0430 \u0434\u043b\u044f \u043d\u0430\u0448\u0435\u0433\u043e \u0433\u0435\u0440\u043e\u044f? \u0418 \u0434\u0435\u0439\u0441\u0442\u0432\u0438\u0442\u0435\u043b\u044c\u043d\u043e \u043b\u0438 \u0435\u0433\u043e \u043e\u0442\u0435\u0446 \u043f\u043e\u0433\u0438\u0431 \u0432 \u0440\u0435\u0437\u0443\u043b\u044c\u0442\u0430\u0442\u0435 \u043d\u0435\u0441\u0447\u0430\u0441\u0442\u043d\u043e\u0433\u043e \u0441\u043b\u0443\u0447\u0430\u044f?..</p>"}, "model": "apps.production", "pk": 6}, {"fields": {"avatar": "/home/ctulhu/anylist/anylist/media/22043.jpg", "old_limit": 1, "pub_date": "2014-06-08T00:00:00Z", "title": "Fairy Tail (2014)", "genres": [1, 18, 26, 33, 34, 42], "description": "<p>\u0414\u043e\u043b\u0433\u043e\u0436\u0434\u0430\u043d\u043d\u043e\u0435 \u043f\u0440\u043e\u0434\u043e\u043b\u0436\u0435\u043d\u0438\u0435 \u0438\u0441\u0442\u043e\u0440\u0438\u0438 \u043e \u043f\u0440\u0438\u043a\u043b\u044e\u0447\u0435\u043d\u0438\u044f\u0445 <a href=\"http://shikimori.org/characters/5186-Lucy-Heartfilia\">\u041b\u044e\u0441\u0438</a>, <a href=\"http://shikimori.org/characters/5187-Natsu-Dragneel\">\u041d\u0430\u0442\u0441\u0443</a> \u0438 \u0441\u0430\u043c\u043e\u0439 \u0431\u0435\u0437\u0431\u0430\u0448\u0435\u043d\u043d\u043e\u0439 \u0433\u0438\u043b\u044c\u0434\u0438\u0438 \u0424\u0438\u043e\u0440\u0430 &mdash; &quot;Fairy tail&quot; \u043e\u0442 <a href=\"http://shikimori.org/person/1882-Hiro-Mashima\">\u0425\u0438\u0440\u043e \u041c\u0430\u0448\u0438\u043c\u044b</a>.</p><p>\u0412\u0435\u043b\u0438\u043a\u0438\u0435 \u043c\u0430\u0433\u0438\u0447\u0435\u0441\u043a\u0438\u0435 \u0438\u0433\u0440\u044b \u043f\u0440\u043e\u0434\u043e\u043b\u0436\u0430\u044e\u0442\u0441\u044f, \u0438 \u0444\u0438\u043d\u0430\u043b \u0443\u0436\u0435 \u0442\u0430\u043a \u0431\u043b\u0438\u0437\u043e\u043a! \u041a\u0442\u043e \u0436\u0435 \u043f\u043e\u043b\u0443\u0447\u0438\u0442 \u0433\u043b\u0430\u0432\u043d\u044b\u0439 \u043f\u0440\u0438\u0437 \u0438 \u0437\u0432\u0430\u043d\u0438\u0435 \u0441\u0438\u043b\u044c\u043d\u0435\u0439\u0448\u0435\u0439 \u0433\u0438\u043b\u044c\u0434\u0438\u0438? \u041a\u0430\u043a\u043e\u0435 \u043e\u0442\u043d\u043e\u0448\u0435\u043d\u0438\u0435 \u043a \u0438\u0433\u0440\u0430\u043c \u0438\u043c\u0435\u044e\u0442 \u0434\u0440\u0430\u043a\u043e\u043d\u044b? \u0427\u0442\u043e \u0437\u0430\u0434\u0443\u043c\u0430\u043b\u0438 \u043a\u043e\u0440\u043e\u043b\u0435\u0432\u0441\u043a\u0438\u0435 \u0432\u043e\u0439\u0441\u043a\u0430 \u0424\u0438\u043e\u0440\u0430, \u0438 \u043a\u0430\u043a \u0441 \u044d\u0442\u0438\u043c \u0441\u0432\u044f\u0437\u0430\u043d\u044b \u0437\u0430\u043a\u043b\u0438\u043d\u0430\u0442\u0435\u043b\u0438 \u0434\u0443\u0445\u043e\u0432? \u041d\u043e\u0432\u044b\u0435 \u043f\u0440\u0438\u043a\u043b\u044e\u0447\u0435\u043d\u0438\u044f, \u0433\u0435\u0440\u043e\u0438 \u0438 \u043a\u043e\u0432\u0430\u0440\u043d\u044b\u0435 \u0437\u043b\u043e\u0434\u0435\u0438 &mdash; \u044d\u0442\u043e \u0438 \u043c\u043d\u043e\u0433\u043e\u0435 \u0434\u0440\u0443\u0433\u043e\u0435 \u0432\u044b \u0443\u0432\u0438\u0434\u0438\u0442\u0435 \u0432 \u043d\u043e\u0432\u043e\u043c \u0441\u0435\u0437\u043e\u043d\u0435 Fairy tail!</p>"}, "model": "apps.production", "pk": 7}, {"fields": {"avatar": "/home/ctulhu/anylist/anylist/media/20785.jpg", "old_limit": 1, "pub_date": "2014-06-08T00:00:00Z", "title": "Mahouka Koukou no Rettousei", "genres": [1, 18, 29, 32, 41, 43], "description": "<p>\u041c\u0430\u0433\u0438\u044f... \u0422\u0435\u043f\u0435\u0440\u044c \u044d\u0442\u043e \u0440\u0435\u0430\u043b\u044c\u043d\u0430\u044f \u0442\u0435\u0445\u043d\u043e\u043b\u043e\u0433\u0438\u044f, \u043e\u0442\u043a\u0440\u044b\u0442\u0430\u044f \u0443\u0447\u0435\u043d\u044b\u043c\u0438. \u0414\u043b\u044f \u043e\u0431\u0443\u0447\u0435\u043d\u0438\u044f \u0431\u0443\u0434\u0443\u0449\u0438\u0445 \u0412\u043e\u043b\u0448\u0435\u0431\u043d\u0438\u043a\u043e\u0432 (\u0421\u043f\u0435\u0446\u0438\u0430\u043b\u0438\u0441\u0442\u043e\u0432 \u041c\u0430\u0433\u0438\u0438) \u0433\u043e\u0441\u0443\u0434\u0430\u0440\u0441\u0442\u0432\u0430 \u043e\u0442\u043a\u0440\u044b\u043b\u043e \u043d\u0435\u0441\u043a\u043e\u043b\u044c\u043a\u043e \u0448\u043a\u043e\u043b \u0438 \u0443\u043d\u0438\u0432\u0435\u0440\u0441\u0438\u0442\u0435\u0442.</p><p>\u041d\u0435\u043f\u0443\u0442\u0451\u0432\u044b\u0439 \u0441\u0442\u0430\u0440\u0448\u0438\u0439 \u0431\u0440\u0430\u0442 <a href=\"http://shikimori.org/characters/55743-Tatsuya-Shiba\">\u0422\u0430\u0446\u0443\u044f</a> \u0438 \u0435\u0433\u043e \u0431\u0435\u0437\u0443\u043f\u0440\u0435\u0447\u043d\u0430\u044f \u043c\u043b\u0430\u0434\u0448\u0430\u044f \u0441\u0435\u0441\u0442\u0440\u0451\u043d\u043a\u0430 <a href=\"http://shikimori.org/characters/55741-Miyuki-Shiba\">\u041c\u0438\u044e\u043a\u0438</a> \u043f\u043e\u0441\u0442\u0443\u043f\u0438\u043b\u0438 \u0432 \u043e\u0434\u043d\u0443 \u0438\u0437 \u0421\u0442\u0430\u0440\u0448\u0438\u0445 \u0428\u043a\u043e\u043b \u041c\u0430\u0433\u0438\u0438. \u0421 \u044d\u0442\u043e\u0433\u043e \u043c\u043e\u043c\u0435\u043d\u0442\u0430 \u0443 \u043d\u0438\u0445 \u043d\u0430\u0447\u0438\u043d\u0430\u0435\u0442\u0441\u044f \u043d\u043e\u0432\u0430\u044f \u0443\u0434\u0438\u0432\u0438\u0442\u0435\u043b\u044c\u043d\u0430\u044f \u0436\u0438\u0437\u043d\u044c - \u043d\u043e\u0432\u044b\u0435 \u0434\u0440\u0443\u0437\u044c\u044f \u0438 \u0432\u0440\u0430\u0433\u0438, \u0440\u0430\u0431\u043e\u0442\u0430 \u0432 \u0448\u043a\u043e\u043b\u044c\u043d\u043e\u043c \u0441\u043e\u0432\u0435\u0442\u0435 \u0438 \u0434\u0440.</p>"}, "model": "apps.production", "pk": 8}, {"fields": {"avatar": "/home/ctulhu/anylist/anylist/media/21863.jpg", "old_limit": 1, "pub_date": "2014-06-08T00:00:00Z", "title": "Mangaka-san to Assistant-san to The Animation", "genres": [3, 24, 36, 42, 44], "description": "<p>\u041c\u0430\u043d\u0433\u0430\u043a\u0430 <a href=\"http://shikimori.org/characters/43467-Yuuki-Aito\">\u042e\u043a\u0438 \u0410\u0438\u0442\u043e</a> \u043d\u0435 \u043f\u043e\u043d\u0438\u043c\u0430\u0435\u0442 \u0447\u0443\u0432\u0441\u0442\u0432 \u043f\u0435\u0440\u0441\u043e\u043d\u0430\u0436\u0435\u0439 \u0441\u043e\u0431\u0441\u0442\u0432\u0435\u043d\u043d\u044b\u0445 \u0438\u0441\u0442\u043e\u0440\u0438\u0439, \u0438 \u043f\u0440\u043e\u0441\u0438\u0442 \u0430\u0441\u0441\u0438\u0441\u0442\u0435\u043d\u0442\u043a\u0443 <a href=\"http://shikimori.org/characters/33017-Sahoto-Ashisu\">\u0410\u0448\u0438\u0441\u0443</a> \u043f\u043e\u043c\u043e\u0447\u044c. \u041e\u043d\u0430 \u0436\u0435 \u0433\u043e\u0442\u043e\u0432\u0430 \u043d\u0430 \u0432\u0441\u0435 \u0440\u0430\u0434\u0438 \u0440\u0430\u0431\u043e\u0442\u044b! \u0414\u0430\u0436\u0435 \u043f\u043e\u0437\u0432\u043e\u043b\u0438\u0442\u044c <a href=\"http://shikimori.org/characters/43467-Yuuki-Aito\">\u0410\u0438\u0442\u043e</a> \u043f\u0440\u0438\u043a\u043e\u0441\u043d\u0443\u0442\u044c\u0441\u044f \u043a \u0435\u0451 \u0433\u0440\u0443\u0434\u0438, \u0447\u0442\u043e\u0431\u044b \u043e\u043d \u043c\u043e\u0433 \u043f\u0440\u043e\u0447\u0443\u0432\u0441\u0442\u0432\u043e\u0432\u0430\u0442\u044c \u044d\u0442\u0438 \u043e\u0449\u0443\u0449\u0435\u043d\u0438\u044f!</p><p>\u041f\u0440\u0438\u0432\u044b\u0447\u043a\u0430?! \u0418\u0437\u0432\u0440\u0430\u0449\u0435\u043d\u0438\u0435? \u041a\u0430\u043a \u0436\u0435 \u0438\u0445 \u043f\u043e\u043d\u044f\u0442\u044c??...</p><p>\u041a\u043e\u043c\u0435\u0434\u0438\u044f \u043e \u0431\u0435\u0437\u0443\u043c\u043d\u043e\u0439 \u043f\u043e\u0432\u0441\u0435\u0434\u043d\u0435\u0432\u043d\u043e\u0441\u0442\u0438 \u043c\u0430\u043d\u0433\u0430\u043a\u0438 \u0438 \u0435\u0433\u043e \u0430\u0441\u0441\u0438\u0441\u0442\u0435\u043d\u0442\u043a\u0438 \u0432\u043e \u0432\u0441\u0435\u0439 \u043a\u0440\u0430\u0441\u0435!</p>"}, "model": "apps.production", "pk": 9}, {"fields": {"avatar": "/home/ctulhu/anylist/anylist/media/21603.jpg", "old_limit": 1, "pub_date": "2014-06-08T00:00:00Z", "title": "Mekakucity Actors", "genres": [29, 32], "description": "<p><a href=\"http://shikimori.org/characters/67167-Shintaro-Kisaragi\">\u0428\u0438\u043d\u0442\u0430\u0440\u043e \u041a\u0438\u0441\u0430\u0440\u0430\u0433\u0438</a> - 18-\u043b\u0435\u0442\u043d\u0438\u0439 \u0445\u0438\u043a\u043a\u0438\u043a\u043e\u043c\u043e\u0440\u0438, \u043a\u043e\u0442\u043e\u0440\u044b\u0439 \u0443\u0436\u0435 \u0434\u0432\u0430 \u0433\u043e\u0434\u0430 \u043d\u0435 \u0432\u044b\u0445\u043e\u0434\u0438\u0442 \u0438\u0437 \u0441\u0432\u043e\u0435\u0439 \u043a\u043e\u043c\u043d\u0430\u0442\u044b. \u0412\u0441\u0435 \u0431\u044b\u043b\u043e \u043d\u043e\u0440\u043c\u0430\u043b\u044c\u043d\u043e, \u043f\u043e\u043a\u0430 \u043e\u043d \u043d\u0435 \u043f\u043e\u0432\u0441\u0442\u0440\u0435\u0447\u0430\u043b \u043a\u0438\u0431\u0435\u0440-\u0434\u0435\u0432\u0443\u0448\u043a\u0443 \u043f\u043e \u0438\u043c\u0435\u043d\u0438 \u042d\u043d\u044d, \u043a\u043e\u0442\u043e\u0440\u0430\u044f \u0432\u043d\u0435\u0437\u0430\u043f\u043d\u043e \u043f\u043e\u044f\u0432\u0438\u043b\u0430\u0441\u044c \u043d\u0430 \u044d\u043a\u0440\u0430\u043d\u0435 \u0435\u0433\u043e \u043a\u043e\u043c\u043f\u044c\u044e\u0442\u0435\u0440\u0430. \u0418\u0437-\u0437\u0430 \u043d\u0435\u0435 <a href=\"http://shikimori.org/characters/67167-Shintaro-Kisaragi\">\u0428\u0438\u043d\u0442\u0430\u0440\u043e</a>-\u043a\u0443\u043d \u043f\u0440\u043e\u043b\u0438\u043b \u0432\u043e\u0434\u0443 \u043d\u0430 \u043a\u043b\u0430\u0432\u0438\u0430\u0442\u0443\u0440\u0443. \u0423\u0432\u044b, \u043e\u043d\u0430 \u0441\u043b\u043e\u043c\u0430\u043b\u0430\u0441\u044c... \u041d\u0443\u0436\u043d\u0430 \u043d\u043e\u0432\u0430\u044f \u043a\u043b\u0430\u0432\u0438\u0430\u0442\u0443\u0440\u0430! \u042e\u043d\u043e\u0448\u0435 \u043f\u0440\u0438\u0448\u043b\u043e\u0441\u044c \u043f\u0435\u0440\u0432\u044b\u0439 \u0440\u0430\u0437 \u0437\u0430 \u0434\u0432\u0430 \u0433\u043e\u0434\u0430 \u0432\u044b\u0439\u0442\u0438 \u043d\u0430 \u0443\u043b\u0438\u0446\u0443. \u0418 \u0432\u043e\u0442 \u043e\u043d \u0438\u0434\u0435\u0442 \u0432 \u0443\u043d\u0438\u0432\u0435\u0440\u043c\u0430\u0433 \u0437\u0430 \u043d\u043e\u0432\u044b\u043c \u043e\u0431\u043e\u0440\u0443\u0434\u043e\u0432\u0430\u043d\u0438\u0435\u043c, \u0433\u0434\u0435 \u0432\u0441\u0442\u0440\u0435\u0447\u0430\u0435\u0442 \u0433\u0440\u0443\u043f\u043f\u0443 \u043f\u0440\u0435\u0441\u0442\u0443\u043f\u043d\u0438\u043a\u043e\u0432 \u0438 \u043d\u0435\u0441\u043a\u043e\u043b\u044c\u043a\u0438\u0445 \u043b\u044e\u0434\u0435\u0439, \u043a\u043e\u0442\u043e\u0440\u044b\u0435 \u043d\u0430\u0437\u044b\u0432\u0430\u044e\u0442 \u0441\u0435\u0431\u044f &quot;\u041e\u0441\u043b\u0435\u043f\u043b\u044f\u044e\u0449\u0435\u0439 \u0431\u0430\u043d\u0434\u043e\u0439&quot;, \u0445\u0440\u0430\u0431\u0440\u043e \u0441\u0440\u0430\u0436\u0430\u044f\u0441\u044c \u0441 \u043f\u0440\u0435\u0441\u0442\u0443\u043f\u043d\u0438\u043a\u0430\u043c\u0438. &quot;\u0411\u0430\u043d\u0434\u0430&quot; \u043f\u0440\u0435\u0434\u043b\u0430\u0433\u0430\u0435\u0442 <a href=\"http://shikimori.org/characters/67167-Shintaro-Kisaragi\">\u0428\u0438\u043d\u0442\u0430\u0440\u043e</a> \u043f\u0440\u0438\u0441\u043e\u0435\u0434\u0438\u043d\u0438\u0442\u044c\u0441\u044f \u043a \u043d\u0438\u043c.</p><p>\u0417\u043d\u0430\u0435\u0442\u0435 \u043b\u0438, \u043d\u0430\u0432\u0435\u0440\u043d\u043e\u0435 \u0432\u0441\u0435 \u044d\u0442\u043e \u043d\u0435 \u0441\u043b\u0443\u0447\u0430\u0439\u043d\u043e...</p>"}, "model": "apps.production", "pk": 10}, {"fields": {"avatar": "/home/ctulhu/anylist/anylist/media/21939.jpg", "old_limit": 2, "pub_date": "2014-06-08T00:00:00Z", "title": "Mushishi Zoku Shou", "genres": [3, 21, 26, 29], "description": "<p>\u0414\u0430\u0432\u043d\u044b\u043c-\u0434\u0430\u0432\u043d\u043e \u043d\u0430 \u0437\u0435\u043c\u043b\u0435 \u0431\u044b\u043b\u0438 \u0442\u043e\u043b\u044c\u043a\u043e \u043e\u043d\u0438. \u0412\u043e\u0437\u043c\u043e\u0436\u043d\u043e, \u043e\u043d\u0438 \u0441\u0443\u0449\u0435\u0441\u0442\u0432\u043e\u0432\u0430\u043b\u0438 \u0435\u0449\u0451 \u0434\u043e \u0437\u0430\u0440\u043e\u0436\u0434\u0435\u043d\u0438\u044f \u0441\u0430\u043c\u043e\u0439 \u0436\u0438\u0437\u043d\u0438, \u0445\u043e\u0442\u044f \u043e\u043d\u0438 \u0438 \u0435\u0441\u0442\u044c \u0436\u0438\u0437\u043d\u044c. \u041d\u0435 \u043f\u043e\u0445\u043e\u0436\u0438\u0435 \u043d\u0438 \u043d\u0430 \u0447\u0442\u043e. \u0418\u0441\u043f\u043e\u043a\u043e\u043d \u0432\u0435\u043a\u043e\u0432 \u043b\u044e\u0434\u0438 \u043f\u043e\u0447\u0438\u0442\u0430\u043b\u0438 \u0438 \u0431\u043e\u044f\u043b\u0438\u0441\u044c \u0438\u0445 \u0438 \u043d\u0430\u0437\u044b\u0432\u0430\u043b\u0438 \u0438\u0445 &laquo;\u041c\u0443\u0441\u0438&raquo;. \u041e\u043d\u0438 \u043c\u043e\u0433\u0443\u0442 \u0432\u043b\u0438\u044f\u0442\u044c \u043d\u0430 \u0436\u0438\u0437\u043d\u044c, \u0430 \u043c\u043e\u0433\u0443\u0442 \u043f\u0440\u043e\u0441\u0442\u043e \u043e\u0441\u0442\u0430\u0432\u0430\u0442\u044c\u0441\u044f \u0432 \u0441\u0442\u043e\u0440\u043e\u043d\u0435. \u0427\u0442\u043e\u0431\u044b \u0438\u0437\u0431\u0435\u0436\u0430\u0442\u044c \u0438\u0445 \u043f\u0430\u0433\u0443\u0431\u043d\u043e\u0433\u043e \u0432\u043e\u0437\u0434\u0435\u0439\u0441\u0442\u0432\u0438\u044f, \u043f\u043e\u044f\u0432\u0438\u043b\u0438\u0441\u044c \u043b\u044e\u0434\u0438, \u043d\u0430\u0437\u044b\u0432\u0430\u0435\u043c\u044b\u0435 \u041c\u0430\u0441\u0442\u0435\u0440\u0430 \u041c\u0443\u0441\u0438.</p><p>\u042d\u0442\u0430 \u0438\u0441\u0442\u043e\u0440\u0438\u044f \u043e\u0431 \u043e\u0434\u043d\u043e\u043c \u0438\u0437 \u0442\u0430\u043a\u0438\u0445 \u043c\u0430\u0441\u0442\u0435\u0440\u043e\u0432, <a href=\"http://shikimori.org/characters/425-Ginko\">\u0413\u0438\u043d\u043a\u043e</a>, \u043a\u043e\u0442\u043e\u0440\u044b\u0439, \u043e\u0434\u043d\u0430\u043a\u043e, \u0441\u0438\u043b\u044c\u043d\u043e \u043e\u0442\u043b\u0438\u0447\u0430\u0435\u0442\u0441\u044f \u043e\u0442 \u043e\u0441\u0442\u0430\u043b\u044c\u043d\u044b\u0445. \u0421\u043f\u043e\u043a\u043e\u0439\u043d\u044b\u0439 \u0438 \u043c\u0430\u043b\u043e\u044d\u043c\u043e\u0446\u0438\u043e\u043d\u0430\u043b\u044c\u043d\u044b\u0439, \u043e\u043d \u0441\u043b\u0435\u0434\u0443\u0435\u0442 \u0441\u0432\u043e\u0438\u043c \u0441\u043e\u0431\u0441\u0442\u0432\u0435\u043d\u043d\u044b\u043c \u0432\u043e\u0437\u0437\u0440\u0435\u043d\u0438\u044f\u043c \u0438 \u0441\u0442\u0430\u0440\u0430\u0435\u0442\u0441\u044f \u043d\u0435 \u0432\u043e\u0437\u0434\u0435\u0439\u0441\u0442\u0432\u043e\u0432\u0430\u0442\u044c \u043d\u0430 \u043c\u0438\u0440 \u041c\u0443\u0441\u0438. \u0421\u0442\u0440\u0430\u043d\u0441\u0442\u0432\u0443\u044f, \u043e\u043d \u043f\u044b\u0442\u0430\u0435\u0442\u0441\u044f \u043d\u0430\u0439\u0442\u0438 \u043e\u0442\u0432\u0435\u0442\u044b \u043d\u0430 \u0432\u043e\u043f\u0440\u043e\u0441\u044b, \u0433\u043b\u043e\u0436\u0443\u0449\u0438\u0435 \u0435\u0433\u043e \u0441 \u0434\u0435\u0442\u0441\u0442\u0432\u0430. \u041d\u043e \u0443\u0434\u0430\u0441\u0442\u0441\u044f \u043b\u0438 \u0435\u043c\u0443 \u044d\u0442\u043e?</p>"}, "model": "apps.production", "pk": 11}, {"fields": {"avatar": "/home/ctulhu/anylist/anylist/media/19815.jpg", "old_limit": 5, "pub_date": "2014-06-08T00:00:00Z", "title": "No Game No Life", "genres": [26, 29, 33, 36, 42], "description": "<p>\u0418\u0441\u0442\u043e\u0440\u0438\u044f &laquo;No Game, No Life&raquo; \u0444\u043e\u043a\u0443\u0441\u0438\u0440\u0443\u0435\u0442\u0441\u044f \u043d\u0430 <a href=\"http://shikimori.org/characters/82523-Sora\">\u0421\u043e\u0440\u0435</a> \u0438 <a href=\"http://shikimori.org/characters/82525-Shiro\">\u0428\u0438\u0440\u043e</a>, \u0431\u0440\u0430\u0442\u0435 \u0438 \u0441\u0435\u0441\u0442\u0440\u0435, \u0440\u0435\u043f\u0443\u0442\u0430\u0446\u0438\u044f \u043a\u043e\u0442\u043e\u0440\u044b\u0445 \u043a\u0430\u043a \u0431\u0435\u0437\u0443\u043f\u0440\u0435\u0447\u043d\u044b\u0445 NEET, \u0445\u0438\u043a\u0438\u043a\u043e\u043c\u043e\u0440\u0438 \u0438 \u0433\u0435\u0439\u043c\u0435\u0440\u043e\u0432 \u043f\u043e\u0440\u043e\u0434\u0438\u043b\u0430 \u043b\u0435\u0433\u0435\u043d\u0434\u044b \u043f\u043e \u0432\u0441\u0435\u043c\u0443 \u0438\u043d\u0442\u0435\u0440\u043d\u0435\u0442\u0443. \u042d\u0442\u0438 \u0434\u0432\u0430 \u0433\u0435\u0439\u043c\u0435\u0440\u0430 \u0440\u0430\u0441\u0441\u043c\u0430\u0442\u0440\u0438\u0432\u0430\u044e\u0442 \u0440\u0435\u0430\u043b\u044c\u043d\u0443\u044e \u0436\u0438\u0437\u043d\u044c \u043a\u0430\u043a \u043e\u0447\u0435\u0440\u0435\u0434\u043d\u0443\u044e &laquo;\u043e\u0442\u0441\u0442\u043e\u0439\u043d\u0443\u044e \u0438\u0433\u0440\u0443&raquo;. \u041e\u0434\u043d\u0430\u0436\u0434\u044b \u043f\u0430\u0440\u0435\u043d\u044c, \u0438\u043c\u0435\u043d\u0443\u0435\u043c\u044b\u0439 &laquo;\u0411\u043e\u0433\u043e\u043c&raquo;, \u043f\u0440\u0438\u0437\u0432\u0430\u043b \u0438\u0445 \u0432 \u0430\u043b\u044c\u0442\u0435\u0440\u043d\u0430\u0442\u0438\u0432\u043d\u044b\u0439 \u043c\u0438\u0440. \u0422\u0430\u043c \u043e\u043d \u0437\u0430\u043f\u0440\u0435\u0442\u0438\u043b \u0432\u043e\u0439\u043d\u044b \u0438 \u0437\u0430\u044f\u0432\u0438\u043b, \u0447\u0442\u043e \u044d\u0442\u043e \u043c\u0438\u0440, \u0432 \u043a\u043e\u0442\u043e\u0440\u043e\u043c &laquo;\u0432\u0441\u0451 \u0440\u0435\u0448\u0430\u044e\u0442 \u0438\u0433\u0440\u044b&raquo;, \u0434\u0430\u0436\u0435 \u043d\u0430\u0446\u0438\u043e\u043d\u0430\u043b\u044c\u043d\u044b\u0435 \u0433\u0440\u0430\u043d\u0438\u0446\u044b. \u0427\u0435\u043b\u043e\u0432\u0435\u0447\u0435\u0441\u0442\u0432\u043e \u0431\u044b\u043b\u043e \u0432\u044b\u0442\u0435\u0441\u043d\u0435\u043d\u043e \u0434\u0440\u0443\u0433\u0438\u043c\u0438 \u0440\u0430\u0441\u0430\u043c\u0438 \u0432 \u0435\u0434\u0438\u043d\u0441\u0442\u0432\u0435\u043d\u043d\u044b\u0439 \u043e\u0441\u0442\u0430\u0432\u0448\u0438\u0439\u0441\u044f \u0433\u043e\u0440\u043e\u0434. \u0421\u0442\u0430\u043d\u0443\u0442 \u043b\u0438 \u043d\u0438 \u043d\u0430 \u0447\u0442\u043e \u043d\u0435 \u0433\u043e\u0434\u043d\u044b\u0435 <a href=\"http://shikimori.org/characters/82523-Sora\">\u0421\u043e\u0440\u0430</a> \u0438 <a href=\"http://shikimori.org/characters/82525-Shiro\">\u0428\u0438\u0440\u043e</a> &laquo;\u0441\u043f\u0430\u0441\u0438\u0442\u0435\u043b\u044f\u043c\u0438 \u0447\u0435\u043b\u043e\u0432\u0435\u0447\u0435\u0441\u0442\u0432\u0430&raquo; \u0432 \u044d\u0442\u043e\u043c \u0430\u043b\u044c\u0442\u0435\u0440\u043d\u0430\u0442\u0438\u0432\u043d\u043e\u043c \u043c\u0438\u0440\u0435?</p><p>&laquo;\u041d\u0443 \u0447\u0442\u043e \u0436, \u043d\u0430\u0447\u043d\u0451\u043c \u0438\u0433\u0440\u0443.&raquo;</p>"}, "model": "apps.production", "pk": 12}, {"fields": {"avatar": "/home/ctulhu/anylist/anylist/media/21561.jpg", "old_limit": 1, "pub_date": "2014-06-08T00:00:00Z", "title": "Ryuugajou Nanana no Maizoukin (TV)", "genres": [29, 42, 43], "description": "<p>\u0418\u0441\u0442\u043e\u0440\u0438\u044f \u0441\u043e\u0441\u0440\u0435\u0434\u043e\u0442\u0430\u0447\u0438\u0432\u0430\u0435\u0442\u0441\u044f \u0432\u043e\u043a\u0440\u0443\u0433 \u0441\u043e\u043a\u0440\u043e\u0432\u0438\u0449\u0430 <a href=\"http://shikimori.org/characters/96777-Nanana-Ryuugajou\">\u041d\u0430\u043d\u0430\u043d\u044b</a> &ndash; \u043f\u0440\u0438\u0437\u0440\u0430\u043a\u0430 \u043f\u0440\u0435\u043a\u0440\u0430\u0441\u043d\u043e\u0439 \u0434\u0435\u0432\u0443\u0448\u043a\u0438, \u043d\u0435\u043a\u043e\u0433\u0434\u0430 \u0431\u044b\u0432\u0448\u0435\u0439 NEET-\u043e\u043c.</p><p>\u041e\u0442\u0435\u0446 \u0414\u0437\u044e\u0433\u043e \u043e\u0442\u043a\u0430\u0437\u0430\u043b\u0441\u044f \u043e\u0442 \u043d\u0435\u0433\u043e, \u0438\u0437-\u0437\u0430 \u0447\u0435\u0433\u043e \u043f\u0430\u0440\u0435\u043d\u044c \u0432\u044b\u043d\u0443\u0436\u0434\u0435\u043d \u0431\u044b\u043b \u043f\u0435\u0440\u0435\u0432\u0435\u0441\u0442\u0438\u0441\u044c \u0432 &laquo;\u0421\u043f\u0435\u0446\u0438\u0430\u043b\u044c\u043d\u0443\u044e \u0441\u0442\u0443\u0434\u0435\u043d\u0447\u0435\u0441\u043a\u0443\u044e \u0437\u043e\u043d\u0443&raquo;, \u044f\u0432\u043b\u044f\u044e\u0449\u0443\u044e\u0441\u044f \u0438\u0441\u043a\u0443\u0441\u0441\u0442\u0432\u0435\u043d\u043d\u044b\u043c \u043e\u0441\u0442\u0440\u043e\u0432\u043e\u043c. \u041d\u0430 \u0436\u0438\u0437\u043d\u044c \u0433\u043b\u0430\u0432\u043d\u043e\u043c\u0443 \u0433\u0435\u0440\u043e\u044e \u043e\u0442\u0432\u0435\u0434\u0435\u043d\u043e \u043b\u0438\u0448\u044c 40 \u0442\u044b\u0441\u044f\u0447 \u0438\u0435\u043d \u0432 \u043c\u0435\u0441\u044f\u0446, \u043f\u043e\u044d\u0442\u043e\u043c\u0443 \u0414\u0437\u044e\u0433\u043e \u0430\u0440\u0435\u043d\u0434\u0443\u0435\u0442 \u0441\u0430\u043c\u0443\u044e \u0434\u0435\u0448\u0435\u0432\u0443\u044e \u043a\u0432\u0430\u0440\u0442\u0438\u0440\u0443. \u0418\u043c\u0435\u043d\u043d\u043e \u044d\u0442\u0443 \u043a\u0432\u0430\u0440\u0442\u0438\u0440\u0443 \u043e\u0431\u043b\u044e\u0431\u043e\u0432\u0430\u043b\u0430 \u0434\u043b\u044f \u0441\u0435\u0431\u044f <a href=\"http://shikimori.org/characters/96777-Nanana-Ryuugajou\">\u041d\u0430\u043d\u0430\u043d\u0430</a> \u0435\u0449\u0435 \u0437\u0430\u0434\u043e\u043b\u0433\u043e \u0434\u043e \u0437\u0430\u0441\u0435\u043b\u0435\u043d\u0438\u044f \u0414\u0437\u044e\u0433\u043e; \u0437\u0434\u0435\u0441\u044c \u0436\u0435 \u0438 \u043f\u0440\u043e\u0438\u0441\u0445\u043e\u0434\u0438\u0442 \u0438\u0445 \u043f\u0435\u0440\u0432\u0430\u044f \u0432\u0441\u0442\u0440\u0435\u0447\u0430.</p><p>\u0412\u043c\u0435\u0441\u0442\u0435 \u0441\u043e \u0441\u0432\u043e\u0438\u043c\u0438 \u043e\u0434\u043d\u043e\u043a\u043b\u0430\u0441\u0441\u043d\u0438\u043a\u0430\u043c\u0438, \u0447\u043b\u0435\u043d\u0430\u043c\u0438 \u043a\u043b\u0443\u0431\u0430 \u043f\u0440\u0438\u043a\u043b\u044e\u0447\u0435\u043d\u0438\u0439, \u0414\u0437\u044e\u0433\u043e \u043d\u0430\u0447\u0438\u043d\u0430\u0435\u0442 \u0438\u0441\u043a\u0430\u0442\u044c \u043d\u0430 \u043e\u0441\u0442\u0440\u043e\u0432\u0435 \u0441\u043e\u043a\u0440\u043e\u0432\u0438\u0449\u0435 &laquo;\u041a\u043e\u043b\u043b\u0435\u043a\u0446\u0438\u044f <a href=\"http://shikimori.org/characters/96777-Nanana-Ryuugajou\">\u041d\u0430\u043d\u0430\u043d\u044b</a>&raquo;, \u043a\u043e\u0442\u043e\u0440\u043e\u0435 \u0434\u043e\u043b\u0436\u043d\u043e \u043e\u0431\u043b\u0430\u0434\u0430\u0442\u044c \u043c\u0438\u0441\u0442\u0438\u0447\u0435\u0441\u043a\u043e\u0439 \u0441\u0438\u043b\u043e\u0439.</p>"}, "model": "apps.production", "pk": 13}, {"fields": {"avatar": "/home/ctulhu/anylist/anylist/media/22273.jpg", "old_limit": 2, "pub_date": "2014-06-08T00:00:00Z", "title": "Selector Infected WIXOSS", "genres": [14, 15, 27], "description": "<p>WIXOSS - \u044d\u0442\u043e \u043e\u0447\u0435\u043d\u044c \u043f\u043e\u043f\u0443\u043b\u044f\u0440\u043d\u0430\u044f \u043a\u0430\u0440\u0442\u043e\u0447\u043d\u0430\u044f \u0438\u0433\u0440\u0430 \u0441\u0440\u0435\u0434\u0438 \u0434\u0435\u0432\u043e\u0447\u0435\u043a \u0432 \u042f\u043f\u043e\u043d\u0438\u0438. \u0413\u043e\u0432\u043e\u0440\u044f\u0442, \u0447\u0442\u043e \u0432 \u044d\u0442\u043e\u0439 \u0438\u0433\u0440\u0435 \u0441\u0443\u0449\u0435\u0441\u0442\u0432\u0443\u0435\u0442 \u043e\u0441\u043e\u0431\u0435\u043d\u043d\u044b\u0439 \u0432\u0438\u0434 \u043a\u0430\u0440\u0442 - &laquo;\u0420\u0443\u043b\u0438\u0433&raquo;, \u0441 \u0436\u0438\u0432\u044b\u043c\u0438 \u0436\u0435\u043d\u0441\u043a\u0438\u043c\u0438 \u043f\u0435\u0440\u0441\u043e\u043d\u0430\u0436\u0430\u043c\u0438, \u043a\u043e\u0442\u043e\u0440\u044b\u0435 \u0438\u043c\u0435\u044e\u0442 \u0441\u043e\u0431\u0441\u0442\u0432\u0435\u043d\u043d\u0443\u044e \u0432\u043e\u043b\u044e \u0438 \u0436\u0435\u043b\u0430\u043d\u0438\u044f. \u041e\u0431\u043b\u0430\u0434\u0430\u0442\u0435\u043b\u0435\u0439 \u0442\u0430\u043a\u0438\u0445 \u043a\u0430\u0440\u0442 \u043d\u0430\u0437\u044b\u0432\u0430\u044e\u0442 &laquo;\u0421\u0435\u043b\u0435\u043a\u0442\u043e\u0440\u0430\u043c\u0438&raquo;, \u0438 \u0442\u043e\u043b\u044c\u043a\u043e \u043e\u043d\u0438 \u043c\u043e\u0433\u0443\u0442 \u0432\u0438\u0434\u0435\u0442\u044c \u0438 \u0441\u043b\u044b\u0448\u0430\u0442\u044c \u044d\u0442\u0438\u0445 \u043f\u0435\u0440\u0441\u043e\u043d\u0430\u0436\u0435\u0439. \u0421 \u043f\u043e\u043c\u043e\u0449\u044c\u044e \u0434\u0430\u043d\u043d\u044b\u0445 \u043a\u0430\u0440\u0442 \u0438\u0433\u0440\u043e\u043a\u0438 \u043c\u043e\u0433\u0443\u0442 \u043f\u0435\u0440\u0435\u043c\u0435\u0449\u0430\u0442\u044c\u0441\u044f \u0432 \u043d\u0435\u0434\u043e\u0441\u0442\u0443\u043f\u043d\u043e\u0435 \u0434\u043b\u044f \u043e\u0441\u0442\u0430\u043b\u044c\u043d\u044b\u0445 \u043b\u044e\u0434\u0435\u0439 \u043f\u0430\u0440\u0430\u043b\u043b\u0435\u043b\u044c\u043d\u043e\u0435 \u0438\u0437\u043c\u0435\u0440\u0435\u043d\u0438\u0435, \u0432 \u043a\u043e\u0442\u043e\u0440\u043e\u043c \u043f\u0440\u043e\u0432\u043e\u0434\u044f\u0442\u0441\u044f \u0441\u0440\u0430\u0436\u0435\u043d\u0438\u044f. \u041f\u043e\u0431\u0435\u0434\u0438\u0442\u0435\u043b\u044c\u043d\u0438\u0446\u0430 \u0438\u0433\u0440\u044b \u0441\u0442\u0430\u043d\u0435\u0442 \u0414\u0435\u0432\u043e\u0439 \u0413\u0440\u0451\u0437 \u0438 \u0441\u043c\u043e\u0436\u0435\u0442 \u0432\u043e\u043f\u043b\u043e\u0442\u0438\u0442\u044c \u0441\u0432\u043e\u0451 \u0441\u0430\u043c\u043e\u0435 \u0441\u043e\u043a\u0440\u043e\u0432\u0435\u043d\u043d\u043e\u0435 \u0436\u0435\u043b\u0430\u043d\u0438\u0435.</p><p><a href=\"http://shikimori.org/characters/99833-Ruuko-Kominato\">\u0420\u0443\u043a\u043e \u041a\u043e\u043c\u0438\u043d\u0430\u0442\u043e</a> - \u0442\u0438\u0445\u0430\u044f \u0438 \u0441\u0442\u0435\u0441\u043d\u0438\u0442\u0435\u043b\u044c\u043d\u0430\u044f \u0432\u043e\u0441\u044c\u043c\u0438\u043a\u043b\u0430\u0441\u0441\u043d\u0438\u0446\u0430, \u043f\u043e\u043b\u0443\u0447\u0438\u0432 \u0432 \u043f\u043e\u0434\u0430\u0440\u043e\u043a \u043e\u0442 \u0431\u0440\u0430\u0442\u0430 \u043a\u043e\u0440\u043e\u0431\u043a\u0443 \u0441 WIXOSS, \u0441\u0442\u0430\u043d\u043e\u0432\u0438\u0442\u0441\u044f \u043f\u043e\u0441\u043b\u0435\u0434\u043d\u0438\u043c &laquo;\u0421\u0435\u043b\u0435\u043a\u0442\u043e\u0440\u043e\u043c&raquo;. \u0418 \u0442\u0435\u043f\u0435\u0440\u044c \u043e\u043d\u0430, \u0431\u0435\u0437 \u043a\u0430\u043a\u0438\u0445-\u043b\u0438\u0431\u043e \u0432\u043e\u043f\u0440\u043e\u0441\u043e\u0432, \u0432\u043c\u0435\u0441\u0442\u0435 \u0441\u043e \u0441\u0432\u043e\u0438\u043c \u043a\u0430\u0440\u0442\u043e\u0447\u043d\u044b\u043c \u043f\u0435\u0440\u0441\u043e\u043d\u0430\u0436\u0435\u043c, \u0422\u0430\u043c\u043e\u0439, \u0431\u0443\u0434\u0435\u0442 \u0443\u0447\u0430\u0441\u0442\u0432\u043e\u0432\u0430\u0442\u044c \u0432 \u044d\u0442\u043e\u0439 \u0436\u0435\u0441\u0442\u043e\u043a\u043e\u0439 \u0438\u0433\u0440\u0435!</p>"}, "model": "apps.production", "pk": 14}, {"fields": {"avatar": "/home/ctulhu/anylist/anylist/media/19775.jpg", "old_limit": 2, "pub_date": "2014-06-08T00:00:00Z", "title": "Sidonia no Kishi", "genres": [3, 17, 20, 32, 34], "description": "<p>\u041f\u0440\u043e\u0448\u043b\u043e \u0442\u044b\u0441\u044f\u0447\u0443 \u043b\u0435\u0442 \u0441 \u0442\u0435\u0445 \u043f\u043e\u0440, \u043a\u0430\u043a \u0421\u043e\u043b\u043d\u0435\u0447\u043d\u0443\u044e \u0441\u0438\u0441\u0442\u0435\u043c\u0443 \u0443\u043d\u0438\u0447\u0442\u043e\u0436\u0438\u043b\u0430 \u043d\u0435\u0438\u0437\u0432\u0435\u0441\u0442\u043d\u0430\u044f \u0440\u0430\u0441\u0430 \u0413\u0430\u0443\u043d\u0430. \u042d\u0442\u043e \u0433\u0438\u0433\u0430\u043d\u0442\u0441\u043a\u0438\u0435, \u043f\u0440\u0430\u043a\u0442\u0438\u0447\u0435\u0441\u043a\u0438 \u043d\u0435\u0443\u044f\u0437\u0432\u0438\u043c\u044b\u0435 \u0442\u0432\u0430\u0440\u0438, \u043d\u0435 \u0438\u043c\u0435\u044e\u0449\u0438\u0435 \u0440\u0430\u0437\u0443\u043c\u0430. \u0412\u044b\u0436\u0438\u0432\u0448\u0435\u0435 \u043d\u0430\u0441\u0435\u043b\u0435\u043d\u0438\u0435 \u0417\u0435\u043c\u043b\u0438 \u0441\u0431\u0435\u0436\u0430\u043b\u043e \u0438\u0437 \u0421\u043e\u043b\u043d\u0435\u0447\u043d\u043e\u0439 \u0441\u0438\u0441\u0442\u0435\u043c\u044b \u043d\u0430 \u043a\u043e\u0441\u043c\u0438\u0447\u0435\u0441\u043a\u0438\u0445 \u043a\u043e\u0440\u0430\u0431\u043b\u044f\u0445 &laquo;\u0421\u0438\u0434\u043e\u043d\u0438\u044f&raquo;, \u043a\u043e\u0442\u043e\u0440\u044b\u0435 \u043f\u043e\u0437\u0432\u043e\u043b\u0438\u043b\u0438 \u0441\u043e\u0445\u0440\u0430\u043d\u0438\u0442\u044c \u0447\u0435\u043b\u043e\u0432\u0435\u0447\u0435\u0441\u043a\u0438\u0439 \u0440\u043e\u0434. \u041f\u0443\u0442\u0435\u0448\u0435\u0441\u0442\u0432\u0443\u044f \u0432 \u043f\u0440\u043e\u0441\u0442\u0440\u0430\u043d\u0441\u0442\u0432\u0435 \u0438 \u0441\u043f\u0430\u0441\u0430\u044f\u0441\u044c \u043e\u0442 \u043f\u0440\u0435\u0441\u043b\u0435\u0434\u043e\u0432\u0430\u043d\u0438\u044f \u0438\u043d\u043e\u043f\u043b\u0430\u043d\u0435\u0442\u043d\u044b\u0445 \u0441\u0443\u0449\u0435\u0441\u0442\u0432, \u043b\u044e\u0434\u0438 \u043d\u0430\u0443\u0447\u0438\u043b\u0438\u0441\u044c \u0441\u0442\u0440\u043e\u0438\u0442\u044c \u043f\u0438\u043b\u043e\u0442\u0438\u0440\u0443\u0435\u043c\u044b\u0435 \u043c\u0435\u0445\u0430\u043d\u0438\u0437\u043c\u044b \u0434\u043b\u044f \u0441\u0432\u043e\u0435\u0439 \u0437\u0430\u0449\u0438\u0442\u044b.</p><p><br />\u0412\u0441\u044f \u0436\u0438\u0437\u043d\u044c <a href=\"http://shikimori.org/characters/22249-Nagate-Tanikaze\">\u041d\u0430\u0433\u0430\u0442\u0435 \u0422\u0430\u043d\u0438\u043a\u0430\u0434\u0437\u0435</a> \u043f\u0440\u043e\u0448\u043b\u0430 \u0432 \u0438\u0437\u043e\u043b\u044f\u0446\u0438\u0438 \u043d\u0430 \u043a\u043e\u0441\u043c\u0438\u0447\u0435\u0441\u043a\u043e\u043c \u043a\u043e\u0440\u0430\u0431\u043b\u0435. \u041f\u043e\u0441\u043b\u0435 \u0435\u0433\u043e \u043e\u0431\u043d\u0430\u0440\u0443\u0436\u0435\u043d\u0438\u044f \u0432 \u043d\u0435\u043c \u0431\u044b\u043b \u0437\u0430\u043c\u0435\u0447\u0435\u043d \u0442\u0430\u043b\u0430\u043d\u0442 \u043a \u0443\u043f\u0440\u0430\u0432\u043b\u0435\u043d\u0438\u044e \u0431\u043e\u0435\u0432\u044b\u043c\u0438 \u043c\u0435\u0445\u0430\u043d\u0438\u0437\u043c\u0430\u043c\u0438, \u0438 \u043e\u043d \u043d\u0430\u0447\u0430\u043b \u043e\u0431\u0443\u0447\u0430\u0442\u044c\u0441\u044f \u043f\u0438\u043b\u043e\u0442\u0438\u0440\u043e\u0432\u0430\u043d\u0438\u044e. \u0422\u0435\u043f\u0435\u0440\u044c \u043e\u043d \u0438 \u0435\u0433\u043e \u043a\u043e\u043b\u043b\u0435\u0433\u0438-\u043f\u0438\u043b\u043e\u0442\u044b \u0432\u0435\u0434\u0443\u0442 \u0442\u044f\u0436\u0435\u043b\u0443\u044e \u0438 \u043e\u043f\u0430\u0441\u043d\u0443\u044e \u0432\u043e\u0439\u043d\u0443 \u043f\u0440\u043e\u0442\u0438\u0432 \u0413\u0430\u0443\u043d\u0430, \u0431\u043e\u0440\u044f\u0441\u044c \u0437\u0430 \u0432\u044b\u0436\u0438\u0432\u0430\u043d\u0438\u0435 \u0447\u0435\u043b\u043e\u0432\u0435\u0447\u0435\u0441\u0442\u0432\u0430.</p>"}, "model": "apps.production", "pk": 15}, {"fields": {"avatar": "/home/ctulhu/anylist/anylist/media/731.jpg", "old_limit": 2, "pub_date": "2014-06-08T22:58:25.769Z", "title": "Eden: It's an Endless World!", "genres": [14, 27, 32, 34, 35], "description": "<p>\u0418\u0437-\u0437\u0430 \u043f\u0430\u043d\u0438\u043a\u0438 \u0432 \u0441\u0432\u044f\u0437\u0438 \u0441 \u043d\u043e\u0432\u044b\u043c \u0437\u0430\u0431\u043e\u043b\u0435\u0432\u0430\u043d\u0438\u0435\u043c, \u0441\u0440\u0430\u0432\u043d\u0438\u043c\u044b\u043c \u0441 \u0447\u0443\u043c\u043e\u0439 \u0438 \u0443\u043d\u0435\u0441\u0448\u0438\u043c \u0436\u0438\u0437\u043d\u0438 15% \u043d\u0430\u0441\u0435\u043b\u0435\u043d\u0438\u044f \u0417\u0435\u043c\u043b\u0438, \u043c\u0438\u0440 \u043f\u043e\u0433\u0440\u0443\u0436\u0430\u0435\u0442\u0441\u044f \u0432 \u0445\u0430\u043e\u0441. \u041f\u0440\u043e\u0441\u0442\u0438\u0442\u0443\u0446\u0438\u044f, \u043d\u0430\u0440\u043a\u043e\u0442\u0438\u043a\u0438, \u043a\u043e\u0440\u0440\u0443\u043f\u0446\u0438\u044f, \u0440\u0435\u043a\u0438 \u043a\u0440\u043e\u0432\u0438, \u043f\u0440\u0435\u0434\u0430\u0442\u0435\u043b\u044c\u0441\u0442\u0432\u0430 \u0438 \u0432\u0441\u0451, \u0447\u0442\u043e \u0442\u043e\u043b\u044c\u043a\u043e \u043c\u043e\u0436\u043d\u043e \u0441\u0435\u0431\u0435 \u043f\u0440\u0435\u0434\u0441\u0442\u0430\u0432\u0438\u0442\u044c. \u0421\u0443\u0449\u0435\u0441\u0442\u0432\u0443\u0435\u0442 \u043b\u0438 \u0435\u0449\u0451 \u0433\u0434\u0435-\u0442\u043e \u0432 \u044d\u0442\u043e\u043c \u043c\u0438\u0440\u0435 \u042d\u0434\u0435\u043c?</p>"}, "model": "apps.production", "pk": 16}, {"fields": {"avatar": "/home/ctulhu/anylist/anylist/media/271_o.jpg", "old_limit": 2, "pub_date": "2014-06-10T11:30:32.648Z", "title": "Fisheye Placebo", "genres": [27, 32], "description": "<p>\u0412 \u0436\u0438\u0437\u043d\u0438 \u043f\u043e\u0434 \u0430\u0432\u0442\u043e\u0440\u0438\u0442\u0430\u0440\u043d\u044b\u043c \u0440\u0435\u0436\u0438\u043c\u043e\u043c \u043d\u0435\u0442 \u043d\u0438\u0447\u0435\u0433\u043e \u0445\u043e\u0440\u043e\u0448\u0435\u0433\u043e. \u041d\u0438 \u0442\u0435\u0431\u0435 Facebook&rsquo;a, &nbsp;\u043d\u0438\u043a\u0430\u043a\u043e\u0433\u043e YouTube \u0438 \u043d\u0438\u043a\u0430\u043a\u043e\u0433\u043e \u043f\u043e\u0440\u043d\u043e. \u0412\u0430\u043d\u0441 - \u043c\u043e\u043b\u043e\u0434\u043e\u0439, \u043d\u043e \u0432 \u0442\u043e\u0436\u0435 \u0432\u0440\u0435\u043c\u044f \u0443\u043c\u0435\u043b\u044b\u0439 \u0445\u0430\u043a\u0435\u0440, \u043a\u043e\u0442\u043e\u0440\u044b\u0439 \u043f\u0440\u043e\u0433\u0443\u043b\u0438\u0432\u0430\u0435\u0442\u0441\u044f \u043f\u043e \u043f\u0430\u0440\u043a\u0443, \u043f\u0440\u0438 \u044d\u0442\u043e\u043c \u0432\u0437\u043b\u0430\u043c\u044b\u0432\u0430\u044f \u043c\u043e\u0449\u043d\u044b\u0439 \u0411\u0440\u0430\u043d\u0434\u043c\u0430\u0443\u044d\u0440. \u0412 \u044d\u0442\u043e\u0442 \u043c\u0438\u0433 \u043e\u043d \u043a\u043e\u0435-\u0447\u0442\u043e \u043f\u043e\u043d\u0438\u043c\u0430\u0435\u0442. \u041e\u0441\u043e\u0437\u043d\u0430\u0435\u0442, \u0447\u0442\u043e \u0435\u043c\u0443 \u0447\u0435\u0433\u043e-\u0442\u043e \u043d\u0435 \u0445\u0432\u0430\u0442\u0430\u0435\u0442.</p><p>-\u0410, \u043c\u043e\u0436\u0435\u0442, \u0434\u0435\u0432\u0443\u0448\u043a\u0438?</p><p>\u0422\u043e\u0433\u0434\u0430, \u0432\u043e\u0437\u043c\u043e\u0436\u043d\u043e, \u043d\u0435\u0442 \u043d\u0438\u0447\u0435\u0433\u043e \u0441\u0442\u0440\u0430\u043d\u043d\u043e\u0433\u043e \u0432 \u0442\u043e\u043c, \u0447\u0442\u043e\u0431\u044b \u0432\u0437\u043b\u043e\u043c\u0430\u0442\u044c \u0441\u0435\u0440\u0432\u0435\u0440 \u0443\u043d\u0438\u0432\u0435\u0440\u0441\u0438\u0442\u0435\u0442\u0430 \u0438 \u043f\u043e\u0441\u0435\u043b\u0438\u0442\u044c \u0440\u044f\u0434\u043e\u043c \u0441 \u0441\u043e\u0431\u043e\u0439 \u0445\u043e\u0440\u043e\u0448\u0443\u044e \u0434\u0435\u0432\u0443\u0448\u043a\u0443, \u0432\u0435\u0440\u043d\u043e? \u041d\u043e \u0441\u0443\u0434\u044c\u0431\u0430 - \u0432\u0435\u0449\u044c \u0434\u043e\u0432\u043e\u043b\u044c\u043d\u043e \u0441\u0442\u0440\u0430\u043d\u043d\u0430\u044f. \u0422\u0435\u043f\u0435\u0440\u044c \u0443 \u0412\u0430\u043d\u0441\u0430 \u043a\u0443\u0447\u0430 \u043f\u0440\u043e\u0431\u043b\u0435\u043c.</p>"}, "model": "apps.production", "pk": 17}, {"fields": {"avatar": "/home/ctulhu/anylist/anylist/media/999_o.jpg", "old_limit": 1, "pub_date": "2014-06-10T11:36:40.867Z", "title": "Pluto", "genres": [3, 14, 20, 21, 24, 27], "description": "<p>\u041a\u0442\u043e-\u0442\u043e \u0443\u0431\u0438\u0432\u0430\u0435\u0442 \u043b\u044e\u0434\u0435\u0439 \u0438 \u043e\u0434\u0438\u043d \u0437\u0430 \u0434\u0440\u0443\u0433\u0438\u043c \u0443\u043d\u0438\u0447\u0442\u043e\u0436\u0430\u0435\u0442 \u0441\u0435\u043c\u0435\u0440\u044b\u0445 \u0441\u0438\u043b\u044c\u043d\u0435\u0439\u0448\u0438\u0445 \u0432 \u043c\u0438\u0440\u0435 \u0440\u043e\u0431\u043e\u0442\u043e\u0432, \u0436\u0435\u0441\u0442\u043e\u043a\u043e \u0432\u044b\u0432\u043e\u0434\u0438\u0442 \u0438\u0437 \u0441\u0442\u0440\u043e\u044f \u0431\u0435\u0437 \u043a\u0430\u043a\u0438\u0445-\u043b\u0438\u0431\u043e \u043f\u0440\u043e\u0432\u043e\u043a\u0430\u0446\u0438\u0439 \u0441 \u0438\u0445 \u0441\u0442\u043e\u0440\u043e\u043d\u044b.<br />\u0413\u0435\u0437\u0438\u0445\u0442 - \u0440\u043e\u0431\u043e\u0442-\u0434\u0435\u0442\u0435\u043a\u0442\u0438\u0432 \u0438\u0437 \u0415\u0432\u0440\u043e\u043f\u043e\u043b\u0430 - \u0440\u0430\u0441\u0441\u043b\u0435\u0434\u0443\u0435\u0442 \u0447\u0435\u0440\u0435\u0434\u0443 \u0437\u0430\u0433\u0430\u0434\u043e\u0447\u043d\u044b\u0445 \u0443\u0431\u0438\u0439\u0441\u0442\u0432, \u043d\u043e \u0434\u0435\u043b\u043e \u0441\u0442\u0430\u043d\u043e\u0432\u0438\u0442\u0441\u044f \u0435\u0449\u0451 \u0431\u043e\u043b\u0435\u0435 \u0437\u0430\u043f\u0443\u0442\u0430\u043d\u043d\u044b\u043c, \u043a\u043e\u0433\u0434\u0430 \u043e\u043d \u043d\u0430\u0447\u0438\u043d\u0430\u0435\u0442 \u043f\u043e\u0434\u043e\u0437\u0440\u0435\u0432\u0430\u0442\u044c, \u0447\u0442\u043e \u043f\u0440\u0435\u0441\u0442\u0443\u043f\u043b\u0435\u043d\u0438\u044f \u0441\u043e\u0432\u0435\u0440\u0448\u0430\u0435\u0442 \u043d\u0435 \u0447\u0435\u043b\u043e\u0432\u0435\u043a.<br />\u0413\u0435\u0437\u0438\u0445\u0442 \u043f\u0440\u043e\u0442\u0438\u0432\u043e\u0441\u0442\u043e\u0438\u0442 \u0441\u0438\u043b\u044c\u043d\u043e\u043c\u0443 \u0438 \u043d\u0435\u0443\u043b\u043e\u0432\u0438\u043c\u043e\u043c\u0443 \u043f\u0440\u043e\u0442\u0438\u0432\u043d\u0438\u043a\u0443, \u043e \u043a\u043e\u0442\u043e\u0440\u043e\u043c \u043f\u0440\u0430\u043a\u0442\u0438\u0447\u0435\u0441\u043a\u0438 \u043d\u0438\u0447\u0435\u0433\u043e \u043d\u0435 \u0437\u043d\u0430\u0435\u0442, \u043a\u0430\u043a \u0432\u0434\u0440\u0443\u0433 \u0435\u043c\u0443 \u043d\u0430\u0447\u0438\u043d\u0430\u044e\u0442 \u0441\u043d\u0438\u0442\u044c\u0441\u044f \u0441\u0442\u0440\u0430\u043d\u043d\u044b\u0435 \u0441\u043d\u044b, \u043f\u0440\u043e\u0431\u0443\u0436\u0434\u0430\u044e\u0449\u0438\u0435 \u0432 \u0435\u0433\u043e \u0434\u0443\u0448\u0435 \u0442\u0440\u0435\u0432\u043e\u0436\u043d\u044b\u0435 \u0432\u043e\u0441\u043f\u043e\u043c\u0438\u043d\u0430\u043d\u0438\u044f.</p>"}, "model": "apps.production", "pk": 18}, {"fields": {"avatar": "/home/ctulhu/anylist/anylist/media/632_o.jpg", "old_limit": 1, "pub_date": "2014-06-10T11:51:06.883Z", "title": "Knite", "genres": [1, 14, 24, 41], "description": "<p>\u041d\u043e\u0447\u043d\u043e\u0435 \u0447\u0435\u0440\u043d\u043e\u0435 \u043d\u0435\u0431\u043e, \u043e\u043a\u0443\u0442\u0430\u043d\u043d\u043e\u0435 \u0442\u0443\u043c\u0430\u043d\u043e\u043c \u0441\u0430\u0436\u0438 \u0438 \u0442\u043e\u043a\u0441\u0438\u043d\u043e\u0432. \u0425\u0438\u043c\u0438\u043a\u0430\u0442\u044b \u043f\u0440\u043e\u043c\u044b\u0448\u043b\u0435\u043d\u043d\u043e\u0439 \u0440\u0435\u0432\u043e\u043b\u044e\u0446\u0438\u0438 \u0432 \u041a\u0438\u0442\u0430\u0435 \u043a\u043e\u0442\u043e\u0440\u044b\u0435 \u0432 \u0441\u0432\u043e\u044e \u043e\u0447\u0435\u0440\u0435\u0434\u044c, \u043d\u0435\u043f\u0440\u0435\u0440\u044b\u0432\u043d\u043e,\u0437\u0430\u0441\u0442\u0430\u0432\u043b\u044f\u044f \u0438\u0445 \u0438\u0434\u0442\u0438 \u0432\u0432\u0435\u0440\u0445, \u043f\u043e\u043a\u0430 \u043d\u0435\u0431\u0435\u0441\u043d\u044b\u0435 \u043e\u0433\u043d\u0438 \u043e\u0437\u0430\u0440\u044f\u044e\u0442\u0441\u044f \u0441\u0435\u0440\u044b\u043c \u0446\u0432\u0435\u0442\u043e\u043c, \u0438 \u0438\u0441\u0447\u0435\u0437\u0430\u044e\u0442... \u041d\u043e \u0432 \u044d\u0442\u0443 \u043d\u043e\u0447\u044c \u0431\u0443\u0434\u0443\u0442 \u0437\u0432\u0435\u0437\u0434\u044b.\u041a\u043d\u0438\u0442\u0435\u0441 \u0441\u0434\u0435\u043b\u0430\u043b \u0441\u0432\u043e\u0435\u0439 \u043c\u0438\u0441\u0441\u0438\u0435\u0439 \u043f\u0440\u0438\u043d\u0435\u0441\u0442\u0438 \u0437\u0432\u0435\u0437\u0434\u044b \u043e\u0431\u0440\u0430\u0442\u043d\u043e \u0432 \u043d\u043e\u0447\u044c \u041a\u0438\u0442\u0430\u044f, \u0441\u0432\u0438\u0441\u0430\u044e\u0449\u0438\u0435 \u0441 \u0445\u0432\u043e\u0441\u0442\u043e\u0432 \u0432\u043e\u0437\u0434\u0443\u0448\u043d\u044b\u0445 \u0437\u043c\u0435\u0435\u0432. \u041d\u0435\u043a\u043e\u0442\u043e\u0440\u044b\u0435 \u043d\u0430\u0437\u044b\u0432\u0430\u044e\u0442 \u044d\u0442\u043e \u0433\u043b\u0443\u043f\u043e\u0441\u0442\u044c\u044e - \u043f\u0435\u0440\u0441\u043e\u043d\u0438\u0444\u0438\u0446\u0438\u0440\u043e\u0432\u0430\u043d\u043d\u043e\u043c \u0438\u0434\u0435\u0430\u043b\u043e\u043c, \u043d\u0430\u0438\u0432\u043d\u043e\u0433\u043e \u043c\u043e\u043b\u043e\u0434\u043e\u0433\u043e \u043c\u0435\u0447\u0442\u0430\u0442\u0435\u043b\u044f. \u0414\u0440\u0443\u0433\u0438\u0435 \u043d\u0430\u0439\u0434\u0443\u0442 \u043d\u0430\u0434\u0435\u0436\u0434\u0443 \u0432 \u041a\u043d\u0438\u0442\u0435\u0441\u0435 &quot;\u0440\u0430\u0431\u043e\u0442\u0430, \u0437\u0430 \u043c\u0435\u0447\u0442\u044b, \u0447\u0442\u043e \u043a\u043e\u0433\u0434\u0430-\u043d\u0438\u0431\u0443\u0434\u044c \u0441\u043d\u0438\u043c\u0435\u0442 \u0441\u0430\u0432\u0430\u043d, \u0438 \u043b\u044e\u0434\u0438 \u0431\u0443\u0434\u0443\u0442 \u0432\u0438\u0434\u0435\u0442\u044c \u0434\u0430\u043b\u044c\u0448\u0435 \u0432\u043e\u0437\u0432\u044b\u0448\u0430\u044e\u0449\u0438\u0445\u0441\u044f \u0437\u0430\u0432\u043e\u0434\u043e\u0432 \u0438 \u043c\u043e\u043d\u043e\u043b\u0438\u0442\u043e\u0432 \u043f\u0440\u043e\u043c\u044b\u0448\u043b\u0435\u043d\u043d\u043e\u0441\u0442\u0438 \u0438 \u043f\u043e\u0434\u043d\u0438\u043c\u0443\u0442 \u0432\u0437\u043e\u0440 \u043a \u043d\u0430\u0441\u0442\u043e\u044f\u0449\u0438\u043c \u0437\u0432\u0435\u0437\u0434\u0430\u043c \u0435\u0449\u0435 \u0440\u0430\u0437&quot;. \u0414\u043e \u044d\u0442\u043e\u0433\u043e \u0434\u043d\u044f \u0438\u043c \u043e\u0441\u0442\u0430\u0435\u0442\u0441\u044f \u043d\u0430\u0434\u0435\u044f\u0442\u044c\u0441\u044f \u0447\u0442\u043e \u0438\u0445 \u043d\u0430\u0434\u0435\u0436\u0434\u044b \u0438 \u043c\u0435\u0447\u0442\u044b \u0431\u0443\u0434\u0443\u0442 \u043e\u043f\u0440\u0430\u0432\u0434\u0430\u043d\u043d\u044b \u0438\u043c - \u041a\u043d\u0438\u0442\u0435\u0441\u043e\u043c.</p>"}, "model": "apps.production", "pk": 19}, {"fields": {"avatar": "/home/ctulhu/anylist/anylist/media/369.jpg", "old_limit": 5, "pub_date": "2014-06-10T11:54:48.904Z", "title": "Boogiepop Phantom", "genres": [7, 8, 14, 21, 27, 29], "description": "<p>\u041f\u044f\u0442\u044c \u043b\u0435\u0442 \u043d\u0430\u0437\u0430\u0434 \u0432\u043e\u043b\u043d\u0430 \u043c\u0438\u0441\u0442\u0438\u0447\u0435\u0441\u043a\u0438\u0445 \u0443\u0431\u0438\u0439\u0441\u0442\u0432 \u043f\u043e\u0442\u0440\u044f\u0441\u043b\u0430 \u0433\u043e\u0440\u043e\u0434, \u0438 \u0442\u0435\u043f\u0435\u0440\u044c, \u043a\u0430\u0436\u0435\u0442\u0441\u044f, \u0432\u0441\u0451 \u043f\u043e\u0432\u0442\u043e\u0440\u044f\u0435\u0442\u0441\u044f \u0432\u043d\u043e\u0432\u044c. \u0427\u0443\u0434\u043e\u0432\u0438\u0449\u0430, \u043f\u0440\u0438\u0437\u0440\u0430\u043a\u0438, \u0441\u0442\u0440\u0430\u043d\u043d\u044b\u0435 \u0441\u043e\u0437\u0434\u0430\u043d\u0438\u044f \u043a\u043e\u0442\u043e\u0440\u044b\u043c \u043d\u0435\u0442 \u043d\u0430\u0437\u0432\u0430\u043d\u0438\u044f \u043d\u0430 \u044f\u0437\u044b\u043a\u0435 \u043b\u044e\u0434\u0435\u0439 \u043d\u0430\u043f\u043e\u043b\u043d\u044f\u044e\u0442 \u0433\u043e\u0440\u043e\u0434 \u0438 \u043d\u0438\u043a\u0442\u043e \u043d\u0435 \u043c\u043e\u0436\u0435\u0442 \u0431\u044b\u0442\u044c \u0432 \u0431\u0435\u0437\u043e\u043f\u0430\u0441\u043d\u043e\u0441\u0442\u0438, \u0434\u0430\u0436\u0435 \u043f\u0440\u0438 \u0441\u0432\u0435\u0442\u0435 \u0441\u043e\u043b\u043d\u0446\u0430. \u041b\u044e\u0434\u0441\u043a\u0438\u0435 \u043f\u043e\u0440\u043e\u043a\u0438 \u0438 \u0442\u0451\u043c\u043d\u044b\u0435 \u0441\u0442\u043e\u0440\u043e\u043d\u044b \u043f\u0440\u043e\u0440\u044b\u0432\u0430\u044e\u0442\u0441\u044f \u043d\u0430\u0440\u0443\u0436\u0443 \u0432 \u044d\u0442\u0438 \u0442\u0451\u043c\u043d\u044b\u0435 \u0432\u0440\u0435\u043c\u0435\u043d\u0430. \u0411\u043e\u0440\u044c\u0431\u0443 \u0441 \u043d\u0438\u043c\u0438 \u043d\u0430\u0447\u0438\u043d\u0430\u0435\u0442 \u0442\u0430\u0438\u043d\u0441\u0442\u0432\u0435\u043d\u043d\u043e\u0435 \u0441\u0443\u0449\u0435\u0441\u0442\u0432\u043e \u043f\u043e \u0438\u043c\u0435\u043d\u0438 <a href=\"http://shikimori.org/characters/2598-Boogiepop\">\u0411\u0443\u0433\u0438\u043f\u043e\u043f</a>.</p><p>\u041d\u043e \u0447\u0442\u043e \u0437\u0430 \u0442\u0430\u0439\u043d\u0430 \u0442\u0430\u0438\u0442\u0441\u044f \u0432 \u0435\u0433\u043e \u043f\u0440\u043e\u0448\u043b\u043e\u043c? \u041a\u0430\u043a \u043e\u043d \u0441\u0432\u044f\u0437\u0430\u043d \u0441 \u0441\u043e\u0431\u044b\u0442\u0438\u044f\u043c\u0438 \u043f\u044f\u0442\u0438\u043b\u0435\u0442\u043d\u0435\u0439 \u0434\u0430\u0432\u043d\u043e\u0441\u0442\u0438? \u041c\u043d\u043e\u0433\u0438\u0445 \u0438\u043d\u0442\u0435\u0440\u0435\u0441\u0443\u044e\u0442 \u044d\u0442\u0438 \u0432\u043e\u043f\u0440\u043e\u0441\u044b, \u043d\u043e \u0438\u043c \u0434\u0430\u043d\u043e \u043d\u0430\u0439\u0442\u0438 \u043b\u0438\u0448\u044c \u0447\u0430\u0441\u0442\u044c \u043e\u0442\u0432\u0435\u0442\u043e\u0432.</p><p>\u0427\u0442\u043e-\u0442\u043e \u0441\u043a\u0440\u044b\u0432\u0430\u0435\u0442\u0441\u044f \u0432 \u0442\u0435\u043d\u0438. \u0412\u044b \u0442\u043e\u0447\u043d\u043e \u0443\u0432\u0435\u0440\u0435\u043d\u043d\u044b \u0432 \u0441\u0432\u043e\u0435\u0439 \u0431\u0435\u0437\u043e\u043f\u0430\u0441\u043d\u043e\u0441\u0442\u0438?</p>"}, "model": "apps.production", "pk": 20}, {"fields": {"avatar": "/home/ctulhu/anylist/anylist/media/6746.jpg", "old_limit": 2, "pub_date": "2014-06-11T14:30:25.775Z", "title": "Durarara!!", "genres": [1, 21, 29, 34], "description": "<p>\u0418\u043a\u044d\u0431\u0443\u043a\u0443\u0440\u043e, \u043e\u0434\u0438\u043d \u0438\u0437 \u0440\u0430\u0439\u043e\u043d\u043e\u0432 \u0422\u043e\u043a\u0438\u043e. \u041d\u0435\u043f\u043e\u043d\u044f\u0442\u043d\u044b\u0435, \u0432\u043e\u043b\u043d\u0443\u044e\u0449\u0438\u0435, \u0430 \u043f\u043e\u0440\u043e\u0439 \u0438 \u043e\u043f\u0430\u0441\u043d\u044b\u0435 \u0441\u043e\u0431\u044b\u0442\u0438\u044f \u0441\u043b\u0443\u0447\u0430\u044e\u0442\u0441\u044f \u0437\u0434\u0435\u0441\u044c: \u0444\u0430\u0440\u043c\u0430\u0446\u0435\u043f\u0442\u0438\u0447\u0435\u0441\u043a\u0438\u0435 \u043a\u043e\u043c\u043f\u0430\u043d\u0438\u0438 \u043f\u0440\u043e\u0432\u043e\u0440\u0430\u0447\u0438\u0432\u0430\u044e\u0442 \u0442\u0435\u043c\u043d\u044b\u0435 \u0434\u0435\u043b\u0438\u0448\u043a\u0438, \u043b\u044e\u0434\u0438 \u043f\u0440\u043e\u043f\u0430\u0434\u0430\u044e\u0442 \u0431\u0435\u0441\u0441\u043b\u0435\u0434\u043d\u043e, \u043c\u0435\u0441\u0442\u043d\u044b\u0435 \u0431\u0430\u043d\u0434\u044b \u0432\u043e\u044e\u044e\u0442 \u043f\u043e \u043e\u0434\u043d\u0438\u043c \u0438\u043c \u043f\u043e\u043d\u044f\u0442\u043d\u044b\u043c \u043f\u0440\u0438\u0447\u0438\u043d\u0430\u043c, \u0438 \u0431\u0435\u0437\u0433\u043e\u043b\u043e\u0432\u044b\u0439 \u043c\u043e\u0442\u043e\u0446\u0438\u043a\u043b\u0438\u0441\u0442 \u043d\u0430 \u0447\u0435\u0440\u043d\u043e\u043c \u0431\u0430\u0439\u043a\u0435 \u043c\u0447\u0438\u0442\u0441\u044f \u043f\u043e \u0443\u043b\u0438\u0446\u0430\u043c... \u0412\u043f\u0440\u043e\u0447\u0435\u043c, \u043f\u043e\u0441\u043b\u0435\u0434\u043d\u0435\u0435 - \u0432\u0441\u0435\u0433\u043e-\u043b\u0438\u0448\u044c \u043b\u0435\u0433\u0435\u043d\u0434\u0430 \u0434\u043b\u044f \u0442\u0443\u0440\u0438\u0441\u0442\u043e\u0432.</p><p>\u041f\u0440\u0438\u0432\u044b\u043a\u0448\u0438\u0439 \u043a \u0440\u0430\u0437\u043c\u0435\u0440\u043d\u043e\u0439 \u0438 \u0442\u0438\u0445\u043e\u0439 \u0436\u0438\u0437\u043d\u0438 <a href=\"http://shikimori.org/characters/24592-Mikado-Ryugamine\">\u041c\u0438\u043a\u0430\u0434\u043e \u0420\u044e\u0433\u0430\u043c\u0438\u043d\u044d</a> \u043f\u043e \u043f\u0440\u0438\u0433\u043b\u0430\u0448\u0435\u043d\u0438\u044e \u0434\u0440\u0443\u0433\u0430 \u0434\u0435\u0442\u0441\u0442\u0432\u0430 <a href=\"http://shikimori.org/characters/24593-Masaomi-Kida\">\u041c\u0430\u0441\u0430\u043e\u043c\u0438 \u041a\u0438\u0434\u044b</a> \u043f\u0435\u0440\u0435\u0435\u0437\u0436\u0430\u0435\u0442 \u0432 \u0418\u043a\u044d\u0431\u0443\u043a\u0443\u0440\u043e.</p><p>\u041f\u0440\u043e\u0449\u0430\u0439 \u0443\u043d\u044b\u043b\u0430\u044f \u0441\u0435\u043b\u044c\u0441\u043a\u0430\u044f \u0436\u0438\u0437\u043d\u044c! \u041e\u0442\u043d\u044b\u043d\u0435 <a href=\"http://shikimori.org/characters/24592-Mikado-Ryugamine\">\u041c\u0438\u043a\u0430\u0434\u043e</a> \u0441\u0442\u0430\u043d\u043e\u0432\u0438\u0442\u0441\u044f \u0447\u0430\u0441\u0442\u044c\u044e \u0431\u043e\u043b\u044c\u0448\u043e\u0433\u043e \u0433\u043e\u0440\u043e\u0434\u0430: \u043d\u043e\u0432\u044b\u0435 \u0448\u043a\u043e\u043b\u044c\u043d\u044b\u0435 \u0434\u0440\u0443\u0437\u044c\u044f \u0438 \u0437\u0430\u0445\u0432\u0430\u0442\u044b\u0432\u0430\u044e\u0449\u0438\u0435 \u043f\u0440\u0438\u043a\u043b\u044e\u0447\u0435\u043d\u0438\u044f, \u0437\u043d\u0430\u043a\u043e\u043c\u0441\u0442\u0432\u043e \u0443\u043b\u0438\u0447\u043d\u044b\u043c\u0438 \u0431\u0430\u043d\u0434\u0430\u043c\u0438 \u0438 \u0441\u0435\u0442\u0435\u0432\u044b\u043c\u0438 \u0441\u043e\u043e\u0431\u0449\u0435\u0441\u0442\u0432\u0430\u043c\u0438, \u0434\u0438\u043b\u0435\u0440\u044b \u0447\u0435\u0440\u043d\u043e\u0433\u043e \u0440\u044b\u043d\u043a\u0430, \u0441\u0442\u0430\u043b\u043a\u0435\u0440\u044b, \u043c\u0430\u043d\u044c\u044f\u043a\u0438 \u0438 \u0441\u0432\u0435\u0440\u0445\u044a\u0435\u0441\u0442\u0435\u0441\u0442\u0432\u0435\u043d\u043d\u044b\u0435 \u0441\u0443\u0449\u0435\u0441\u0442\u0432\u0430 - \u0432\u0441\u0451 \u044d\u0442\u043e \u0442\u0435\u043f\u0435\u0440\u044c \u0441\u0442\u0430\u043d\u0435\u0442 \u0447\u0430\u0441\u0442\u044c\u044e \u0435\u0433\u043e \u043f\u043e\u0432\u0441\u0435\u0434\u043d\u0435\u0432\u043d\u043e\u0439 \u0436\u0438\u0437\u043d\u0438!</p>"}, "model": "apps.production", "pk": 21}, {"fields": {"avatar": "/home/ctulhu/anylist/anylist/media/49865.jpg", "old_limit": 2, "pub_date": "2014-06-11T14:32:10.078Z", "title": "Ajin", "genres": [7, 21, 26, 29, 35], "description": "<p>\u041f\u043e\u043b\u0443\u043b\u044e\u0434\u0438 - \u044d\u0442\u043e \u0442\u0435, \u043a\u0442\u043e \u043d\u0435\u043f\u043e\u0434\u0432\u043b\u0430\u0441\u0442\u043d\u044b \u0441\u043c\u0435\u0440\u0442\u0438. \u041e\u0434\u043d\u0430\u0436\u0434\u044b, \u041a\u0435\u0439 \u041d\u0430\u0433\u0430\u0438, \u0443\u0447\u0435\u043d\u0438\u043a \u0441\u0440\u0435\u0434\u043d\u0435\u0439 \u0448\u043a\u043e\u043b\u044b, \u043f\u043e\u043f\u0430\u043b \u0432 \u0447\u0443\u0434\u043e\u0432\u0438\u0449\u043d\u043e\u0435 \u0434\u043e\u0440\u043e\u0436\u043d\u043e-\u0442\u0440\u0430\u043d\u0441\u043f\u043e\u0440\u0442\u043d\u043e\u0435 \u043f\u0440\u043e\u0438\u0441\u0448\u0435\u0441\u0442\u0432\u0438\u0435, \u0432 \u043a\u043e\u0442\u043e\u0440\u043e\u043c \u0431\u044b\u043b \u043e\u0431\u044f\u0437\u0430\u043d \u0443\u043c\u0435\u0440\u0435\u0442\u044c, \u043d\u043e, \u0447\u0443\u0434\u0435\u0441\u043d\u044b\u043c \u043e\u0431\u0440\u0430\u0437\u043e\u043c, \u043e\u043d \u0432\u043e\u0437\u0432\u0440\u0430\u0449\u0430\u0435\u0442\u0441\u044f \u043a \u0436\u0438\u0437\u043d\u0438. \u0422\u0430\u043a, \u041a\u0435\u0439 \u0441\u0442\u0430\u043b \u043f\u043e\u043b\u0443\u0447\u0435\u043b\u043e\u0432\u0435\u043a\u043e\u043c. \u0418 \u0441 \u0442\u0435\u0445 \u043f\u043e\u0440, \u043c\u0438\u0440 \u041a\u0435\u044f \u0440\u0435\u0437\u043a\u043e \u043c\u0435\u043d\u044f\u0435\u0442\u0441\u044f. \u0418 \u0432 \u0438\u0442\u043e\u0433\u0435, \u0441\u043f\u0430\u0441\u0430\u044f \u0441\u0432\u043e\u0435\u0433\u043e \u0434\u0440\u0443\u0433\u0430 \u041a\u0430\u044f, \u0433\u043b\u0430\u0432\u043d\u044b\u0435 \u0433\u0435\u0440\u043e\u0438 \u0431\u0435\u0433\u0443\u0442 \u0432\u0433\u043b\u0443\u0431\u044c \u043f\u0443\u0441\u0442\u044b\u043d\u043d\u043e\u0439 \u0433\u043e\u0440\u044b. \u0412 \u043d\u0435\u0439, \u0433\u0440\u0443\u043f\u043f\u0430 \u043f\u043e\u043b\u0443\u043b\u044e\u0434\u0435\u0439 \u043a\u043e\u043d\u0442\u0430\u043a\u0442\u0438\u0440\u0443\u0435\u0442 \u0441 \u041a\u0435\u0435\u043c... \u041a\u0442\u043e \u0436\u0435 \u043e\u043d\u0438 \u0442\u0430\u043a\u0438\u0435? \u0418 \u0447\u0442\u043e \u0434\u0435\u043b\u0430\u0442\u044c \u043d\u0430\u0448\u0438\u043c \u0433\u043b\u0430\u0432\u043d\u044b\u043c \u0433\u0435\u0440\u043e\u044f\u043c?</p>"}, "model": "apps.production", "pk": 22}, {"fields": {"avatar": "/home/ctulhu/anylist/anylist/media/555_o-copy.jpg", "old_limit": 2, "pub_date": "2014-06-12T04:38:30.457Z", "title": "Leviathan", "genres": [3, 7, 14, 21, 29, 35], "description": "<p>\u0412 \u043f\u0440\u0435\u0434\u0434\u0432\u0435\u0440\u0438\u0438 \u043d\u043e\u0432\u043e\u0433\u043e \u0442\u044b\u0441\u044f\u0447\u0435\u043b\u0435\u0442\u0438\u044f, \u0432 \u043e\u0436\u0438\u0434\u0430\u043d\u0438\u0438 \u0432\u0441\u0435\u043b\u0435\u043d\u0441\u043a\u043e\u0439 \u043a\u0430\u0442\u0430\u0441\u0442\u0440\u043e\u0444\u044b, \u0447\u0435\u043b\u043e\u0432\u0435\u0447\u0435\u0441\u0442\u0432\u043e \u043f\u043e\u0432\u0435\u0440\u0433\u043b\u043e \u0441\u0435\u0431\u044f \u0432 \u0430\u0431\u0441\u043e\u043b\u044e\u0442\u043d\u0435\u0439\u0448\u0438\u0439, \u0432\u0441\u0435\u043f\u043e\u0433\u043b\u043e\u0449\u0430\u044e\u0449\u0438\u0439 \u0445\u0430\u043e\u0441. \u041c\u0438\u0440\u043e\u043c \u043f\u0440\u0430\u0432\u0438\u0442 \u0431\u0435\u0441\u043f\u0440\u0435\u0434\u0435\u043b \u0438 \u0431\u0435\u0437\u0437\u0430\u043a\u043e\u043d\u0438\u0435. \u041d\u0430 \u043b\u044e\u0434\u044f\u0445 \u0441\u0442\u0430\u0432\u044f\u0442 \u0436\u0435\u0441\u0442\u043e\u043a\u0438\u0435 \u0431\u0438\u043e\u043b\u043e\u0433\u0438\u0447\u0435\u0441\u043a\u0438\u0435 \u044d\u043a\u0441\u043f\u0435\u0440\u0438\u043c\u0435\u043d\u0442\u044b, \u0432\u0441\u0435\u0432\u043e\u0437\u0440\u0430\u0441\u0442\u0430\u044e\u0449\u0443\u044e \u043f\u043e\u043f\u0443\u043b\u044f\u0440\u043d\u043e\u0441\u0442\u044c \u0432 \u043c\u0438\u0440\u0435 \u043f\u0440\u0438\u043e\u0431\u0440\u0435\u0442\u0430\u0435\u0442 \u0440\u0435\u043b\u0438\u0433\u0438\u044f \u0412\u0443\u0434\u0443, \u043f\u0440\u0438\u0432\u0435\u0440\u0436\u0435\u043d\u0446\u044b \u043a\u043e\u0435\u0439 \u0434\u043b\u044f \u0443\u0434\u043e\u0432\u043b\u0435\u0442\u0432\u043e\u0440\u0435\u043d\u0438\u044f \u0441\u043e\u0431\u0441\u0442\u0432\u0435\u043d\u043d\u044b\u0445 \u043d\u0443\u0436\u0434 \u043f\u0440\u0435\u0432\u0440\u0430\u0449\u0430\u044e\u0442 \u043d\u0438 \u0432 \u0447\u0451\u043c \u043d\u0435\u043f\u043e\u0432\u0438\u043d\u043d\u044b\u0445 \u0433\u0440\u0430\u0436\u0434\u0430\u043d \u0432 \u0431\u0435\u0437\u0432\u043e\u043b\u044c\u043d\u044b\u0445 \u043c\u0430\u0440\u0438\u043e\u043d\u0435\u0442\u043e\u043a. \u041c\u0438\u0440 \u043a\u0430\u0442\u0438\u0442\u0441\u044f \u0432 \u0431\u0435\u0437\u0434\u043d\u0443 \u0438 \u043d\u0435\u0434\u0430\u043b\u0451\u043a \u0442\u043e\u0442 \u0434\u0435\u043d\u044c, \u043a\u043e\u0433\u0434\u0430 \u043d\u0430\u0441\u0442\u0443\u043f\u0438\u0442 \u043a\u043e\u043d\u0435\u0446. \u041a\u043e\u043d\u0435\u0446 \u0432\u0441\u0435\u0433\u043e \u0441\u0443\u0449\u0435\u0433\u043e... \u041b\u0438\u0448\u044c \u0442\u043e\u0442, \u043a\u0442\u043e \u043f\u043e\u0437\u043d\u0430\u043b \u0438\u0441\u0442\u0438\u043d\u043d\u0443\u044e \u0441\u0443\u0449\u043d\u043e\u0441\u0442\u044c \u0442\u044c\u043c\u044b, \u043b\u0438\u0448\u044c \u0442\u043e\u0442, \u043a\u0442\u043e \u0432\u0438\u0434\u0435\u043b \u0431\u0435\u0437\u0434\u043d\u0443, \u043b\u0438\u0448\u044c \u0442\u043e\u0442, \u043a\u0442\u043e \u0432\u0435\u0440\u043d\u0443\u043b\u0441\u044f \u0438\u0437 \u043d\u0435\u0451 \u043d\u0435\u0432\u0440\u0435\u0434\u0438\u043c\u044b\u043c, \u043c\u043e\u0436\u0435\u0442 \u043f\u0440\u0435\u0434\u043e\u0442\u0432\u0440\u0430\u0442\u0438\u0442\u044c \u0410\u043f\u043e\u043a\u0430\u043b\u0438\u043f\u0441\u0438\u0441. \u0421\u0430\u043c\u0438\u0434\u0437\u043e \u041a\u043e\u0445\u044d\u0439 - \u0447\u0435\u043b\u043e\u0432\u0435\u043a, \u0432\u0435\u0440\u043d\u0443\u0432\u0448\u0438\u0439\u0441\u044f \u0438\u0437 \u0442\u044c\u043c\u044b... \u043d\u043e \u0447\u0435\u043b\u043e\u0432\u0435\u043a \u043b\u0438 \u043e\u043d \u0442\u0435\u043f\u0435\u0440\u044c? \u041e\u043d \u0438\u0437\u043c\u0435\u043d\u0438\u043b\u0441\u044f... \u041d\u043e \u044d\u0442\u043e \u0432\u0441\u0451 \u0442\u043e\u0442 \u0436\u0435 \u043c\u0438\u043b\u044b\u0439, \u0434\u043e\u0431\u0440\u044b\u0439, \u0437\u0430\u0431\u043e\u0442\u043b\u0438\u0432\u044b\u0439 \u0434\u0440\u0443\u0433 \u0438 \u0432\u043e\u0437\u043b\u044e\u0431\u043b\u0435\u043d\u043d\u044b\u0439... \u043d\u043e \u043e\u043d \u0443\u0436\u0435 \u043d\u0435 \u0442\u043e\u0442, \u0447\u0442\u043e \u043f\u0440\u0435\u0436\u0434\u0435. \u041f\u0440\u0435\u0431\u044b\u0432\u0430\u043d\u0438\u0435 \u0432\u043e \u0442\u044c\u043c\u0435 \u043d\u0435 \u043f\u0440\u043e\u0445\u043e\u0434\u0438\u0442 \u0431\u0435\u0441\u0441\u043b\u0435\u0434\u043d\u043e...</p><p>\u0421\u043b\u043e\u0432\u043d\u043e \u043b\u0438\u0448\u044c \u043e\u0434\u0438\u043d \u0440\u0435\u0433\u0438\u043e\u043d \u043c\u0438\u043d\u0443\u0435\u0442 \u043c\u0438\u043b\u043b\u0435\u043d\u0438\u0443\u043c. \u0411\u0435\u0436\u0435\u043d\u0446\u044b \u0441\u043e \u0432\u0441\u0435\u0433\u043e \u043c\u0438\u0440\u0430 \u0441\u044a\u0435\u0437\u0436\u0430\u044e\u0442\u0441\u044f \u0432 \u042f\u043f\u043e\u043d\u0438\u044e \u0432 \u043f\u043e\u0438\u0441\u043a\u0430\u0445 \u0443\u0431\u0435\u0436\u0438\u0449\u0430, \u043e\u0434\u043d\u0430\u043a\u043e, \u044d\u0442\u043e \u0441\u043e\u0437\u0434\u0430\u0451\u0442 \u043c\u0430\u0441\u0441\u0443 \u0441\u043e\u0446\u0438\u0430\u043b\u044c\u043d\u044b\u0445 \u0438 \u043f\u043e\u043b\u0438\u0442\u0438\u0447\u0435\u0441\u043a\u0438\u0445 \u043a\u043e\u043d\u0444\u043b\u0438\u043a\u0442\u043e\u0432...</p>"}, "model": "apps.production", "pk": 23}, {"fields": {"avatar": "/home/ctulhu/anylist/anylist/media/39139.jpg", "old_limit": 2, "pub_date": "2014-06-15T07:39:44.077Z", "title": "Apocalypse no Toride", "genres": [1, 7, 21, 26, 27, 32, 34], "description": "<p>\u041f\u0440\u0435\u0434\u0441\u0442\u0430\u0432\u044c\u0442\u0435, \u0447\u0442\u043e \u043d\u0435\u0434\u0430\u0432\u043d\u043e, \u0432 \u043f\u043e\u043b\u0434\u0435\u043d\u044c, \u0432\u044b \u0443\u0432\u0438\u0434\u0435\u043b\u0438 \u043a\u0430\u043a \u0431\u044b\u043b \u0443\u0431\u0438\u0442 \u043f\u043e\u043b\u0438\u0446\u0435\u0439\u0441\u043a\u0438\u0439. \u0418 \u0432\u044b \u0432\u0438\u0434\u0435\u043b\u0438 \u0447\u0435\u043b\u043e\u0432\u0435\u043a\u0430 \u0441\u0434\u0435\u043b\u0430\u0432\u0448\u0435\u0433\u043e \u044d\u0442\u043e, \u043d\u043e \u043f\u043e\u0441\u043b\u0435, \u0432\u0430\u0441 \u043f\u043e\u0441\u0430\u0434\u0438\u043b\u0438 \u0437\u0430 \u043b\u043e\u0436\u043d\u043e\u0435 \u043e\u0431\u0432\u0438\u043d\u0435\u043d\u0438\u0435 \u0432 \u0442\u044e\u0440\u044c\u043c\u0443 \u043d\u0430 \u0445\u043e\u0440\u043e\u0448\u0435\u043d\u044c\u043a\u0438\u0439 \u0441\u0440\u043e\u043a. \u041a\u0430\u0437\u0430\u043b\u043e\u0441\u044c \u0431\u044b, \u0441\u043f\u0440\u0430\u0432\u0435\u0434\u043b\u0438\u0432\u043e\u0441\u0442\u044c \u043d\u0435 \u043d\u0430 \u0432\u0430\u0448\u0435\u0439 \u0441\u0442\u043e\u0440\u043e\u043d\u0435, \u043d\u043e \u0432\u0434\u0440\u0443\u0433 \u043d\u0430\u0447\u0430\u043b\u043e\u0441\u044c \u0440\u0430\u0441\u043f\u0440\u043e\u0441\u0442\u0440\u0430\u043d\u0435\u043d\u0438\u0435 \u0441\u0442\u0440\u0430\u043d\u043d\u043e\u0433\u043e \u0432\u0438\u0440\u0443\u0441\u0430...</p>"}, "model": "apps.production", "pk": 24}, {"fields": {"avatar": "/home/ctulhu/anylist/anylist/media/11759.jpg", "old_limit": 1, "pub_date": "2014-06-21T10:17:51.085Z", "title": "Accel World", "genres": [1, 20, 32, 34, 41, 43], "description": "<p>2046 \u0433\u043e\u0434. \u042e\u043d\u043e\u0448\u0430 \u043f\u043e \u0438\u043c\u0435\u043d\u0438 <a href=\"http://shikimori.org/characters/49637-Haruyuki-Arita\">\u0425\u0430\u0440\u0443\u044e\u043a\u0438 \u0410\u0440\u0438\u0442\u0430</a> \u0447\u0443\u0432\u0441\u0442\u0432\u0443\u0435\u0442 \u0441\u0435\u0431\u044f \u043d\u0430 \u0434\u043d\u0435 \u0448\u043a\u043e\u043b\u044c\u043d\u043e\u0433\u043e \u043e\u0431\u0449\u0435\u0441\u0442\u0432\u0430. \u0415\u043c\u0443 \u0441\u0442\u044b\u0434\u043d\u043e \u0437\u0430 \u0441\u0432\u043e\u044e \u0436\u0430\u043b\u043a\u0443\u044e \u0436\u0438\u0437\u043d\u044c, \u0438 \u043f\u043e\u044d\u0442\u043e\u043c\u0443 \u043e\u043d \u043c\u043d\u043e\u0433\u043e \u0432\u0440\u0435\u043c\u0435\u043d\u0438 \u043f\u0440\u043e\u0432\u043e\u0434\u0438\u0442 \u0432 \u0432\u0438\u0440\u0442\u0443\u0430\u043b\u044c\u043d\u044b\u0445 \u0438\u0433\u0440\u0430\u0445, \u043a\u043e\u0442\u043e\u0440\u044b\u0435 \u043f\u043e\u043c\u043e\u0433\u0430\u044e\u0442 \u0435\u043c\u0443 \u0437\u0430\u0431\u044b\u0442\u044c\u0441\u044f. \u041d\u043e \u0432\u0441\u0451 \u043c\u0435\u043d\u044f\u0435\u0442\u0441\u044f, \u043a\u043e\u0433\u0434\u0430 <a href=\"http://shikimori.org/characters/46305-Kuroyukihime\">\u0427\u0435\u0440\u043d\u043e\u0441\u043d\u0435\u0436\u043a\u0430</a>, \u0441\u0430\u043c\u0430\u044f \u043f\u043e\u043f\u0443\u043b\u044f\u0440\u043d\u0430\u044f \u0434\u0435\u0432\u0443\u0448\u043a\u0430 \u0432 \u0448\u043a\u043e\u043b\u0435, \u043f\u043e\u043a\u0430\u0437\u044b\u0432\u0430\u0435\u0442 \u0435\u043c\u0443 \u0442\u0430\u0438\u043d\u0441\u0442\u0432\u0435\u043d\u043d\u0443\u044e \u043f\u0440\u043e\u0433\u0440\u0430\u043c\u043c\u0443 \u0432\u0438\u0440\u0442\u0443\u0430\u043b\u044c\u043d\u043e\u0439 \u0440\u0435\u0430\u043b\u044c\u043d\u043e\u0441\u0442\u0438, \u043d\u0430\u0437\u044b\u0432\u0430\u0435\u043c\u0443\u044e Brain Burst, \u0441\u0442\u0430\u0432\u0448\u0443\u044e \u043e\u043a\u043d\u043e\u043c \u0432 \u043d\u043e\u0432\u044b\u0439 \u043c\u0438\u0440, \u0423\u0441\u043a\u043e\u0440\u0435\u043d\u043d\u044b\u0439 \u043c\u0438\u0440...</p>"}, "model": "apps.production", "pk": 25}, {"fields": {"avatar": "/home/ctulhu/anylist/anylist/media/images.duckduckgo.com_2.jpeg", "old_limit": 2, "pub_date": "2014-06-22T09:59:38.843Z", "title": "Bones", "genres": [14, 27, 42], "description": "<p><em><strong>Bones</strong></em> is an American <a href=\"https://en.wikipedia.org/wiki/Police_procedural\">crime</a> <a href=\"https://en.wikipedia.org/wiki/Comedy-drama\">comedy-drama</a> television series that premiered on <a href=\"https://en.wikipedia.org/wiki/Fox_Broadcasting_Company\">Fox</a> in the United States on September 13, 2005. The show is based on <a href=\"https://en.wikipedia.org/wiki/Forensic_anthropology\">forensic anthropology</a> and <a href=\"https://en.wikipedia.org/wiki/Forensic_archaeology\">forensic archaeology</a>, with each episode focusing on an <a href=\"https://en.wikipedia.org/wiki/Federal_Bureau_of_Investigation\">FBI</a> case file concerning the mystery behind human remains brought by FBI <a href=\"https://en.wikipedia.org/wiki/Special_Agent\">Special Agent</a> <a href=\"https://en.wikipedia.org/wiki/Seeley_Booth\">Seeley Booth</a> (<a href=\"https://en.wikipedia.org/wiki/David_Boreanaz\">David Boreanaz</a>) to the forensic anthropologist Dr. <a href=\"https://en.wikipedia.org/wiki/Temperance_%22Bones%22_Brennan\">Temperance &quot;Bones&quot; Brennan</a> (<a href=\"https://en.wikipedia.org/wiki/Emily_Deschanel\">Emily Deschanel</a>). The rest of the main cast includes <a href=\"https://en.wikipedia.org/wiki/Michaela_Conlin\">Michaela Conlin</a>, <a href=\"https://en.wikipedia.org/wiki/T._J._Thyne\">T. J. Thyne</a>, <a href=\"https://en.wikipedia.org/wiki/Eric_Millegan\">Eric Millegan</a>, <a href=\"https://en.wikipedia.org/wiki/Tamara_Taylor\">Tamara Taylor</a>, <a href=\"https://en.wikipedia.org/wiki/Jonathan_Adams_%28American_actor%29\">Jonathan Adams</a>, and <a href=\"https://en.wikipedia.org/wiki/John_Francis_Daley\">John Francis Daley</a>.</p><p>Created by <a href=\"https://en.wikipedia.org/wiki/Hart_Hanson\">Hart Hanson</a>, the series is very loosely based on the life and writings of novelist and <a href=\"https://en.wikipedia.org/wiki/Forensic_anthropology\">forensic anthropologist</a> <a href=\"https://en.wikipedia.org/wiki/Kathy_Reichs\">Kathy Reichs</a>,<a href=\"https://en.wikipedia.org/wiki/Bones_%28TV_series%29#cite_note-IGN2007-1\">[1]</a> who also <a href=\"https://en.wikipedia.org/wiki/Television_producer\">produces</a> the show. Its title character, Temperance Brennan, is named after the <a href=\"https://en.wikipedia.org/wiki/Protagonist\">protagonist</a> of Reichs&#39; crime novel series. Similarly, Dr. Brennan writes successful mystery novels based around a fictional (in the <em>Bones</em> universe) forensic anthropologist named Kathy Reichs. <em>Bones</em> is a joint production by Josephson Entertainment, Far Field Productions and <a href=\"https://en.wikipedia.org/wiki/20th_Century_Fox_Television\">20th Century Fox Television</a></p>"}, "model": "apps.production", "pk": 26}, {"fields": {"link": 1}, "model": "apps.anime", "pk": 1}, {"fields": {"link": 3}, "model": "apps.anime", "pk": 2}, {"fields": {"link": 4}, "model": "apps.anime", "pk": 3}, {"fields": {"link": 5}, "model": "apps.anime", "pk": 4}, {"fields": {"link": 6}, "model": "apps.anime", "pk": 5}, {"fields": {"link": 7}, "model": "apps.anime", "pk": 6}, {"fields": {"link": 8}, "model": "apps.anime", "pk": 7}, {"fields": {"link": 9}, "model": "apps.anime", "pk": 8}, {"fields": {"link": 10}, "model": "apps.anime", "pk": 9}, {"fields": {"link": 11}, "model": "apps.anime", "pk": 10}, {"fields": {"link": 12}, "model": "apps.anime", "pk": 11}, {"fields": {"link": 13}, "model": "apps.anime", "pk": 12}, {"fields": {"link": 14}, "model": "apps.anime", "pk": 13}, {"fields": {"link": 15}, "model": "apps.anime", "pk": 14}, {"fields": {"link": 20}, "model": "apps.anime", "pk": 15}, {"fields": {"link": 21}, "model": "apps.anime", "pk": 16}, {"fields": {"link": 25}, "model": "apps.anime", "pk": 17}, {"fields": {"link": 2}, "model": "apps.manga", "pk": 1}, {"fields": {"link": 16}, "model": "apps.manga", "pk": 2}, {"fields": {"link": 17}, "model": "apps.manga", "pk": 3}, {"fields": {"link": 18}, "model": "apps.manga", "pk": 4}, {"fields": {"link": 19}, "model": "apps.manga", "pk": 5}, {"fields": {"link": 22}, "model": "apps.manga", "pk": 6}, {"fields": {"link": 23}, "model": "apps.manga", "pk": 7}, {"fields": {"link": 24}, "model": "apps.manga", "pk": 8}, {"fields": {"link": 26}, "model": "apps.criminalystic", "pk": 1}, {"fields": {"start_date": null, "name": "\u041c\u043e\u043d\u0431\u043b\u0430\u043d", "product": 18, "num_season": 1, "number": 1, "length": 39}, "model": "apps.serie", "pk": 1}, {"fields": {"start_date": null, "name": "\u0413\u0435\u0437\u0438\u0445\u0442", "product": 18, "num_season": 1, "number": 2, "length": 29}, "model": "apps.serie", "pk": 2}, {"fields": {"start_date": null, "name": "\u0411\u0440\u0430\u0443-1589", "product": 18, "num_season": 1, "number": 3, "length": 25}, "model": "apps.serie", "pk": 3}, {"fields": {"start_date": null, "name": "\u041d\u043e\u0440\u0434 \u2116 2", "product": 18, "num_season": 1, "number": 4, "length": 25}, "model": "apps.serie", "pk": 4}, {"fields": {"start_date": null, "name": "\u041d\u043e\u0440\u0434 \u21162 (\u0447\u0430\u0441\u0442\u044c 2)", "product": 18, "num_season": 1, "number": 5, "length": 25}, "model": "apps.serie", "pk": 5}, {"fields": {"start_date": null, "name": "\u041d\u043e\u0440\u0434 \u2116 2 (\u0437\u0430\u043a\u043b\u044e\u0447\u0435\u043d\u0438\u0435)", "product": 18, "num_season": 1, "number": 6, "length": 29}, "model": "apps.serie", "pk": 6}, {"fields": {"start_date": null, "name": "\u0411\u0440\u0430\u043d\u0434\u043e", "product": 18, "num_season": 1, "number": 7, "length": 29}, "model": "apps.serie", "pk": 7}, {"fields": {"start_date": null, "name": "\u041c\u043e\u0433\u0443\u0447\u0438\u0439 \u0410\u0442\u043e\u043c", "product": 18, "num_season": 2, "number": 1, "length": 31}, "model": "apps.serie", "pk": 8}, {"fields": {"start_date": null, "name": "\u041f\u0440\u043e\u0444\u0435\u0441\u0441\u043e\u0440 \u041e\u0442\u044f\u043d\u043e\u043c\u0438\u0434\u0437\u0443", "product": 18, "num_season": 2, "number": 2, "length": 27}, "model": "apps.serie", "pk": 9}, {"fields": {"start_date": null, "name": "", "product": 2, "num_season": 1, "number": 1, "length": 49}, "model": "apps.serie", "pk": 10}, {"fields": {"start_date": null, "name": "\u0413\u0435\u0440\u0430\u043a\u043b", "product": 18, "num_season": 2, "number": 3, "length": 26}, "model": "apps.serie", "pk": 11}, {"fields": {"start_date": null, "name": "\u041e\u0431\u0449\u0430\u044f \u0441\u0432\u044f\u0437\u044c", "product": 18, "num_season": 2, "number": 4, "length": 26}, "model": "apps.serie", "pk": 12}, {"fields": {"start_date": null, "name": "\u0423\u0440\u0430\u043d", "product": 18, "num_season": 3, "number": 1, "length": 29}, "model": "apps.serie", "pk": 13}, {"fields": {"start_date": null, "name": "\u0421\u0435\u043c\u0435\u0439\u043d\u044b\u0439 \u043f\u043e\u0440\u0442\u0440\u0435\u0442", "product": 18, "num_season": 2, "number": 5, "length": 26}, "model": "apps.serie", "pk": 14}, {"fields": {"start_date": null, "name": "Pilot", "product": 26, "num_season": 1, "number": 1, "length": 40}, "model": "apps.serie", "pk": 15}, {"fields": {"name": "Planned"}, "model": "apps.status", "pk": 1}, {"fields": {"name": "Watch"}, "model": "apps.status", "pk": 2}, {"fields": {"name": "ReWatching"}, "model": "apps.status", "pk": 3}, {"fields": {"name": "Watched"}, "model": "apps.status", "pk": 4}, {"fields": {"name": "Dropped"}, "model": "apps.status", "pk": 5}, {"fields": {"name": "Deffered"}, "model": "apps.status", "pk": 6}, {"fields": {"app_name": "apps", "migration": "0001_foo", "applied": "2014-06-01T13:06:44.166Z"}, "model": "south.migrationhistory", "pk": 1}, {"fields": {"app_name": "apps", "migration": "0002_foo", "applied": "2014-06-01T13:07:59.276Z"}, "model": "south.migrationhistory", "pk": 2}, {"fields": {"app_name": "apps", "migration": "0003_foo", "applied": "2014-06-01T18:30:31.054Z"}, "model": "south.migrationhistory", "pk": 3}, {"fields": {"app_name": "apps", "migration": "0004_foo", "applied": "2014-06-02T11:43:47.856Z"}, "model": "south.migrationhistory", "pk": 4}, {"fields": {"app_name": "apps", "migration": "0005_foo", "applied": "2014-06-02T11:44:49.936Z"}, "model": "south.migrationhistory", "pk": 5}, {"fields": {"app_name": "apps", "migration": "0006_foo", "applied": "2014-06-02T21:15:09.734Z"}, "model": "south.migrationhistory", "pk": 6}, {"fields": {"app_name": "apps", "migration": "0007_foo", "applied": "2014-06-03T21:10:31.941Z"}, "model": "south.migrationhistory", "pk": 7}, {"fields": {"app_name": "apps", "migration": "0008_foo", "applied": "2014-06-03T21:23:33.999Z"}, "model": "south.migrationhistory", "pk": 8}, {"fields": {"app_name": "apps", "migration": "0009_foo", "applied": "2014-06-03T21:37:03.741Z"}, "model": "south.migrationhistory", "pk": 9}, {"fields": {"app_name": "apps", "migration": "0010_foo", "applied": "2014-06-03T21:44:18.792Z"}, "model": "south.migrationhistory", "pk": 10}, {"fields": {"app_name": "apps", "migration": "0011_foo", "applied": "2014-06-03T22:45:34.927Z"}, "model": "south.migrationhistory", "pk": 11}, {"fields": {"app_name": "apps", "migration": "0012_foo", "applied": "2014-06-03T22:45:35.999Z"}, "model": "south.migrationhistory", "pk": 12}, {"fields": {"app_name": "apps", "migration": "0013_foo", "applied": "2014-06-03T22:45:36.960Z"}, "model": "south.migrationhistory", "pk": 13}, {"fields": {"app_name": "apps", "migration": "0014_foo", "applied": "2014-06-03T22:45:38.044Z"}, "model": "south.migrationhistory", "pk": 14}, {"fields": {"app_name": "apps", "migration": "0015_foo", "applied": "2014-06-03T22:45:39.049Z"}, "model": "south.migrationhistory", "pk": 15}, {"fields": {"app_name": "apps", "migration": "0016_foo", "applied": "2014-06-03T22:45:40.100Z"}, "model": "south.migrationhistory", "pk": 16}, {"fields": {"app_name": "apps", "migration": "0017_foo", "applied": "2014-06-08T02:52:31.473Z"}, "model": "south.migrationhistory", "pk": 17}, {"fields": {"app_name": "easy_thumbnails", "migration": "0001_initial", "applied": "2014-06-12T02:48:20.682Z"}, "model": "south.migrationhistory", "pk": 18}, {"fields": {"app_name": "easy_thumbnails", "migration": "0002_filename_indexes", "applied": "2014-06-12T02:48:21.431Z"}, "model": "south.migrationhistory", "pk": 19}, {"fields": {"app_name": "easy_thumbnails", "migration": "0003_auto__add_storagenew", "applied": "2014-06-12T02:48:22.047Z"}, "model": "south.migrationhistory", "pk": 20}, {"fields": {"app_name": "easy_thumbnails", "migration": "0004_auto__add_field_source_storage_new__add_field_thumbnail_storage_new", "applied": "2014-06-12T02:48:24.251Z"}, "model": "south.migrationhistory", "pk": 21}, {"fields": {"app_name": "easy_thumbnails", "migration": "0005_storage_fks_null", "applied": "2014-06-12T02:48:26.519Z"}, "model": "south.migrationhistory", "pk": 22}, {"fields": {"app_name": "easy_thumbnails", "migration": "0006_copy_storage", "applied": "2014-06-12T02:48:26.709Z"}, "model": "south.migrationhistory", "pk": 23}, {"fields": {"app_name": "easy_thumbnails", "migration": "0007_storagenew_fks_not_null", "applied": "2014-06-12T02:48:28.946Z"}, "model": "south.migrationhistory", "pk": 24}, {"fields": {"app_name": "easy_thumbnails", "migration": "0008_auto__del_field_source_storage__del_field_thumbnail_storage", "applied": "2014-06-12T02:48:31.060Z"}, "model": "south.migrationhistory", "pk": 25}, {"fields": {"app_name": "easy_thumbnails", "migration": "0009_auto__del_storage", "applied": "2014-06-12T02:48:31.462Z"}, "model": "south.migrationhistory", "pk": 26}, {"fields": {"app_name": "easy_thumbnails", "migration": "0010_rename_storage", "applied": "2014-06-12T02:48:33.620Z"}, "model": "south.migrationhistory", "pk": 27}, {"fields": {"app_name": "easy_thumbnails", "migration": "0011_auto__add_field_source_storage_hash__add_field_thumbnail_storage_hash", "applied": "2014-06-12T02:48:35.733Z"}, "model": "south.migrationhistory", "pk": 28}, {"fields": {"app_name": "easy_thumbnails", "migration": "0012_build_storage_hashes", "applied": "2014-06-12T02:48:35.943Z"}, "model": "south.migrationhistory", "pk": 29}, {"fields": {"app_name": "easy_thumbnails", "migration": "0013_auto__del_storage__del_field_source_storage__del_field_thumbnail_stora", "applied": "2014-06-12T02:48:38.259Z"}, "model": "south.migrationhistory", "pk": 30}, {"fields": {"app_name": "easy_thumbnails", "migration": "0014_auto__add_unique_source_name_storage_hash__add_unique_thumbnail_name_s", "applied": "2014-06-12T02:48:38.821Z"}, "model": "south.migrationhistory", "pk": 31}, {"fields": {"app_name": "easy_thumbnails", "migration": "0015_auto__del_unique_thumbnail_name_storage_hash__add_unique_thumbnail_sou", "applied": "2014-06-12T02:48:40.362Z"}, "model": "south.migrationhistory", "pk": 32}, {"fields": {"app_name": "easy_thumbnails", "migration": "0016_auto__add_thumbnaildimensions", "applied": "2014-06-12T02:48:40.766Z"}, "model": "south.migrationhistory", "pk": 33}, {"fields": {"app_name": "apps", "migration": "0018_foo", "applied": "2014-06-12T04:45:49.981Z"}, "model": "south.migrationhistory", "pk": 34}, {"fields": {"app_name": "apps", "migration": "0019_foo", "applied": "2014-06-12T04:52:44.331Z"}, "model": "south.migrationhistory", "pk": 35}, {"fields": {"app_name": "apps", "migration": "0020_foo", "applied": "2014-06-18T08:22:40.421Z"}, "model": "south.migrationhistory", "pk": 36}, {"fields": {"app_name": "apps", "migration": "0021_foo", "applied": "2014-06-18T08:27:00.569Z"}, "model": "south.migrationhistory", "pk": 37}, {"fields": {"app_name": "apps", "migration": "0022_foo", "applied": "2014-06-18T08:44:42.429Z"}, "model": "south.migrationhistory", "pk": 38}, {"fields": {"app_name": "apps", "migration": "0023_foo", "applied": "2014-06-18T11:16:44.083Z"}, "model": "south.migrationhistory", "pk": 39}, {"fields": {"app_name": "apps", "migration": "0024_foo", "applied": "2014-06-18T12:25:29.873Z"}, "model": "south.migrationhistory", "pk": 40}, {"fields": {"app_name": "apps", "migration": "0025_foo", "applied": "2014-06-19T07:48:37.007Z"}, "model": "south.migrationhistory", "pk": 41}, {"fields": {"app_name": "apps", "migration": "0026_foo", "applied": "2014-06-22T09:52:30.447Z"}, "model": "south.migrationhistory", "pk": 42}, {"fields": {"storage_hash": "f9bde26a1556cd667f742bd34ec7c55e", "modified": "2014-06-12T02:52:10.873Z", "name": "/home/ctulhu/anylist/anylist/media/Anime.png"}, "model": "easy_thumbnails.source", "pk": 1}, {"fields": {"storage_hash": "f9bde26a1556cd667f742bd34ec7c55e", "modified": "2014-06-18T02:11:03.599Z", "name": "/home/ctulhu/anylist/anylist/media/41773_5.jpg"}, "model": "easy_thumbnails.source", "pk": 2}, {"fields": {"storage_hash": "f9bde26a1556cd667f742bd34ec7c55e", "modified": "2014-06-18T02:11:03.968Z", "name": "/home/ctulhu/anylist/anylist/media/731.jpg"}, "model": "easy_thumbnails.source", "pk": 3}, {"fields": {"storage_hash": "f9bde26a1556cd667f742bd34ec7c55e", "modified": "2014-06-18T02:11:04.417Z", "name": "/home/ctulhu/anylist/anylist/media/271_o.jpg"}, "model": "easy_thumbnails.source", "pk": 4}, {"fields": {"storage_hash": "f9bde26a1556cd667f742bd34ec7c55e", "modified": "2014-06-18T02:11:04.921Z", "name": "/home/ctulhu/anylist/anylist/media/999_o.jpg"}, "model": "easy_thumbnails.source", "pk": 5}, {"fields": {"storage_hash": "f9bde26a1556cd667f742bd34ec7c55e", "modified": "2014-06-18T02:11:05.324Z", "name": "/home/ctulhu/anylist/anylist/media/632_o.jpg"}, "model": "easy_thumbnails.source", "pk": 6}, {"fields": {"storage_hash": "f9bde26a1556cd667f742bd34ec7c55e", "modified": "2014-06-18T02:11:05.657Z", "name": "/home/ctulhu/anylist/anylist/media/49865.jpg"}, "model": "easy_thumbnails.source", "pk": 7}, {"fields": {"storage_hash": "f9bde26a1556cd667f742bd34ec7c55e", "modified": "2014-06-18T02:11:06.026Z", "name": "/home/ctulhu/anylist/anylist/media/555_o-copy.jpg"}, "model": "easy_thumbnails.source", "pk": 8}, {"fields": {"storage_hash": "f9bde26a1556cd667f742bd34ec7c55e", "modified": "2014-06-18T02:11:06.358Z", "name": "/home/ctulhu/anylist/anylist/media/39139.jpg"}, "model": "easy_thumbnails.source", "pk": 9}, {"fields": {"storage_hash": "f9bde26a1556cd667f742bd34ec7c55e", "modified": "2014-06-18T08:23:03.796Z", "name": "/home/ctulhu/anylist/anylist/media/21405.jpg"}, "model": "easy_thumbnails.source", "pk": 10}, {"fields": {"storage_hash": "f9bde26a1556cd667f742bd34ec7c55e", "modified": "2014-06-20T10:57:14.399Z", "name": "/home/ctulhu/anylist/anylist/media/19429_1.jpg"}, "model": "easy_thumbnails.source", "pk": 11}, {"fields": {"storage_hash": "f9bde26a1556cd667f742bd34ec7c55e", "modified": "2014-06-20T15:41:49.671Z", "name": "/home/ctulhu/anylist/anylist/media/20787.jpg"}, "model": "easy_thumbnails.source", "pk": 12}, {"fields": {"storage_hash": "f9bde26a1556cd667f742bd34ec7c55e", "modified": "2014-06-20T15:41:50.133Z", "name": "/home/ctulhu/anylist/anylist/media/22547.jpg"}, "model": "easy_thumbnails.source", "pk": 13}, {"fields": {"storage_hash": "f9bde26a1556cd667f742bd34ec7c55e", "modified": "2014-06-20T15:41:50.548Z", "name": "/home/ctulhu/anylist/anylist/media/21677.jpg"}, "model": "easy_thumbnails.source", "pk": 14}, {"fields": {"storage_hash": "f9bde26a1556cd667f742bd34ec7c55e", "modified": "2014-06-20T15:41:50.921Z", "name": "/home/ctulhu/anylist/anylist/media/22043.jpg"}, "model": "easy_thumbnails.source", "pk": 15}, {"fields": {"storage_hash": "f9bde26a1556cd667f742bd34ec7c55e", "modified": "2014-06-20T15:41:51.292Z", "name": "/home/ctulhu/anylist/anylist/media/20785.jpg"}, "model": "easy_thumbnails.source", "pk": 16}, {"fields": {"storage_hash": "f9bde26a1556cd667f742bd34ec7c55e", "modified": "2014-06-20T15:41:51.655Z", "name": "/home/ctulhu/anylist/anylist/media/21863.jpg"}, "model": "easy_thumbnails.source", "pk": 17}, {"fields": {"storage_hash": "f9bde26a1556cd667f742bd34ec7c55e", "modified": "2014-06-20T15:41:51.995Z", "name": "/home/ctulhu/anylist/anylist/media/21603.jpg"}, "model": "easy_thumbnails.source", "pk": 18}, {"fields": {"storage_hash": "f9bde26a1556cd667f742bd34ec7c55e", "modified": "2014-06-20T15:41:52.345Z", "name": "/home/ctulhu/anylist/anylist/media/21939.jpg"}, "model": "easy_thumbnails.source", "pk": 19}, {"fields": {"storage_hash": "f9bde26a1556cd667f742bd34ec7c55e", "modified": "2014-06-20T15:41:52.772Z", "name": "/home/ctulhu/anylist/anylist/media/19815.jpg"}, "model": "easy_thumbnails.source", "pk": 20}, {"fields": {"storage_hash": "f9bde26a1556cd667f742bd34ec7c55e", "modified": "2014-06-20T15:41:53.183Z", "name": "/home/ctulhu/anylist/anylist/media/21561.jpg"}, "model": "easy_thumbnails.source", "pk": 21}, {"fields": {"storage_hash": "f9bde26a1556cd667f742bd34ec7c55e", "modified": "2014-06-20T15:41:53.561Z", "name": "/home/ctulhu/anylist/anylist/media/22273.jpg"}, "model": "easy_thumbnails.source", "pk": 22}, {"fields": {"storage_hash": "f9bde26a1556cd667f742bd34ec7c55e", "modified": "2014-06-20T15:41:53.919Z", "name": "/home/ctulhu/anylist/anylist/media/19775.jpg"}, "model": "easy_thumbnails.source", "pk": 23}, {"fields": {"storage_hash": "f9bde26a1556cd667f742bd34ec7c55e", "modified": "2014-06-20T15:41:54.294Z", "name": "/home/ctulhu/anylist/anylist/media/369.jpg"}, "model": "easy_thumbnails.source", "pk": 24}, {"fields": {"storage_hash": "f9bde26a1556cd667f742bd34ec7c55e", "modified": "2014-06-20T15:41:54.638Z", "name": "/home/ctulhu/anylist/anylist/media/6746.jpg"}, "model": "easy_thumbnails.source", "pk": 25}, {"fields": {"storage_hash": "f9bde26a1556cd667f742bd34ec7c55e", "modified": "2014-06-21T10:17:51.862Z", "name": "/home/ctulhu/anylist/anylist/media/11759.jpg"}, "model": "easy_thumbnails.source", "pk": 26}, {"fields": {"storage_hash": "f9bde26a1556cd667f742bd34ec7c55e", "modified": "2014-06-22T09:59:39.681Z", "name": "/home/ctulhu/anylist/anylist/media/images.duckduckgo.com_2.jpeg"}, "model": "easy_thumbnails.source", "pk": 27}, {"fields": {"storage_hash": "f9bde26a1556cd667f742bd34ec7c55e", "modified": "2014-06-22T10:03:45.047Z", "name": "/home/ctulhu/anylist/anylist/media/Miku-Hatsune-Icon-hatsune-miku-14355629-100-100_1.jpg"}, "model": "easy_thumbnails.source", "pk": 28}, {"fields": {"storage_hash": "f9bde26a1556cd667f742bd34ec7c55e", "modified": "2014-06-22T10:03:45.365Z", "name": "/home/ctulhu/anylist/anylist/media/dragonball-kai-icon.png"}, "model": "easy_thumbnails.source", "pk": 29}, {"fields": {"storage_hash": "f9bde26a1556cd667f742bd34ec7c55e", "modified": "2014-06-22T10:29:42.594Z", "name": "/home/ctulhu/anylist/anylist/media/images.duckduckgo.com_3.jpeg"}, "model": "easy_thumbnails.source", "pk": 30}, {"fields": {"storage_hash": "d26becbf46ac48eda79c7a39a13a02dd", "modified": "2014-06-12T02:52:11.036Z", "name": "/home/ctulhu/anylist/anylist/media/Anime.png.50x50_q85_crop.png", "source": 1}, "model": "easy_thumbnails.thumbnail", "pk": 1}, {"fields": {"storage_hash": "d26becbf46ac48eda79c7a39a13a02dd", "modified": "2014-06-18T02:11:03.789Z", "name": "/home/ctulhu/anylist/anylist/media/41773_5.jpg.250x310_q85_crop.jpg", "source": 2}, "model": "easy_thumbnails.thumbnail", "pk": 2}, {"fields": {"storage_hash": "d26becbf46ac48eda79c7a39a13a02dd", "modified": "2014-06-18T02:11:04.125Z", "name": "/home/ctulhu/anylist/anylist/media/731.jpg.250x310_q85_crop.jpg", "source": 3}, "model": "easy_thumbnails.thumbnail", "pk": 3}, {"fields": {"storage_hash": "d26becbf46ac48eda79c7a39a13a02dd", "modified": "2014-06-18T02:11:04.573Z", "name": "/home/ctulhu/anylist/anylist/media/271_o.jpg.250x310_q85_crop.jpg", "source": 4}, "model": "easy_thumbnails.thumbnail", "pk": 4}, {"fields": {"storage_hash": "d26becbf46ac48eda79c7a39a13a02dd", "modified": "2014-06-18T02:11:05.053Z", "name": "/home/ctulhu/anylist/anylist/media/999_o.jpg.250x310_q85_crop.jpg", "source": 5}, "model": "easy_thumbnails.thumbnail", "pk": 5}, {"fields": {"storage_hash": "d26becbf46ac48eda79c7a39a13a02dd", "modified": "2014-06-18T02:11:05.488Z", "name": "/home/ctulhu/anylist/anylist/media/632_o.jpg.250x310_q85_crop.jpg", "source": 6}, "model": "easy_thumbnails.thumbnail", "pk": 6}, {"fields": {"storage_hash": "d26becbf46ac48eda79c7a39a13a02dd", "modified": "2014-06-18T02:11:05.813Z", "name": "/home/ctulhu/anylist/anylist/media/49865.jpg.250x310_q85_crop.jpg", "source": 7}, "model": "easy_thumbnails.thumbnail", "pk": 7}, {"fields": {"storage_hash": "d26becbf46ac48eda79c7a39a13a02dd", "modified": "2014-06-18T02:11:06.170Z", "name": "/home/ctulhu/anylist/anylist/media/555_o-copy.jpg.250x310_q85_crop.jpg", "source": 8}, "model": "easy_thumbnails.thumbnail", "pk": 8}, {"fields": {"storage_hash": "d26becbf46ac48eda79c7a39a13a02dd", "modified": "2014-06-18T02:11:06.542Z", "name": "/home/ctulhu/anylist/anylist/media/39139.jpg.250x310_q85_crop.jpg", "source": 9}, "model": "easy_thumbnails.thumbnail", "pk": 9}, {"fields": {"storage_hash": "d26becbf46ac48eda79c7a39a13a02dd", "modified": "2014-06-18T08:23:03.949Z", "name": "/home/ctulhu/anylist/anylist/media/21405.jpg.250x310_q85_crop.jpg", "source": 10}, "model": "easy_thumbnails.thumbnail", "pk": 10}, {"fields": {"storage_hash": "d26becbf46ac48eda79c7a39a13a02dd", "modified": "2014-06-20T10:57:14.612Z", "name": "/home/ctulhu/anylist/anylist/media/19429_1.jpg.250x310_q85_crop.jpg", "source": 11}, "model": "easy_thumbnails.thumbnail", "pk": 11}, {"fields": {"storage_hash": "d26becbf46ac48eda79c7a39a13a02dd", "modified": "2014-06-20T15:41:49.958Z", "name": "/home/ctulhu/anylist/anylist/media/20787.jpg.250x310_q85_crop.jpg", "source": 12}, "model": "easy_thumbnails.thumbnail", "pk": 12}, {"fields": {"storage_hash": "d26becbf46ac48eda79c7a39a13a02dd", "modified": "2014-06-20T15:41:50.317Z", "name": "/home/ctulhu/anylist/anylist/media/22547.jpg.250x310_q85_crop.jpg", "source": 13}, "model": "easy_thumbnails.thumbnail", "pk": 13}, {"fields": {"storage_hash": "d26becbf46ac48eda79c7a39a13a02dd", "modified": "2014-06-20T15:41:50.708Z", "name": "/home/ctulhu/anylist/anylist/media/21677.jpg.250x310_q85_crop.jpg", "source": 14}, "model": "easy_thumbnails.thumbnail", "pk": 14}, {"fields": {"storage_hash": "d26becbf46ac48eda79c7a39a13a02dd", "modified": "2014-06-20T15:41:51.099Z", "name": "/home/ctulhu/anylist/anylist/media/22043.jpg.250x310_q85_crop.jpg", "source": 15}, "model": "easy_thumbnails.thumbnail", "pk": 15}, {"fields": {"storage_hash": "d26becbf46ac48eda79c7a39a13a02dd", "modified": "2014-06-20T15:41:51.456Z", "name": "/home/ctulhu/anylist/anylist/media/20785.jpg.250x310_q85_crop.jpg", "source": 16}, "model": "easy_thumbnails.thumbnail", "pk": 16}, {"fields": {"storage_hash": "d26becbf46ac48eda79c7a39a13a02dd", "modified": "2014-06-20T15:41:51.802Z", "name": "/home/ctulhu/anylist/anylist/media/21863.jpg.250x310_q85_crop.jpg", "source": 17}, "model": "easy_thumbnails.thumbnail", "pk": 17}, {"fields": {"storage_hash": "d26becbf46ac48eda79c7a39a13a02dd", "modified": "2014-06-20T15:41:52.159Z", "name": "/home/ctulhu/anylist/anylist/media/21603.jpg.250x310_q85_crop.jpg", "source": 18}, "model": "easy_thumbnails.thumbnail", "pk": 18}, {"fields": {"storage_hash": "d26becbf46ac48eda79c7a39a13a02dd", "modified": "2014-06-20T15:41:52.562Z", "name": "/home/ctulhu/anylist/anylist/media/21939.jpg.250x310_q85_crop.jpg", "source": 19}, "model": "easy_thumbnails.thumbnail", "pk": 19}, {"fields": {"storage_hash": "d26becbf46ac48eda79c7a39a13a02dd", "modified": "2014-06-20T15:41:52.998Z", "name": "/home/ctulhu/anylist/anylist/media/19815.jpg.250x310_q85_crop.jpg", "source": 20}, "model": "easy_thumbnails.thumbnail", "pk": 20}, {"fields": {"storage_hash": "d26becbf46ac48eda79c7a39a13a02dd", "modified": "2014-06-20T15:41:53.377Z", "name": "/home/ctulhu/anylist/anylist/media/21561.jpg.250x310_q85_crop.jpg", "source": 21}, "model": "easy_thumbnails.thumbnail", "pk": 21}, {"fields": {"storage_hash": "d26becbf46ac48eda79c7a39a13a02dd", "modified": "2014-06-20T15:41:53.746Z", "name": "/home/ctulhu/anylist/anylist/media/22273.jpg.250x310_q85_crop.jpg", "source": 22}, "model": "easy_thumbnails.thumbnail", "pk": 22}, {"fields": {"storage_hash": "d26becbf46ac48eda79c7a39a13a02dd", "modified": "2014-06-20T15:41:54.114Z", "name": "/home/ctulhu/anylist/anylist/media/19775.jpg.250x310_q85_crop.jpg", "source": 23}, "model": "easy_thumbnails.thumbnail", "pk": 23}, {"fields": {"storage_hash": "d26becbf46ac48eda79c7a39a13a02dd", "modified": "2014-06-20T15:41:54.449Z", "name": "/home/ctulhu/anylist/anylist/media/369.jpg.250x310_q85_crop.jpg", "source": 24}, "model": "easy_thumbnails.thumbnail", "pk": 24}, {"fields": {"storage_hash": "d26becbf46ac48eda79c7a39a13a02dd", "modified": "2014-06-20T15:41:54.795Z", "name": "/home/ctulhu/anylist/anylist/media/6746.jpg.250x310_q85_crop.jpg", "source": 25}, "model": "easy_thumbnails.thumbnail", "pk": 25}, {"fields": {"storage_hash": "d26becbf46ac48eda79c7a39a13a02dd", "modified": "2014-06-21T10:17:52.019Z", "name": "/home/ctulhu/anylist/anylist/media/11759.jpg.250x310_q85_crop.jpg", "source": 26}, "model": "easy_thumbnails.thumbnail", "pk": 26}, {"fields": {"storage_hash": "d26becbf46ac48eda79c7a39a13a02dd", "modified": "2014-06-22T09:59:39.810Z", "name": "/home/ctulhu/anylist/anylist/media/images.duckduckgo.com_2.jpeg.250x310_q85_crop.jpg", "source": 27}, "model": "easy_thumbnails.thumbnail", "pk": 27}, {"fields": {"storage_hash": "d26becbf46ac48eda79c7a39a13a02dd", "modified": "2014-06-22T10:03:45.189Z", "name": "/home/ctulhu/anylist/anylist/media/Miku-Hatsune-Icon-hatsune-miku-14355629-100-100_1.jpg.100x100_q85_crop.jpg", "source": 28}, "model": "easy_thumbnails.thumbnail", "pk": 28}, {"fields": {"storage_hash": "d26becbf46ac48eda79c7a39a13a02dd", "modified": "2014-06-22T10:03:45.502Z", "name": "/home/ctulhu/anylist/anylist/media/dragonball-kai-icon.png.100x100_q85_crop.png", "source": 29}, "model": "easy_thumbnails.thumbnail", "pk": 29}, {"fields": {"storage_hash": "d26becbf46ac48eda79c7a39a13a02dd", "modified": "2014-06-22T10:29:42.723Z", "name": "/home/ctulhu/anylist/anylist/media/images.duckduckgo.com_3.jpeg.100x100_q85_crop.jpg", "source": 30}, "model": "easy_thumbnails.thumbnail", "pk": 30}, {"fields": {"name": "Can add log entry", "codename": "add_logentry", "content_type": 1}, "model": "auth.permission", "pk": 1}, {"fields": {"name": "Can change log entry", "codename": "change_logentry", "content_type": 1}, "model": "auth.permission", "pk": 2}, {"fields": {"name": "Can delete log entry", "codename": "delete_logentry", "content_type": 1}, "model": "auth.permission", "pk": 3}, {"fields": {"name": "Can add permission", "codename": "add_permission", "content_type": 2}, "model": "auth.permission", "pk": 4}, {"fields": {"name": "Can change permission", "codename": "change_permission", "content_type": 2}, "model": "auth.permission", "pk": 5}, {"fields": {"name": "Can delete permission", "codename": "delete_permission", "content_type": 2}, "model": "auth.permission", "pk": 6}, {"fields": {"name": "Can add group", "codename": "add_group", "content_type": 3}, "model": "auth.permission", "pk": 7}, {"fields": {"name": "Can change group", "codename": "change_group", "content_type": 3}, "model": "auth.permission", "pk": 8}, {"fields": {"name": "Can delete group", "codename": "delete_group", "content_type": 3}, "model": "auth.permission", "pk": 9}, {"fields": {"name": "Can add user", "codename": "add_user", "content_type": 4}, "model": "auth.permission", "pk": 10}, {"fields": {"name": "Can change user", "codename": "change_user", "content_type": 4}, "model": "auth.permission", "pk": 11}, {"fields": {"name": "Can delete user", "codename": "delete_user", "content_type": 4}, "model": "auth.permission", "pk": 12}, {"fields": {"name": "Can add content type", "codename": "add_contenttype", "content_type": 5}, "model": "auth.permission", "pk": 13}, {"fields": {"name": "Can change content type", "codename": "change_contenttype", "content_type": 5}, "model": "auth.permission", "pk": 14}, {"fields": {"name": "Can delete content type", "codename": "delete_contenttype", "content_type": 5}, "model": "auth.permission", "pk": 15}, {"fields": {"name": "Can add session", "codename": "add_session", "content_type": 6}, "model": "auth.permission", "pk": 16}, {"fields": {"name": "Can change session", "codename": "change_session", "content_type": 6}, "model": "auth.permission", "pk": 17}, {"fields": {"name": "Can delete session", "codename": "delete_session", "content_type": 6}, "model": "auth.permission", "pk": 18}, {"fields": {"name": "Can add genre group", "codename": "add_genregroup", "content_type": 7}, "model": "auth.permission", "pk": 19}, {"fields": {"name": "Can change genre group", "codename": "change_genregroup", "content_type": 7}, "model": "auth.permission", "pk": 20}, {"fields": {"name": "Can delete genre group", "codename": "delete_genregroup", "content_type": 7}, "model": "auth.permission", "pk": 21}, {"fields": {"name": "Can add raiting", "codename": "add_raiting", "content_type": 8}, "model": "auth.permission", "pk": 22}, {"fields": {"name": "Can change raiting", "codename": "change_raiting", "content_type": 8}, "model": "auth.permission", "pk": 23}, {"fields": {"name": "Can delete raiting", "codename": "delete_raiting", "content_type": 8}, "model": "auth.permission", "pk": 24}, {"fields": {"name": "Can add genre", "codename": "add_genre", "content_type": 9}, "model": "auth.permission", "pk": 25}, {"fields": {"name": "Can change genre", "codename": "change_genre", "content_type": 9}, "model": "auth.permission", "pk": 26}, {"fields": {"name": "Can delete genre", "codename": "delete_genre", "content_type": 9}, "model": "auth.permission", "pk": 27}, {"fields": {"name": "Can add thematic group", "codename": "add_thematicgroup", "content_type": 10}, "model": "auth.permission", "pk": 28}, {"fields": {"name": "Can change thematic group", "codename": "change_thematicgroup", "content_type": 10}, "model": "auth.permission", "pk": 29}, {"fields": {"name": "Can delete thematic group", "codename": "delete_thematicgroup", "content_type": 10}, "model": "auth.permission", "pk": 30}, {"fields": {"name": "Can add category", "codename": "add_category", "content_type": 11}, "model": "auth.permission", "pk": 31}, {"fields": {"name": "Can change category", "codename": "change_category", "content_type": 11}, "model": "auth.permission", "pk": 32}, {"fields": {"name": "Can delete category", "codename": "delete_category", "content_type": 11}, "model": "auth.permission", "pk": 33}, {"fields": {"name": "Can add production", "codename": "add_production", "content_type": 12}, "model": "auth.permission", "pk": 34}, {"fields": {"name": "Can change production", "codename": "change_production", "content_type": 12}, "model": "auth.permission", "pk": 35}, {"fields": {"name": "Can delete production", "codename": "delete_production", "content_type": 12}, "model": "auth.permission", "pk": 36}, {"fields": {"name": "Can add hero", "codename": "add_hero", "content_type": 13}, "model": "auth.permission", "pk": 37}, {"fields": {"name": "Can change hero", "codename": "change_hero", "content_type": 13}, "model": "auth.permission", "pk": 38}, {"fields": {"name": "Can delete hero", "codename": "delete_hero", "content_type": 13}, "model": "auth.permission", "pk": 39}, {"fields": {"name": "Can add anime", "codename": "add_anime", "content_type": 14}, "model": "auth.permission", "pk": 40}, {"fields": {"name": "Can change anime", "codename": "change_anime", "content_type": 14}, "model": "auth.permission", "pk": 41}, {"fields": {"name": "Can delete anime", "codename": "delete_anime", "content_type": 14}, "model": "auth.permission", "pk": 42}, {"fields": {"name": "Can add manga", "codename": "add_manga", "content_type": 15}, "model": "auth.permission", "pk": 43}, {"fields": {"name": "Can change manga", "codename": "change_manga", "content_type": 15}, "model": "auth.permission", "pk": 44}, {"fields": {"name": "Can delete manga", "codename": "delete_manga", "content_type": 15}, "model": "auth.permission", "pk": 45}, {"fields": {"name": "Can add migration history", "codename": "add_migrationhistory", "content_type": 16}, "model": "auth.permission", "pk": 46}, {"fields": {"name": "Can change migration history", "codename": "change_migrationhistory", "content_type": 16}, "model": "auth.permission", "pk": 47}, {"fields": {"name": "Can delete migration history", "codename": "delete_migrationhistory", "content_type": 16}, "model": "auth.permission", "pk": 48}, {"fields": {"name": "Can add serie", "codename": "add_serie", "content_type": 18}, "model": "auth.permission", "pk": 52}, {"fields": {"name": "Can change serie", "codename": "change_serie", "content_type": 18}, "model": "auth.permission", "pk": 53}, {"fields": {"name": "Can delete serie", "codename": "delete_serie", "content_type": 18}, "model": "auth.permission", "pk": 54}, {"fields": {"name": "Can add status", "codename": "add_status", "content_type": 20}, "model": "auth.permission", "pk": 58}, {"fields": {"name": "Can change status", "codename": "change_status", "content_type": 20}, "model": "auth.permission", "pk": 59}, {"fields": {"name": "Can delete status", "codename": "delete_status", "content_type": 20}, "model": "auth.permission", "pk": 60}, {"fields": {"name": "Can add listed product", "codename": "add_listedproduct", "content_type": 21}, "model": "auth.permission", "pk": 61}, {"fields": {"name": "Can change listed product", "codename": "change_listedproduct", "content_type": 21}, "model": "auth.permission", "pk": 62}, {"fields": {"name": "Can delete listed product", "codename": "delete_listedproduct", "content_type": 21}, "model": "auth.permission", "pk": 63}, {"fields": {"name": "Can add source", "codename": "add_source", "content_type": 22}, "model": "auth.permission", "pk": 64}, {"fields": {"name": "Can change source", "codename": "change_source", "content_type": 22}, "model": "auth.permission", "pk": 65}, {"fields": {"name": "Can delete source", "codename": "delete_source", "content_type": 22}, "model": "auth.permission", "pk": 66}, {"fields": {"name": "Can add thumbnail", "codename": "add_thumbnail", "content_type": 23}, "model": "auth.permission", "pk": 67}, {"fields": {"name": "Can change thumbnail", "codename": "change_thumbnail", "content_type": 23}, "model": "auth.permission", "pk": 68}, {"fields": {"name": "Can delete thumbnail", "codename": "delete_thumbnail", "content_type": 23}, "model": "auth.permission", "pk": 69}, {"fields": {"name": "Can add thumbnail dimensions", "codename": "add_thumbnaildimensions", "content_type": 24}, "model": "auth.permission", "pk": 70}, {"fields": {"name": "Can change thumbnail dimensions", "codename": "change_thumbnaildimensions", "content_type": 24}, "model": "auth.permission", "pk": 71}, {"fields": {"name": "Can delete thumbnail dimensions", "codename": "delete_thumbnaildimensions", "content_type": 24}, "model": "auth.permission", "pk": 72}, {"fields": {"name": "Can add dash board", "codename": "add_dashboard", "content_type": 25}, "model": "auth.permission", "pk": 73}, {"fields": {"name": "Can change dash board", "codename": "change_dashboard", "content_type": 25}, "model": "auth.permission", "pk": 74}, {"fields": {"name": "Can delete dash board", "codename": "delete_dashboard", "content_type": 25}, "model": "auth.permission", "pk": 75}, {"fields": {"name": "Can add criminalystic", "codename": "add_criminalystic", "content_type": 27}, "model": "auth.permission", "pk": 79}, {"fields": {"name": "Can change criminalystic", "codename": "change_criminalystic", "content_type": 27}, "model": "auth.permission", "pk": 80}, {"fields": {"name": "Can delete criminalystic", "codename": "delete_criminalystic", "content_type": 27}, "model": "auth.permission", "pk": 81}, {"fields": {"email": "sh@ya.ru", "is_staff": true, "user_permissions": [], "last_login": "2014-06-24T07:42:51.719Z", "first_name": "", "username": "ctulhu", "last_name": "", "groups": [], "is_active": true, "date_joined": "2014-06-01T12:53:10.236Z", "password": "pbkdf2_sha256$12000$NEpnJqwbPkLw$OJwUggESBroTGQIV74OgD1CmTZJLPyq2v8cRvSqQZUg=", "is_superuser": true}, "model": "auth.user", "pk": 1}, {"fields": {"email": "shmatovzhenya@yandex.ru", "is_staff": false, "user_permissions": [], "last_login": "2014-06-22T19:10:16.129Z", "first_name": "", "username": "first", "last_name": "", "groups": [], "is_active": true, "date_joined": "2014-06-05T14:39:25.839Z", "password": "pbkdf2_sha256$12000$kznHV0p0imfe$/8Hr/jirDKAMSUi1vWPCmoyJwQPGCO9mqMlR90WLDBc=", "is_superuser": false}, "model": "auth.user", "pk": 2}, {"fields": {"email": "shmatovzhenya@gmail.com", "is_staff": false, "user_permissions": [], "last_login": "2014-06-05T14:40:19.515Z", "first_name": "", "username": "second", "last_name": "", "groups": [], "is_active": true, "date_joined": "2014-06-05T14:40:18.726Z", "password": "pbkdf2_sha256$12000$sCL3MaO0cEuc$ZBGa0Ji1RTH/FIn93/eHhixNusNJzlCWV8ytvVRBrb0=", "is_superuser": false}, "model": "auth.user", "pk": 3}, {"fields": {"status": 3, "series": [], "score": null, "user": 1, "product": 4}, "model": "apps.listedproduct", "pk": 4}, {"fields": {"status": 3, "series": [], "score": null, "user": 1, "product": 5}, "model": "apps.listedproduct", "pk": 6}, {"fields": {"status": 4, "series": [], "score": null, "user": 1, "product": 8}, "model": "apps.listedproduct", "pk": 8}, {"fields": {"status": 5, "series": [], "score": null, "user": 1, "product": 6}, "model": "apps.listedproduct", "pk": 9}, {"fields": {"status": 3, "series": [], "score": null, "user": 1, "product": 3}, "model": "apps.listedproduct", "pk": 10}, {"fields": {"status": 1, "series": [], "score": null, "user": 1, "product": 1}, "model": "apps.listedproduct", "pk": 12}, {"fields": {"status": 2, "series": [7, 4, 11], "score": null, "user": 1, "product": 18}, "model": "apps.listedproduct", "pk": 13}, {"fields": {"status": 1, "series": [], "score": null, "user": 1, "product": 2}, "model": "apps.listedproduct", "pk": 14}, {"fields": {"status": 3, "series": [], "score": null, "user": 1, "product": 16}, "model": "apps.listedproduct", "pk": 15}, {"fields": {"object_repr": "Japanese Culture", "change_message": "", "user": 1, "content_type": 10, "action_time": "2014-06-01T13:00:46.852Z", "object_id": "1", "action_flag": 1}, "model": "admin.logentry", "pk": 1}, {"fields": {"object_repr": "Anime", "change_message": "", "user": 1, "content_type": 11, "action_time": "2014-06-01T13:02:03.248Z", "object_id": "1", "action_flag": 1}, "model": "admin.logentry", "pk": 2}, {"fields": {"object_repr": "Manga", "change_message": "", "user": 1, "content_type": 11, "action_time": "2014-06-01T13:02:17.329Z", "object_id": "2", "action_flag": 1}, "model": "admin.logentry", "pk": 3}, {"fields": {"object_repr": "Anime Female", "change_message": "", "user": 1, "content_type": 7, "action_time": "2014-06-01T13:02:44.635Z", "object_id": "1", "action_flag": 1}, "model": "admin.logentry", "pk": 4}, {"fields": {"object_repr": "Anime Male", "change_message": "", "user": 1, "content_type": 7, "action_time": "2014-06-01T13:02:49.915Z", "object_id": "2", "action_flag": 1}, "model": "admin.logentry", "pk": 5}, {"fields": {"object_repr": "\u0421\u0451\u043d\u0435\u043d", "change_message": "", "user": 1, "content_type": 9, "action_time": "2014-06-01T13:30:38.063Z", "object_id": "1", "action_flag": 1}, "model": "admin.logentry", "pk": 6}, {"fields": {"object_repr": "\u0421\u0451\u0434\u0437\u0435", "change_message": "", "user": 1, "content_type": 9, "action_time": "2014-06-01T13:30:44.611Z", "object_id": "2", "action_flag": 1}, "model": "admin.logentry", "pk": 7}, {"fields": {"object_repr": "\u0421\u044d\u0439\u043d\u0435\u043d", "change_message": "", "user": 1, "content_type": 9, "action_time": "2014-06-01T13:30:55.951Z", "object_id": "3", "action_flag": 1}, "model": "admin.logentry", "pk": 8}, {"fields": {"object_repr": "PG-13", "change_message": "", "user": 1, "content_type": 8, "action_time": "2014-06-01T13:31:38.889Z", "object_id": "1", "action_flag": 1}, "model": "admin.logentry", "pk": 9}, {"fields": {"object_repr": "NC-17", "change_message": "", "user": 1, "content_type": 8, "action_time": "2014-06-01T13:31:44.726Z", "object_id": "2", "action_flag": 1}, "model": "admin.logentry", "pk": 10}, {"fields": {"object_repr": "G", "change_message": "", "user": 1, "content_type": 8, "action_time": "2014-06-01T13:31:52.046Z", "object_id": "3", "action_flag": 1}, "model": "admin.logentry", "pk": 11}, {"fields": {"object_repr": "PG", "change_message": "", "user": 1, "content_type": 8, "action_time": "2014-06-01T13:31:58.214Z", "object_id": "4", "action_flag": 1}, "model": "admin.logentry", "pk": 12}, {"fields": {"object_repr": "Boku wa Minna Kawaisou", "change_message": "", "user": 1, "content_type": 12, "action_time": "2014-06-01T15:05:57.010Z", "object_id": "3", "action_flag": 3}, "model": "admin.logentry", "pk": 13}, {"fields": {"object_repr": "svtv", "change_message": "", "user": 1, "content_type": 12, "action_time": "2014-06-01T15:05:57.137Z", "object_id": "2", "action_flag": 3}, "model": "admin.logentry", "pk": 14}, {"fields": {"object_repr": "Nisekoi", "change_message": "", "user": 1, "content_type": 12, "action_time": "2014-06-01T15:05:57.283Z", "object_id": "1", "action_flag": 3}, "model": "admin.logentry", "pk": 15}, {"fields": {"object_repr": "Code Geass", "change_message": "", "user": 1, "content_type": 12, "action_time": "2014-06-01T16:01:55.012Z", "object_id": "6", "action_flag": 3}, "model": "admin.logentry", "pk": 16}, {"fields": {"object_repr": "Anime object", "change_message": "", "user": 1, "content_type": 14, "action_time": "2014-06-02T16:15:45.131Z", "object_id": "1", "action_flag": 3}, "model": "admin.logentry", "pk": 17}, {"fields": {"object_repr": "Manga object", "change_message": "", "user": 1, "content_type": 15, "action_time": "2014-06-02T16:15:54.659Z", "object_id": "2", "action_flag": 3}, "model": "admin.logentry", "pk": 18}, {"fields": {"object_repr": "Manga object", "change_message": "", "user": 1, "content_type": 15, "action_time": "2014-06-02T16:15:54.800Z", "object_id": "1", "action_flag": 3}, "model": "admin.logentry", "pk": 19}, {"fields": {"object_repr": "Code Geass", "change_message": "", "user": 1, "content_type": 12, "action_time": "2014-06-02T16:16:04.616Z", "object_id": "6", "action_flag": 3}, "model": "admin.logentry", "pk": 20}, {"fields": {"object_repr": "ft", "change_message": "", "user": 1, "content_type": 12, "action_time": "2014-06-02T16:16:04.763Z", "object_id": "5", "action_flag": 3}, "model": "admin.logentry", "pk": 21}, {"fields": {"object_repr": "To Aru Kagaku No Railgun", "change_message": "", "user": 1, "content_type": 12, "action_time": "2014-06-02T16:16:04.919Z", "object_id": "4", "action_flag": 3}, "model": "admin.logentry", "pk": 22}, {"fields": {"object_repr": "Status object", "change_message": "", "user": 1, "content_type": 20, "action_time": "2014-06-03T21:47:04.310Z", "object_id": "1", "action_flag": 1}, "model": "admin.logentry", "pk": 24}, {"fields": {"object_repr": "Status object", "change_message": "", "user": 1, "content_type": 20, "action_time": "2014-06-03T21:47:16.041Z", "object_id": "2", "action_flag": 1}, "model": "admin.logentry", "pk": 25}, {"fields": {"object_repr": "\u041f\u0435\u0440\u0435\u0441\u043c\u0430\u0442\u0440\u0438\u0432\u0430\u044e", "change_message": "", "user": 1, "content_type": 20, "action_time": "2014-06-03T21:47:37.994Z", "object_id": "3", "action_flag": 1}, "model": "admin.logentry", "pk": 26}, {"fields": {"object_repr": "\u041f\u0440\u043e\u0441\u043c\u043e\u0442\u0440\u0435\u043b", "change_message": "", "user": 1, "content_type": 20, "action_time": "2014-06-03T21:47:51.222Z", "object_id": "4", "action_flag": 1}, "model": "admin.logentry", "pk": 27}, {"fields": {"object_repr": "\u0411\u0440\u043e\u0441\u0438\u043b", "change_message": "", "user": 1, "content_type": 20, "action_time": "2014-06-03T21:48:00.454Z", "object_id": "5", "action_flag": 1}, "model": "admin.logentry", "pk": 28}, {"fields": {"object_repr": "\u041e\u0442\u043b\u043e\u0436\u0438\u043b", "change_message": "", "user": 1, "content_type": 20, "action_time": "2014-06-03T21:48:07.404Z", "object_id": "6", "action_flag": 1}, "model": "admin.logentry", "pk": 29}, {"fields": {"object_repr": "ListedProduct object", "change_message": "Changed series, user and score.", "user": 1, "content_type": 21, "action_time": "2014-06-03T23:27:14.838Z", "object_id": "1", "action_flag": 2}, "model": "admin.logentry", "pk": 30}, {"fields": {"object_repr": "Deffered", "change_message": "Changed name.", "user": 1, "content_type": 20, "action_time": "2014-06-04T12:42:04.060Z", "object_id": "6", "action_flag": 2}, "model": "admin.logentry", "pk": 31}, {"fields": {"object_repr": "Dropped", "change_message": "Changed name.", "user": 1, "content_type": 20, "action_time": "2014-06-04T12:42:12.004Z", "object_id": "5", "action_flag": 2}, "model": "admin.logentry", "pk": 32}, {"fields": {"object_repr": "Watched", "change_message": "Changed name.", "user": 1, "content_type": 20, "action_time": "2014-06-04T12:42:19.835Z", "object_id": "4", "action_flag": 2}, "model": "admin.logentry", "pk": 33}, {"fields": {"object_repr": "ReWatching", "change_message": "Changed name.", "user": 1, "content_type": 20, "action_time": "2014-06-04T12:42:29.681Z", "object_id": "3", "action_flag": 2}, "model": "admin.logentry", "pk": 34}, {"fields": {"object_repr": "Watch", "change_message": "Changed name.", "user": 1, "content_type": 20, "action_time": "2014-06-04T12:42:36.142Z", "object_id": "2", "action_flag": 2}, "model": "admin.logentry", "pk": 35}, {"fields": {"object_repr": "Planned", "change_message": "Changed name.", "user": 1, "content_type": 20, "action_time": "2014-06-04T12:42:43.936Z", "object_id": "1", "action_flag": 2}, "model": "admin.logentry", "pk": 36}, {"fields": {"object_repr": "\u0414\u0437\u0451\u0441\u0435\u0439", "change_message": "", "user": 1, "content_type": 9, "action_time": "2014-06-05T20:18:37.217Z", "object_id": "4", "action_flag": 1}, "model": "admin.logentry", "pk": 37}, {"fields": {"object_repr": "\u0421\u0451\u043d\u0435\u043d \u0410\u0439", "change_message": "", "user": 1, "content_type": 9, "action_time": "2014-06-05T20:18:47.102Z", "object_id": "5", "action_flag": 1}, "model": "admin.logentry", "pk": 38}, {"fields": {"object_repr": "\u0421\u0451\u0434\u0437\u0435 \u0410\u0439", "change_message": "", "user": 1, "content_type": 9, "action_time": "2014-06-05T20:18:55.435Z", "object_id": "6", "action_flag": 1}, "model": "admin.logentry", "pk": 39}, {"fields": {"object_repr": "Standart", "change_message": "", "user": 1, "content_type": 7, "action_time": "2014-06-05T20:19:42.573Z", "object_id": "3", "action_flag": 1}, "model": "admin.logentry", "pk": 40}, {"fields": {"object_repr": "\u0423\u0436\u0430\u0441\u044b", "change_message": "", "user": 1, "content_type": 9, "action_time": "2014-06-05T20:19:43.955Z", "object_id": "7", "action_flag": 1}, "model": "admin.logentry", "pk": 41}, {"fields": {"object_repr": "\u0411\u0435\u0437\u0443\u043c\u0438\u0435", "change_message": "", "user": 1, "content_type": 9, "action_time": "2014-06-05T20:20:16.489Z", "object_id": "8", "action_flag": 1}, "model": "admin.logentry", "pk": 42}, {"fields": {"object_repr": "\u0411\u043e\u0435\u0432\u044b\u0435 \u0438\u0441\u043a\u0443\u0441\u0441\u0442\u0432\u0430", "change_message": "", "user": 1, "content_type": 9, "action_time": "2014-06-05T20:20:24.710Z", "object_id": "9", "action_flag": 1}, "model": "admin.logentry", "pk": 43}, {"fields": {"object_repr": "\u0412\u0430\u043c\u043f\u0438\u0440\u044b", "change_message": "", "user": 1, "content_type": 9, "action_time": "2014-06-05T20:20:37.781Z", "object_id": "10", "action_flag": 1}, "model": "admin.logentry", "pk": 44}, {"fields": {"object_repr": "\u0412\u043e\u0435\u043d\u043d\u043e\u0435", "change_message": "", "user": 1, "content_type": 9, "action_time": "2014-06-05T20:20:45.266Z", "object_id": "11", "action_flag": 1}, "model": "admin.logentry", "pk": 45}, {"fields": {"object_repr": "\u0414\u0435\u043c\u043e\u043d\u044b", "change_message": "", "user": 1, "content_type": 9, "action_time": "2014-06-05T20:20:58.635Z", "object_id": "12", "action_flag": 1}, "model": "admin.logentry", "pk": 46}, {"fields": {"object_repr": "\u0414\u0435\u0442\u0441\u043a\u043e\u0435", "change_message": "", "user": 1, "content_type": 9, "action_time": "2014-06-05T20:21:09.358Z", "object_id": "13", "action_flag": 1}, "model": "admin.logentry", "pk": 47}, {"fields": {"object_repr": "\u0414\u0440\u0430\u043c\u0430", "change_message": "", "user": 1, "content_type": 9, "action_time": "2014-06-05T20:21:23.214Z", "object_id": "14", "action_flag": 1}, "model": "admin.logentry", "pk": 48}, {"fields": {"object_repr": "Anime Standart", "change_message": "", "user": 1, "content_type": 7, "action_time": "2014-06-05T20:21:45.308Z", "object_id": "4", "action_flag": 1}, "model": "admin.logentry", "pk": 49}, {"fields": {"object_repr": "\u0418\u0433\u0440\u044b", "change_message": "", "user": 1, "content_type": 9, "action_time": "2014-06-05T20:21:47.499Z", "object_id": "15", "action_flag": 1}, "model": "admin.logentry", "pk": 50}, {"fields": {"object_repr": "\u0418\u0441\u0442\u043e\u0440\u0438\u0447\u0435\u0441\u043a\u0438\u0439", "change_message": "", "user": 1, "content_type": 9, "action_time": "2014-06-05T20:22:04.710Z", "object_id": "16", "action_flag": 1}, "model": "admin.logentry", "pk": 51}, {"fields": {"object_repr": "\u041a\u043e\u0441\u043c\u043e\u0441", "change_message": "", "user": 1, "content_type": 9, "action_time": "2014-06-05T20:22:38.600Z", "object_id": "17", "action_flag": 1}, "model": "admin.logentry", "pk": 52}, {"fields": {"object_repr": "\u041c\u0430\u0433\u0438\u044f", "change_message": "", "user": 1, "content_type": 9, "action_time": "2014-06-05T20:22:56.011Z", "object_id": "18", "action_flag": 1}, "model": "admin.logentry", "pk": 53}, {"fields": {"object_repr": "\u0410\u0432\u0442\u043e\u043c\u043e\u0431\u0438\u043b\u0438", "change_message": "", "user": 1, "content_type": 9, "action_time": "2014-06-05T20:23:05.587Z", "object_id": "19", "action_flag": 1}, "model": "admin.logentry", "pk": 54}, {"fields": {"object_repr": "\u041c\u0435\u0445\u0430", "change_message": "", "user": 1, "content_type": 9, "action_time": "2014-06-05T20:24:07.002Z", "object_id": "20", "action_flag": 1}, "model": "admin.logentry", "pk": 55}, {"fields": {"object_repr": "\u0410\u0432\u0442\u043e\u043c\u043e\u0431\u0438\u043b\u0438", "change_message": "Changed group.", "user": 1, "content_type": 9, "action_time": "2014-06-05T20:24:14.388Z", "object_id": "19", "action_flag": 2}, "model": "admin.logentry", "pk": 56}, {"fields": {"object_repr": "\u041c\u0438\u0441\u0442\u0438\u043a\u0430", "change_message": "", "user": 1, "content_type": 9, "action_time": "2014-06-05T20:24:34.641Z", "object_id": "21", "action_flag": 1}, "model": "admin.logentry", "pk": 57}, {"fields": {"object_repr": "\u041c\u0443\u0437\u044b\u043a\u0430", "change_message": "", "user": 1, "content_type": 9, "action_time": "2014-06-05T20:24:47.958Z", "object_id": "22", "action_flag": 1}, "model": "admin.logentry", "pk": 58}, {"fields": {"object_repr": "\u041f\u0430\u0440\u043e\u0434\u0438\u044f", "change_message": "", "user": 1, "content_type": 9, "action_time": "2014-06-05T20:24:59.602Z", "object_id": "23", "action_flag": 1}, "model": "admin.logentry", "pk": 59}, {"fields": {"object_repr": "\u041f\u043e\u0432\u0441\u0435\u0434\u043d\u0435\u0432\u043d\u043e\u0441\u0442\u044c", "change_message": "", "user": 1, "content_type": 9, "action_time": "2014-06-05T20:25:11.006Z", "object_id": "24", "action_flag": 1}, "model": "admin.logentry", "pk": 60}, {"fields": {"object_repr": "\u041f\u043e\u043b\u0438\u0446\u0438\u044f", "change_message": "", "user": 1, "content_type": 9, "action_time": "2014-06-05T20:25:18.360Z", "object_id": "25", "action_flag": 1}, "model": "admin.logentry", "pk": 61}, {"fields": {"object_repr": "\u041f\u0440\u0438\u043a\u043b\u044e\u0447\u0435\u043d\u0438\u044f", "change_message": "", "user": 1, "content_type": 9, "action_time": "2014-06-05T20:25:30.423Z", "object_id": "26", "action_flag": 1}, "model": "admin.logentry", "pk": 62}, {"fields": {"object_repr": "\u041f\u0441\u0438\u0445\u043e\u043b\u043e\u0433\u0438\u0447\u0435\u0441\u043a\u043e\u0435", "change_message": "", "user": 1, "content_type": 9, "action_time": "2014-06-05T20:40:31.486Z", "object_id": "27", "action_flag": 1}, "model": "admin.logentry", "pk": 63}, {"fields": {"object_repr": "\u0421\u0430\u043c\u0443\u0440\u0430\u0438", "change_message": "", "user": 1, "content_type": 9, "action_time": "2014-06-05T20:40:45.654Z", "object_id": "28", "action_flag": 1}, "model": "admin.logentry", "pk": 64}, {"fields": {"object_repr": "\u0421\u0432\u0435\u0440\u0445\u0435\u0441\u0442\u0435\u0441\u0442\u0432\u0435\u043d\u043d\u043e\u0435", "change_message": "", "user": 1, "content_type": 9, "action_time": "2014-06-05T20:40:59.257Z", "object_id": "29", "action_flag": 1}, "model": "admin.logentry", "pk": 65}, {"fields": {"object_repr": "\u0421\u043f\u043e\u0440\u0442", "change_message": "", "user": 1, "content_type": 9, "action_time": "2014-06-05T20:41:11.127Z", "object_id": "30", "action_flag": 1}, "model": "admin.logentry", "pk": 66}, {"fields": {"object_repr": "\u0421\u0443\u043f\u0435\u0440 \u0441\u0438\u043b\u0430", "change_message": "", "user": 1, "content_type": 9, "action_time": "2014-06-05T20:41:24.702Z", "object_id": "31", "action_flag": 1}, "model": "admin.logentry", "pk": 67}, {"fields": {"object_repr": "\u0424\u0430\u043d\u0442\u0430\u0441\u0442\u0438\u043a\u0430", "change_message": "", "user": 1, "content_type": 9, "action_time": "2014-06-05T20:41:40.488Z", "object_id": "32", "action_flag": 1}, "model": "admin.logentry", "pk": 68}, {"fields": {"object_repr": "\u0424\u044d\u043d\u0442\u0435\u0437\u0438", "change_message": "", "user": 1, "content_type": 9, "action_time": "2014-06-05T20:41:48.154Z", "object_id": "33", "action_flag": 1}, "model": "admin.logentry", "pk": 69}, {"fields": {"object_repr": "\u042d\u043a\u0448\u044d\u043d", "change_message": "", "user": 1, "content_type": 9, "action_time": "2014-06-05T20:41:56.972Z", "object_id": "34", "action_flag": 1}, "model": "admin.logentry", "pk": 70}, {"fields": {"object_repr": "\u0422\u0440\u0438\u043b\u043b\u0435\u0440", "change_message": "", "user": 1, "content_type": 9, "action_time": "2014-06-05T20:42:09.150Z", "object_id": "35", "action_flag": 1}, "model": "admin.logentry", "pk": 71}, {"fields": {"object_repr": "Anime Porn", "change_message": "", "user": 1, "content_type": 7, "action_time": "2014-06-05T20:42:22.515Z", "object_id": "5", "action_flag": 1}, "model": "admin.logentry", "pk": 72}, {"fields": {"object_repr": "\u042d\u0442\u0442\u0438", "change_message": "", "user": 1, "content_type": 9, "action_time": "2014-06-05T20:42:24.025Z", "object_id": "36", "action_flag": 1}, "model": "admin.logentry", "pk": 73}, {"fields": {"object_repr": "\u0413\u0435\u043d\u0435\u0440\u043d\u0430\u044f \u0438\u043d\u0442\u0440\u0438\u0433\u0430", "change_message": "", "user": 1, "content_type": 9, "action_time": "2014-06-05T20:42:34.232Z", "object_id": "37", "action_flag": 1}, "model": "admin.logentry", "pk": 74}, {"fields": {"object_repr": "\u042f\u043e\u0439", "change_message": "", "user": 1, "content_type": 9, "action_time": "2014-06-05T20:42:44.464Z", "object_id": "38", "action_flag": 1}, "model": "admin.logentry", "pk": 75}, {"fields": {"object_repr": "\u042e\u0440\u0438", "change_message": "", "user": 1, "content_type": 9, "action_time": "2014-06-05T20:42:52.071Z", "object_id": "39", "action_flag": 1}, "model": "admin.logentry", "pk": 76}, {"fields": {"object_repr": "\u0425\u0435\u043d\u0442\u0430\u0439", "change_message": "", "user": 1, "content_type": 9, "action_time": "2014-06-05T20:43:01.040Z", "object_id": "40", "action_flag": 1}, "model": "admin.logentry", "pk": 77}, {"fields": {"object_repr": "R", "change_message": "", "user": 1, "content_type": 8, "action_time": "2014-06-05T21:42:49.345Z", "object_id": "5", "action_flag": 1}, "model": "admin.logentry", "pk": 78}, {"fields": {"object_repr": "Anime School", "change_message": "", "user": 1, "content_type": 7, "action_time": "2014-06-05T22:03:52.857Z", "object_id": "6", "action_flag": 1}, "model": "admin.logentry", "pk": 79}, {"fields": {"object_repr": "41-\u0428\u043a\u043e\u043b\u0430", "change_message": "", "user": 1, "content_type": 9, "action_time": "2014-06-05T22:03:54.654Z", "object_id": "41", "action_flag": 1}, "model": "admin.logentry", "pk": 80}, {"fields": {"object_repr": "42-\u041a\u043e\u043c\u0435\u0434\u0438\u044f", "change_message": "", "user": 1, "content_type": 9, "action_time": "2014-06-05T22:04:04.704Z", "object_id": "42", "action_flag": 1}, "model": "admin.logentry", "pk": 81}, {"fields": {"object_repr": "43-\u0420\u043e\u043c\u0430\u043d\u0442\u0438\u043a\u0430", "change_message": "", "user": 1, "content_type": 9, "action_time": "2014-06-05T22:04:15.204Z", "object_id": "43", "action_flag": 1}, "model": "admin.logentry", "pk": 82}, {"fields": {"object_repr": "44-\u0413\u0430\u0440\u0435\u043c", "change_message": "", "user": 1, "content_type": 9, "action_time": "2014-06-05T22:04:25.931Z", "object_id": "44", "action_flag": 1}, "model": "admin.logentry", "pk": 83}, {"fields": {"object_repr": "Akuma no Riddle", "change_message": "", "user": 1, "content_type": 21, "action_time": "2014-06-06T15:22:44.948Z", "object_id": "3", "action_flag": 3}, "model": "admin.logentry", "pk": 84}, {"fields": {"object_repr": "Captain Earth", "change_message": "", "user": 1, "content_type": 21, "action_time": "2014-06-07T19:55:47.661Z", "object_id": "10", "action_flag": 3}, "model": "admin.logentry", "pk": 85}, {"fields": {"object_repr": "1-", "change_message": "", "user": 1, "content_type": 18, "action_time": "2014-06-07T23:01:35.369Z", "object_id": "6", "action_flag": 3}, "model": "admin.logentry", "pk": 87}, {"fields": {"object_repr": "1-", "change_message": "", "user": 1, "content_type": 18, "action_time": "2014-06-07T23:01:35.521Z", "object_id": "5", "action_flag": 3}, "model": "admin.logentry", "pk": 88}, {"fields": {"object_repr": "Pluto", "change_message": "", "user": 1, "content_type": 21, "action_time": "2014-06-10T15:16:01.592Z", "object_id": "14", "action_flag": 3}, "model": "admin.logentry", "pk": 89}, {"fields": {"object_repr": "Anime", "change_message": "Changed avatar.", "user": 1, "content_type": 11, "action_time": "2014-06-12T03:11:58.541Z", "object_id": "1", "action_flag": 2}, "model": "admin.logentry", "pk": 90}, {"fields": {"object_repr": "Detectives", "change_message": "", "user": 1, "content_type": 7, "action_time": "2014-06-12T04:36:05.503Z", "object_id": "7", "action_flag": 1}, "model": "admin.logentry", "pk": 91}, {"fields": {"object_repr": "Anime", "change_message": "No fields changed.", "user": 1, "content_type": 11, "action_time": "2014-06-12T04:39:06.919Z", "object_id": "1", "action_flag": 2}, "model": "admin.logentry", "pk": 92}, {"fields": {"object_repr": "Anime", "change_message": "Changed avatar.", "user": 1, "content_type": 11, "action_time": "2014-06-12T04:40:27.705Z", "object_id": "1", "action_flag": 2}, "model": "admin.logentry", "pk": 93}, {"fields": {"object_repr": "Anime", "change_message": "", "user": 1, "content_type": 25, "action_time": "2014-06-12T04:47:26.285Z", "object_id": "1", "action_flag": 1}, "model": "admin.logentry", "pk": 94}, {"fields": {"object_repr": "Manga", "change_message": "", "user": 1, "content_type": 25, "action_time": "2014-06-12T04:47:44.568Z", "object_id": "2", "action_flag": 1}, "model": "admin.logentry", "pk": 95}, {"fields": {"object_repr": "kRXCaPS", "change_message": "", "user": 1, "content_type": 8, "action_time": "2014-06-21T07:53:54.905Z", "object_id": "9", "action_flag": 3}, "model": "admin.logentry", "pk": 96}, {"fields": {"object_repr": "syCouHx", "change_message": "", "user": 1, "content_type": 8, "action_time": "2014-06-21T07:53:55.082Z", "object_id": "8", "action_flag": 3}, "model": "admin.logentry", "pk": 97}, {"fields": {"object_repr": "UQpBu", "change_message": "", "user": 1, "content_type": 8, "action_time": "2014-06-21T07:53:55.250Z", "object_id": "7", "action_flag": 3}, "model": "admin.logentry", "pk": 98}, {"fields": {"object_repr": "kywmHo", "change_message": "", "user": 1, "content_type": 8, "action_time": "2014-06-21T07:53:55.406Z", "object_id": "6", "action_flag": 3}, "model": "admin.logentry", "pk": 99}, {"fields": {"object_repr": "Detectives", "change_message": "", "user": 1, "content_type": 10, "action_time": "2014-06-22T09:44:03.188Z", "object_id": "2", "action_flag": 1}, "model": "admin.logentry", "pk": 100}, {"fields": {"object_repr": "Criminalystic", "change_message": "", "user": 1, "content_type": 11, "action_time": "2014-06-22T09:44:46.915Z", "object_id": "3", "action_flag": 1}, "model": "admin.logentry", "pk": 101}, {"fields": {"object_repr": "Detectives", "change_message": "", "user": 1, "content_type": 25, "action_time": "2014-06-22T09:46:31.622Z", "object_id": "3", "action_flag": 1}, "model": "admin.logentry", "pk": 102}, {"fields": {"object_repr": "Detectives", "change_message": "", "user": 1, "content_type": 25, "action_time": "2014-06-22T09:46:57.241Z", "object_id": "3", "action_flag": 3}, "model": "admin.logentry", "pk": 103}, {"fields": {"object_repr": "Criminalystic", "change_message": "", "user": 1, "content_type": 25, "action_time": "2014-06-22T10:29:40.379Z", "object_id": "3", "action_flag": 1}, "model": "admin.logentry", "pk": 104}]