[{"pk": 1, "fields": {"name": "Japanese"}, "model": "myapp.categorygroup"}, {"pk": 2, "fields": {"name": "Detectives"}, "model": "myapp.categorygroup"}, {"pk": 3, "fields": {"name": "Fantstic"}, "model": "myapp.categorygroup"}, {"pk": 4, "fields": {"name": "Games"}, "model": "myapp.categorygroup"}, {"pk": 1, "fields": {"name": "G"}, "model": "myapp.raiting"}, {"pk": 2, "fields": {"name": "PG"}, "model": "myapp.raiting"}, {"pk": 3, "fields": {"name": "PG-13"}, "model": "myapp.raiting"}, {"pk": 4, "fields": {"name": "R"}, "model": "myapp.raiting"}, {"pk": 5, "fields": {"name": "NC-17"}, "model": "myapp.raiting"}, {"pk": 1, "fields": {"icon": "/home/ctulhu/anylist/anylist/media/anime_2.jpg", "group": 1, "avatar": "/home/ctulhu/anylist/anylist/media/anime_1.jpg", "name": "Anime"}, "model": "myapp.category"}, {"pk": 2, "fields": {"icon": "/home/ctulhu/anylist/anylist/media/manga_1.jpg", "group": 1, "avatar": "/home/ctulhu/anylist/anylist/media/manga.jpg", "name": "Manga"}, "model": "myapp.category"}, {"pk": 3, "fields": {"icon": "/home/ctulhu/anylist/anylist/media/images.duckduckgo.com_1.jpeg", "group": 2, "avatar": "/home/ctulhu/anylist/anylist/media/images.duckduckgo.com.jpeg", "name": "Detective Serial"}, "model": "myapp.category"}, {"pk": 4, "fields": {"icon": "/home/ctulhu/anylist/anylist/media/novells_1.jpg", "group": 1, "avatar": "/home/ctulhu/anylist/anylist/media/novells.jpg", "name": "Novells"}, "model": "myapp.category"}, {"pk": 5, "fields": {"icon": "/home/ctulhu/anylist/anylist/media/visualkey_1.jpg", "group": 1, "avatar": "/home/ctulhu/anylist/anylist/media/visualkey.jpg", "name": "Visual Kei"}, "model": "myapp.category"}, {"pk": 6, "fields": {"icon": "/home/ctulhu/anylist/anylist/media/d_books_1.jpg", "group": 2, "avatar": "/home/ctulhu/anylist/anylist/media/d_books.jpg", "name": "Detective Books"}, "model": "myapp.category"}, {"pk": 7, "fields": {"icon": "/home/ctulhu/anylist/anylist/media/comix_1.jpg", "group": 3, "avatar": "/home/ctulhu/anylist/anylist/media/comix.jpg", "name": "Comix"}, "model": "myapp.category"}, {"pk": 8, "fields": {"icon": "/home/ctulhu/anylist/anylist/media/jp_games_1.jpg", "group": 4, "avatar": "/home/ctulhu/anylist/anylist/media/jp_games.jpg", "name": "Games"}, "model": "myapp.category"}, {"pk": 9, "fields": {"icon": "/home/ctulhu/anylist/anylist/media/f_serial_1.jpg", "group": 3, "avatar": "/home/ctulhu/anylist/anylist/media/f_serial.jpg", "name": "Fantstic Films"}, "model": "myapp.category"}, {"pk": 10, "fields": {"icon": "/home/ctulhu/anylist/anylist/media/f_books_1.jpg", "group": 3, "avatar": "/home/ctulhu/anylist/anylist/media/f_books.jpg", "name": "Fantstic Books"}, "model": "myapp.category"}, {"pk": 1, "fields": {"name": "Shounen"}, "model": "myapp.genre"}, {"pk": 2, "fields": {"name": "Shoujo"}, "model": "myapp.genre"}, {"pk": 3, "fields": {"name": "Seinen"}, "model": "myapp.genre"}, {"pk": 4, "fields": {"name": "Shoujo Ai"}, "model": "myapp.genre"}, {"pk": 5, "fields": {"name": "Shounen Ai"}, "model": "myapp.genre"}, {"pk": 6, "fields": {"name": "Djosay"}, "model": "myapp.genre"}, {"pk": 7, "fields": {"name": "School"}, "model": "myapp.genre"}, {"pk": 8, "fields": {"name": "Harem"}, "model": "myapp.genre"}, {"pk": 9, "fields": {"name": "Comedy"}, "model": "myapp.genre"}, {"pk": 10, "fields": {"name": "Romantic"}, "model": "myapp.genre"}, {"pk": 11, "fields": {"name": "Techno Detective"}, "model": "myapp.genre"}, {"pk": 12, "fields": {"name": "Nour Detective"}, "model": "myapp.genre"}, {"pk": 13, "fields": {"name": "Criminalystic"}, "model": "myapp.genre"}, {"pk": 14, "fields": {"name": "Detective"}, "model": "myapp.genre"}, {"pk": 15, "fields": {"name": "Sci-Fi"}, "model": "myapp.genre"}, {"pk": 16, "fields": {"name": "Fantstic"}, "model": "myapp.genre"}, {"pk": 17, "fields": {"name": "Psycology"}, "model": "myapp.genre"}, {"pk": 18, "fields": {"name": "Horror"}, "model": "myapp.genre"}, {"pk": 19, "fields": {"name": "Supernatural"}, "model": "myapp.genre"}, {"pk": 20, "fields": {"name": "Triller"}, "model": "myapp.genre"}, {"pk": 21, "fields": {"name": "Drama"}, "model": "myapp.genre"}, {"pk": 22, "fields": {"name": "Action"}, "model": "myapp.genre"}, {"pk": 23, "fields": {"name": "Adventure"}, "model": "myapp.genre"}, {"pk": 24, "fields": {"name": "Fantasy"}, "model": "myapp.genre"}, {"pk": 25, "fields": {"name": "Slice of Life"}, "model": "myapp.genre"}, {"pk": 26, "fields": {"name": "Games"}, "model": "myapp.genre"}, {"pk": 27, "fields": {"name": "Magic"}, "model": "myapp.genre"}, {"pk": 28, "fields": {"name": "Sport"}, "model": "myapp.genre"}, {"pk": 29, "fields": {"name": "Etti"}, "model": "myapp.genre"}, {"pk": 30, "fields": {"name": "Music"}, "model": "myapp.genre"}, {"pk": 31, "fields": {"name": "Mysctic"}, "model": "myapp.genre"}, {"pk": 32, "fields": {"name": "Vampires"}, "model": "myapp.genre"}, {"pk": 33, "fields": {"name": "Historical"}, "model": "myapp.genre"}, {"pk": 1, "fields": {"category": 1, "genres": [3, 1, 5], "name": "Anime Male"}, "model": "myapp.genregroup"}, {"pk": 2, "fields": {"category": 1, "genres": [6, 2, 4], "name": "Anime Female"}, "model": "myapp.genregroup"}, {"pk": 3, "fields": {"category": 1, "genres": [9, 29, 8, 10, 7], "name": "Anime School"}, "model": "myapp.genregroup"}, {"pk": 4, "fields": {"category": 2, "genres": [13, 14, 12, 11], "name": "Detectives"}, "model": "myapp.genregroup"}, {"pk": 5, "fields": {"category": 1, "genres": [22, 23, 14, 21, 24, 16, 26, 33, 18, 27, 30, 31, 17, 15, 25, 28, 19, 20, 32], "name": "Anime Standart"}, "model": "myapp.genregroup"}, {"pk": 1, "fields": {"name": "Seyu"}, "model": "myapp.employ"}, {"pk": 2, "fields": {"name": "Produccer"}, "model": "myapp.employ"}, {"pk": 3, "fields": {"name": "Scenario"}, "model": "myapp.employ"}, {"pk": 4, "fields": {"name": "Original Autor"}, "model": "myapp.employ"}, {"pk": 5, "fields": {"name": "Director"}, "model": "myapp.employ"}, {"pk": 6, "fields": {"name": "Compositor"}, "model": "myapp.employ"}, {"pk": 7, "fields": {"name": "Soundtrack"}, "model": "myapp.employ"}, {"pk": 8, "fields": {"name": "Sound Director"}, "model": "myapp.employ"}, {"pk": 1, "fields": {"avatar": "/home/ctulhu/anylist/anylist/media/5626.jpg", "name": "Yoshimasa Hosoya"}, "model": "myapp.creator"}, {"pk": 5, "fields": {"avatar": "/home/ctulhu/anylist/anylist/media/513.jpg", "name": "Yuuichi Nakamura"}, "model": "myapp.creator"}, {"pk": 6, "fields": {"avatar": "/home/ctulhu/anylist/anylist/media/185.jpg", "name": "Kana Hanazawa"}, "model": "myapp.creator"}, {"pk": 7, "fields": {"avatar": "/home/ctulhu/anylist/anylist/media/31.jpg", "name": "Mai Nakahara"}, "model": "myapp.creator"}, {"pk": 8, "fields": {"avatar": "/home/ctulhu/anylist/anylist/media/869.jpg", "name": "Saori Hayami"}, "model": "myapp.creator"}, {"pk": 9, "fields": {"avatar": "/home/ctulhu/anylist/anylist/media/11817.jpg", "name": "Yoshitsugu Matsuoka"}, "model": "myapp.creator"}, {"pk": 10, "fields": {"avatar": "/home/ctulhu/anylist/anylist/media/99.jpg", "name": "Miyuki Sawashiro"}, "model": "myapp.creator"}, {"pk": 11, "fields": {"avatar": "/home/ctulhu/anylist/anylist/media/11466.jpg", "name": "Reki Kawahara"}, "model": "myapp.creator"}, {"pk": 12, "fields": {"avatar": "/home/ctulhu/anylist/anylist/media/10801.jpg", "name": "Tomohiko Itou"}, "model": "myapp.creator"}, {"pk": 13, "fields": {"avatar": "/home/ctulhu/anylist/anylist/media/5077.jpg", "name": "Yuki Kajiura"}, "model": "myapp.creator"}, {"pk": 14, "fields": {"avatar": "/home/ctulhu/anylist/anylist/media/13693.jpg", "name": "Eir Aoi"}, "model": "myapp.creator"}, {"pk": 15, "fields": {"avatar": "/home/ctulhu/anylist/anylist/media/15651.jpg", "name": "Luna Haruna"}, "model": "myapp.creator"}, {"pk": 16, "fields": {"avatar": "/home/ctulhu/anylist/anylist/media/6016.jpg", "name": "Yoshikazu Iwanami"}, "model": "myapp.creator"}, {"pk": 17, "fields": {"avatar": "/home/ctulhu/anylist/anylist/media/15319.jpg", "name": "Miku Sawai"}, "model": "myapp.creator"}, {"pk": 5, "fields": {"description": "<p>\u0413\u043b\u0430\u0432\u043d\u044b\u0439 \u0433\u0435\u0440\u043e\u0439 \u0438\u0441\u0442\u043e\u0440\u0438\u0438. \u0423\u0447\u0435\u043d\u0438\u043a \u0432\u0442\u043e\u0440\u043e\u0433\u043e \u043f\u043e\u0442\u043e\u043a\u0430. \u041e\u0447\u0435\u043d\u044c \u0445\u043e\u0440\u043e\u0448 \u0432 \u0442\u0435\u043e\u0440\u0438\u0438 \u043c\u0430\u0433\u0438\u0438, \u043d\u043e \u0441\u043b\u0430\u0431 \u0432 \u043f\u0440\u0430\u043a\u0442\u0438\u0447\u0435\u0441\u043a\u043e\u043c \u043f\u0440\u0438\u043c\u0435\u043d\u0435\u043d\u0438\u0438. \u0421\u043f\u0435\u0446\u0438\u0430\u043b\u0438\u0437\u0438\u0440\u0443\u0435\u0442\u0441\u044f \u043d\u0430 \u043f\u0440\u0435\u0440\u044b\u0432\u0430\u043d\u0438\u0438 \u0437\u0430\u043a\u043b\u0438\u043d\u0430\u043d\u0438\u0439. \u041e\u0431\u043b\u0430\u0434\u0430\u0435\u0442 \u0440\u0435\u0434\u043a\u0438\u043c \u043d\u0430\u0432\u044b\u043a\u043e\u043c \u0447\u0442\u0435\u043d\u0438\u044f \u0434\u0430\u043d\u043d\u044b\u0445 \u0437\u0430\u043a\u043b\u0438\u043d\u0430\u043d\u0438\u044f \u0447\u0442\u043e \u043f\u043e\u0437\u0432\u043e\u043b\u044f\u0435\u0442 \u0435\u043c\u0443 \u043f\u043e\u043d\u0438\u043c\u0430\u0442\u044c \u043f\u0440\u0438\u0440\u043e\u0434\u0443 \u043c\u0430\u0433\u0438\u0438 \u0434\u043e \u0442\u043e\u0433\u043e \u043a\u0430\u043a \u0437\u0430\u043a\u043b\u0438\u043d\u0430\u043d\u0438\u0435 \u0431\u0443\u0434\u0435\u0442 \u0437\u0430\u0432\u0435\u0440\u0448\u0435\u043d\u043e. \u0423\u0447\u0435\u043d\u0438\u043a \u041a\u043e\u043a\u043e\u043d\u043e\u044d \u042f\u043a\u0443\u043c\u043e.<br />\u0420\u043e\u0434\u0438\u043b\u0441\u044f \u0441 \u043e\u0447\u0435\u043d\u044c \u0441\u043b\u0430\u0431\u044b\u043c\u0438 \u0441\u043f\u043e\u0441\u043e\u0431\u043d\u043e\u0441\u0442\u044f\u043c\u0438 \u043a \u043c\u0430\u0433\u0438\u0438</p>", "avatar": "/home/ctulhu/anylist/anylist/media/55743_4.jpg", "is_main_hero": null, "name": "Tatsuya Shiba"}, "model": "myapp.hero"}, {"pk": 6, "fields": {"description": "<p>\u0421\u0435\u0441\u0442\u0440\u0430 \u0422\u0430\u0446\u0443\u0438. \u041f\u0440\u0435\u043a\u0440\u0430\u0441\u043d\u0430\u044f \u0434\u0435\u0432\u0443\u0448\u043a\u0430, \u043a\u043e\u0442\u043e\u0440\u043e\u0439 \u0432\u043e\u0441\u0445\u0438\u0449\u0430\u044e\u0442\u0441\u044f \u0432\u0441\u0435. \u041e\u0434\u043d\u0430 \u0438\u0437 \u043a\u0430\u043d\u0434\u0438\u0434\u0430\u0442\u043e\u0432 \u043d\u0430 \u0437\u0432\u0430\u043d\u0438\u0435 \u0431\u0443\u0434\u0443\u0449\u0435\u0433\u043e \u0433\u043b\u0430\u0432\u044b \u0421\u0435\u043c\u044c\u0438 \u0401\u0446\u0443\u0431\u0430. \u0421\u043f\u0435\u0446\u0438\u0430\u043b\u0438\u0437\u0438\u0440\u0443\u0435\u0442\u0441\u044f \u043d\u0430 \u0441\u043a\u043e\u0440\u043e\u0441\u0442\u0438 \u043f\u0440\u0438\u043c\u0435\u043d\u0435\u043d\u0438\u044f \u0437\u0430\u043a\u043b\u0438\u043d\u0430\u043d\u0438\u0439 \u0438 \u043c\u0430\u0433\u0438\u0438 \u0437\u0430\u043c\u043e\u0440\u043e\u0437\u043a\u0438. \u041b\u044e\u0431\u0438\u0442 \u0441\u0432\u043e\u0435\u0433\u043e \u0431\u0440\u0430\u0442\u0430 \u0438 \u0440\u0435\u0432\u043d\u0443\u0435\u0442 \u0435\u0433\u043e \u043a \u0430\u0431\u0441\u043e\u043b\u044e\u0442\u043d\u043e \u0432\u0441\u0435\u043c \u0434\u0435\u0432\u0443\u0448\u043a\u0430\u043c. \u0418\u0441\u043f\u044b\u0442\u044b\u0432\u0430\u0435\u0442 \u043d\u0435\u043f\u0440\u0438\u044f\u0437\u043d\u044c \u043a\u043e \u0432\u0441\u0435\u043c \u043c\u0443\u0436\u0447\u0438\u043d\u0430\u043c \u043a\u0440\u043e\u043c\u0435 \u0422\u0430\u0446\u0443\u0438, \u043d\u043e \u043d\u0438\u043a\u043e\u0433\u0434\u0430 \u044d\u0442\u043e\u0433\u043e \u043d\u0435 \u043f\u043e\u043a\u0430\u0437\u044b\u0432\u0430\u0435\u0442. \u0422\u0430\u043a \u043a\u0430\u043a \u0431\u0440\u0430\u0442 \u0435\u0451 \u043d\u0435 \u043c\u043e\u0436\u0435\u0442 \u0437\u043b\u0438\u0442\u044c\u0441\u044f, \u043e\u043d\u0430 \u0437\u043b\u0438\u0442\u0441\u044f \u0432\u043c\u0435\u0441\u0442\u043e \u043d\u0435\u0433\u043e. \u0412\u0441\u0435 \u0434\u043e\u043c\u0430\u0448\u043d\u0438\u0435 \u0434\u0435\u043b\u0430 \u043a\u043e\u0442\u043e\u0440\u044b\u0435 \u043a\u0430\u0441\u0430\u044e\u0442\u0441\u044f \u0422\u0430\u0446\u0443\u0438 \u0434\u0435\u043b\u0430\u0435\u0442 \u0441\u0430\u043c\u0430, \u0430 \u043d\u0435 \u0414\u0410\u0420 (\u0414\u043e\u043c\u0430\u0448\u043d\u0438\u0439 \u0410\u0432\u0442\u043e\u043c\u0430\u0442\u0438\u0447\u0435\u0441\u043a\u0438\u0439 \u0420\u043e\u0431\u043e\u0442). \u041f\u043e \u0438\u0442\u043e\u0433\u0430\u043c \u043f\u0440\u0430\u043a\u0442\u0438\u0447\u0435\u0441\u043a\u0438\u0445 \u0442\u0435\u0441\u0442\u043e\u0432 \u0438 \u043e\u0431\u0449\u0438\u043c \u0438\u0442\u043e\u0433\u0430\u043c \u0441\u0442\u0430\u043b\u0430 \u043b\u0443\u0447\u0448\u0435\u0439 \u043f\u0435\u0440\u0432\u043e\u0433\u043e\u0434\u043a\u043e\u0439, \u0437\u0430\u043d\u044f\u043b\u0430 \u0432\u0442\u043e\u0440\u043e\u0435 \u043c\u0435\u0441\u0442\u043e (\u043f\u043e\u0441\u043b\u0435 \u0422\u0430\u0446\u0443\u0438) \u043f\u043e \u0442\u0435\u043e\u0440\u0435\u0442\u0438\u0447\u0435\u0441\u043a\u0438\u043c \u0442\u0435\u0441\u0442\u0430\u043c.</p>", "avatar": "/home/ctulhu/anylist/anylist/media/55741.jpg", "is_main_hero": null, "name": "Miyuki Shiba"}, "model": "myapp.hero"}, {"pk": 1, "fields": {"category": 1, "avatar": "/home/ctulhu/anylist/anylist/media/20785.jpg", "alt_names": [], "genres": [16, 10, 7, 1, 19], "heroes": [6], "description": "<p>\u0427\u0442\u043e \u0434\u043b\u044f \u043d\u0430\u0441 \u043c\u0430\u0433\u0438\u044f? \u042d\u0442\u043e \u043d\u0435\u0447\u0442\u043e \u043d\u0435\u0432\u043e\u043e\u0431\u0440\u0430\u0437\u0438\u043c\u043e\u0435, \u0441\u0443\u0449\u0435\u0441\u0442\u0432\u0443\u044e\u0449\u0435\u0435 \u0442\u043e\u043b\u044c\u043a\u043e \u0432 \u043c\u0435\u0447\u0442\u0430\u0445. \u041f\u0440\u043e\u0445\u043e\u0434\u044f\u0442 \u0433\u043e\u0434\u0430 \u0438... \u043e\u043d\u0430 \u0441\u0442\u0430\u043d\u043e\u0432\u0438\u0442\u0441\u044f \u043d\u0435 \u043f\u0440\u043e\u0441\u0442\u043e \u0434\u043e\u0441\u0442\u043e\u044f\u043d\u0438\u0435\u043c \u043e\u0431\u0449\u0435\u0441\u0442\u0432\u0430, \u0430 \u043d\u0430\u0443\u043a\u043e\u0439. \u041a\u0430\u0436\u0434\u044b\u0439 \u0434\u0435\u043d\u044c \u0443\u0447\u0451\u043d\u044b\u0435 \u0434\u0435\u043b\u0430\u044e\u0442 \u0432\u0441\u0451 \u043d\u043e\u0432\u044b\u0435 \u043e\u0442\u043a\u0440\u044b\u0442\u0438\u044f \u0432 \u044d\u0442\u043e\u043c \u0438\u0441\u043a\u0443\u0441\u0441\u0442\u0432\u0435, \u043f\u043e\u0441\u0442\u0440\u043e\u0435\u043d\u043d\u044b\u0435 \u0432 \u043e\u0441\u043d\u043e\u0432\u043d\u043e\u043c \u043d\u0430 \u0437\u043d\u0430\u043d\u0438\u044f\u0445 \u0444\u0438\u0437\u0438\u043a\u0438 \u0431\u0443\u0434\u0443\u0449\u0435\u0433\u043e. \u0415\u0441\u0442\u0435\u0441\u0442\u0432\u0435\u043d\u043d\u043e, \u043d\u0435 \u043e\u0431\u043e\u0439\u0442\u0438\u0441\u044c \u0438 \u0431\u0435\u0437 \u043c\u043e\u043b\u043e\u0434\u044b\u0445, \u0434\u043b\u044f \u043a\u043e\u0442\u043e\u0440\u044b\u0445 \u0431\u044b\u043b\u0430 \u043e\u0442\u043a\u0440\u044b\u0442\u0430 \u0441\u0442\u0430\u0440\u0448\u0430\u044f \u0448\u043a\u043e\u043b\u0430 \u043f\u0440\u0438 \u0443\u043d\u0438\u0432\u0435\u0440\u0441\u0438\u0442\u0435\u0442\u0435. \u0412\u043e\u0442 \u0442\u043e\u043b\u044c\u043a\u043e \u0434\u0438\u0441\u043a\u0440\u0438\u043c\u0438\u043d\u0430\u0446\u0438\u044f \u0432 \u043c\u0438\u0440\u0435 \u043a\u0430\u043a \u0431\u044b\u043b\u0430, \u0442\u0430\u043a \u0438 \u043e\u0441\u0442\u0430\u0451\u0442\u0441\u044f: \u043f\u043e\u043f\u0430\u0441\u0442\u044c \u0432 \u043d\u0435\u0451 \u043c\u043e\u0433\u0443\u0442 \u0442\u043e\u043b\u044c\u043a\u043e \u043b\u044e\u0434\u0438 \u0441\u043e \u0441\u043f\u043e\u0441\u043e\u0431\u043d\u043e\u0441\u0442\u044f\u043c\u0438. \u041d\u043e \u044d\u0442\u043e \u0435\u0449\u0451 \u043d\u0435 \u0432\u0441\u0451: \u0432\u043d\u0443\u0442\u0440\u0438 \u0441\u0442\u0435\u043d \u0448\u043a\u043e\u043b\u044b \u0432\u0430\u0441 \u043f\u043e\u0434\u0435\u043b\u044f\u0442 &mdash; \u043d\u0430 &laquo;\u0441\u043e\u0440\u043d\u044f\u043a\u0438&raquo; \u0438 &laquo;\u0446\u0432\u0435\u0442\u043a\u0438&raquo;. \u0422\u0430\u043a \u0438 \u043e\u043a\u0430\u0437\u0430\u043b\u0430\u0441\u044c \u043d\u0430\u0448\u0430 \u0433\u043b\u0430\u0432\u043d\u0430\u044f \u0433\u0435\u0440\u043e\u0438\u043d\u044f-\u0441\u0435\u0441\u0442\u0440\u0430 <a href=\"http://shikimori.org/characters/55741-Miyuki-Shiba\">\u041c\u0438\u044e\u043a\u0438</a> \u0432 \u043f\u0435\u0440\u0432\u043e\u043c \u043f\u043e\u0442\u043e\u043a\u0435, \u0441\u0442\u0430\u0432 \u043b\u0443\u0447\u0448\u0435\u0439 \u043f\u043e \u043f\u0440\u043e\u0445\u043e\u0434\u043d\u043e\u043c\u0443 \u0431\u0430\u043b\u043b\u0443 \u0431\u043b\u0430\u0433\u043e\u0434\u0430\u0440\u044f \u0441\u0432\u043e\u0438\u043c \u043f\u0440\u0430\u043a\u0442\u0438\u0447\u0435\u0441\u043a\u0438\u043c \u0441\u043f\u043e\u0441\u043e\u0431\u043d\u043e\u0441\u0442\u044f\u043c, \u0430 \u0442\u0435\u043e\u0440\u0435\u0442\u0438\u043a\u0430-\u0431\u0440\u0430\u0442\u0430 <a href=\"http://shikimori.org/characters/55743-Tatsuya-Shiba\">\u0422\u0430\u0446\u0443\u044e</a> \u043e\u0442\u043f\u0440\u0430\u0432\u0438\u043b\u0438 \u0432\u043e \u0432\u0442\u043e\u0440\u043e\u0439 \u043f\u043e\u0442\u043e\u043a \u0433\u043d\u0438\u0442\u044c \u043a &laquo;\u0441\u043e\u0440\u043d\u044f\u043a\u0430\u043c&raquo;. \u0414\u0430 \u043d\u0435 \u0442\u0443\u0442-\u0442\u043e \u0431\u044b\u043b\u043e: \u0441\u0438\u0441\u0442\u0435\u043c\u0430 \u043e\u0442\u0431\u043e\u0440\u0430 \u0443 \u0448\u043a\u043e\u043b\u044b \u0437\u0430\u043c\u0435\u0442\u043d\u043e \u0441\u0442\u0440\u0430\u0434\u0430\u0435\u0442; \u0443\u0436\u0435 \u043e\u0447\u0435\u043d\u044c \u0441\u043a\u043e\u0440\u043e \u0434\u0440\u0443\u0437\u044c\u044f \u0431\u0443\u0434\u0443\u0442 \u0440\u0430\u0441\u043f\u0430\u0445\u0438\u0432\u0430\u0442\u044c \u0440\u0442\u044b \u043e\u0442 \u043d\u043e\u0432\u0435\u043d\u044c\u043a\u043e\u0433\u043e &laquo;\u043d\u0435\u0434\u043e\u043c\u0430\u0433\u0430&raquo;, \u0434\u0435\u0432\u0443\u0448\u043a\u0438 \u0431\u0443\u0434\u0443\u0442 \u0432\u0435\u0448\u0430\u0442\u044c\u0441\u044f \u043d\u0430 \u0448\u0435\u044e, \u0430 \u0432\u0440\u0430\u0433\u0438 \u043f\u043e\u0436\u0430\u043b\u0435\u044e\u0442, \u0447\u0442\u043e \u0432\u043e\u043e\u0431\u0449\u0435 \u0441\u0432\u044f\u0437\u0430\u043b\u0438\u0441\u044c \u0441 \u043d\u0438\u043c!</p>", "title": "Mahouka Koukou no Rettousei", "creators": [], "old_limit": 3}, "model": "myapp.product"}, {"pk": 2, "fields": {"category": 1, "avatar": "/home/ctulhu/anylist/anylist/media/7674.jpg", "alt_names": [], "genres": [9, 14, 10, 7, 1], "heroes": [], "description": "<p><a href=\"http://shikimori.org/characters/14545-Moritaka-Mashiro\">\u041c\u043e\u0440\u0438\u0442\u0430\u043a\u0430 \u041c\u0430\u0448\u0438\u0440\u043e</a> \u0438 <a href=\"http://shikimori.org/characters/14552-Akito-Takagi\">\u0410\u043a\u0438\u0442\u043e \u0422\u0430\u043a\u0430\u0433\u0438</a> &ndash; \u0430\u043c\u0431\u0438\u0446\u0438\u043e\u0437\u043d\u044b\u0435 \u0443\u0447\u0435\u043d\u0438\u043a\u0438 \u0434\u0435\u0432\u044f\u0442\u043e\u0433\u043e \u043a\u043b\u0430\u0441\u0441\u0430. \u041e\u0434\u0438\u043d &mdash; \u0445\u0443\u0434\u043e\u0436\u043d\u0438\u043a, \u0432\u0442\u043e\u0440\u043e\u0439 &mdash; \u043d\u0430\u0447\u0438\u043d\u0430\u044e\u0449\u0438\u0439 \u043f\u0438\u0441\u0430\u0442\u0435\u043b\u044c. \u0412\u043c\u0435\u0441\u0442\u0435 \u043e\u043d\u0438 \u0440\u0435\u0448\u0430\u044e\u0442 \u0441\u0442\u0430\u0442\u044c \u0432\u0435\u043b\u0438\u0447\u0430\u0439\u0448\u0438\u043c\u0438 \u043c\u0430\u043d\u0433\u0430\u043a\u0430\u043c\u0438 \u042f\u043f\u043e\u043d\u0438\u0438 \u0438 \u043e\u0431\u0440\u0430\u0437\u0443\u044e\u0442 \u0434\u0443\u044d\u0442 \u043f\u043e\u0434 \u043e\u0431\u0449\u0438\u043c \u043f\u0441\u0435\u0432\u0434\u043e\u043d\u0438\u043c\u043e\u043c &quot;\u041c\u0443\u0442\u043e \u0410\u0441\u0438\u0440\u043e\u0433\u0438&quot;. \u0412 \u043a\u0430\u0447\u0435\u0441\u0442\u0432\u0435 \u043c\u0430\u0441\u0442\u0435\u0440\u0441\u043a\u043e\u0439 \u043e\u043d\u0438 \u0431\u0435\u0440\u0443\u0442 \u043a\u0432\u0430\u0440\u0442\u0438\u0440\u0443 \u0443\u043c\u0435\u0440\u0448\u0435\u0433\u043e \u0434\u044f\u0434\u0438 <a href=\"http://shikimori.org/characters/14545-Moritaka-Mashiro\">\u041c\u0430\u0448\u0438\u0440\u043e</a> &ndash; \u043c\u0430\u043d\u0433\u0430\u043a\u0438, \u0442\u0430\u043a \u0438 \u043d\u0435 \u0434\u043e\u0431\u0438\u0432\u0448\u0435\u0433\u043e\u0441\u044f \u0443\u0441\u043f\u0435\u0445\u0430.</p><p>\u041e\u0434\u043d\u0430\u0436\u0434\u044b <a href=\"http://shikimori.org/characters/14545-Moritaka-Mashiro\">\u041c\u0430\u0448\u0438\u0440\u043e</a> \u0441\u043f\u043e\u043d\u0442\u0430\u043d\u043d\u043e \u043f\u0440\u0435\u0434\u043b\u0430\u0433\u0430\u0435\u0442 \u0432\u044b\u0439\u0442\u0438 \u0437\u0430 \u043d\u0435\u0433\u043e \u0437\u0430\u043c\u0443\u0436 <a href=\"http://shikimori.org/characters/14546-Miho-Azuki\">\u041c\u0438\u0445\u043e \u0410\u0434\u0437\u0443\u043a\u0438</a> &ndash; \u0434\u0435\u0432\u0443\u0448\u043a\u0435, \u0432 \u043a\u043e\u0442\u043e\u0440\u0443\u044e \u043e\u043d \u0442\u0430\u0439\u043d\u043e \u0432\u043b\u044e\u0431\u043b\u0451\u043d. \u0418 <a href=\"http://shikimori.org/characters/14546-Miho-Azuki\">\u0410\u0434\u0437\u0443\u043a\u0438</a>, \u043c\u0435\u0447\u0442\u0430\u044e\u0449\u0430\u044f \u0441\u0442\u0430\u0442\u044c \u0441\u0435\u0439\u044e \u0438 \u044f\u0432\u043d\u043e \u043d\u0435 \u0440\u0430\u0432\u043d\u043e\u0434\u0443\u0448\u043d\u0430\u044f \u043a <a href=\"http://shikimori.org/characters/14545-Moritaka-Mashiro\">\u041c\u0430\u0448\u0438\u0440\u043e</a>, \u043a \u0435\u0433\u043e \u0438\u0437\u0443\u043c\u043b\u0435\u043d\u0438\u044e \u0441\u043e\u0433\u043b\u0430\u0448\u0430\u0435\u0442\u0441\u044f. \u041d\u043e \u043f\u0440\u0438 \u043e\u0434\u043d\u043e\u043c \u0443\u0441\u043b\u043e\u0432\u0438\u0438. \u0421\u043f\u0435\u0440\u0432\u0430 \u043e\u043d\u0438 \u0434\u043e\u043b\u0436\u043d\u044b \u043e\u0441\u0443\u0449\u0435\u0441\u0442\u0432\u0438\u0442\u044c \u0441\u0432\u043e\u0438 \u043c\u0435\u0447\u0442\u044b: <a href=\"http://shikimori.org/characters/14545-Moritaka-Mashiro\">\u041c\u0430\u0448\u0438\u0440\u043e</a> \u0441\u0442\u0430\u0442\u044c \u043c\u0430\u043d\u0433\u0430\u043a\u043e\u0439 \u0438 \u0432\u044b\u043f\u0443\u0441\u0442\u0438\u0442\u044c \u0430\u043d\u0438\u043c\u0435, \u0430 <a href=\"http://shikimori.org/characters/14546-Miho-Azuki\">\u0410\u0434\u0437\u0443\u043a\u0438</a> \u0441\u0442\u0430\u0442\u044c \u0441\u044d\u0439\u044e \u0438 \u043e\u0437\u0432\u0443\u0447\u0438\u0442\u044c \u043e\u0434\u043d\u0443 \u0438\u0437 \u0433\u0435\u0440\u043e\u0438\u043d\u044c \u0435\u0433\u043e \u0441\u0435\u0440\u0438\u0430\u043b\u0430...</p>", "title": "Bakuman The Animation", "creators": [], "old_limit": 3}, "model": "myapp.product"}, {"pk": 3, "fields": {"category": 2, "avatar": "/home/ctulhu/anylist/anylist/media/980_o.jpg", "alt_names": [], "genres": [21, 8, 7, 1, 20], "heroes": [], "description": "<p>\u0421\u0442\u0430\u043b\u043a\u0435\u0440, \u0441\u0435\u0440\u0438\u0439\u043d\u044b\u0439 \u0443\u0431\u0438\u0439\u0446\u0430, \u043c\u0430\u0437\u043e\u0445\u0438\u0441\u0442\u043a\u0430, \u0440\u044b\u0446\u0430\u0440\u044c, \u043f\u043e\u0434\u0440\u0443\u0433\u0430 \u0434\u0435\u0442\u0441\u0442\u0432\u0430, \u0432\u0430\u043c\u043f\u0438\u0440 \u0438 \u0441\u043f\u044f\u0449\u0430\u044f \u043a\u0440\u0430\u0441\u0430\u0432\u0438\u0446\u0430... \u0421 \u043a\u0435\u043c \u0435\u0449\u0435 \u043f\u0440\u0435\u0434\u0441\u0442\u043e\u0438\u0442 \u0441\u0442\u043e\u043b\u043a\u043d\u0443\u0442\u044c\u0441\u044f \u0433\u043b\u0430\u0432\u043d\u043e\u043c\u0443 \u0433\u0435\u0440\u043e\u044e?</p>", "title": "Abnormal-kei Joshi", "creators": [], "old_limit": 5}, "model": "myapp.product"}, {"pk": 4, "fields": {"category": 3, "avatar": "/home/ctulhu/anylist/anylist/media/images.duckduckgo.com_2.jpeg", "alt_names": [], "genres": [13], "heroes": [], "description": "<p>\u0421\u0435\u0440\u0438\u0430\u043b \u043f\u043e\u0441\u0432\u044f\u0449\u0435\u043d \u0440\u0430\u0441\u043a\u0440\u044b\u0442\u0438\u044e \u043f\u0440\u0435\u0441\u0442\u0443\u043f\u043b\u0435\u043d\u0438\u0439, \u043a\u043e\u0442\u043e\u0440\u044b\u0435 \u0440\u0430\u0441\u0441\u043b\u0435\u0434\u0443\u0435\u0442 \u0441\u043f\u0435\u0446\u0438\u0430\u043b\u044c\u043d\u044b\u0439 \u0430\u0433\u0435\u043d\u0442 <a href=\"http://ru.wikipedia.org/wiki/%D0%A4%D0%91%D0%A0\">\u0424\u0411\u0420</a> <a href=\"http://ru.wikipedia.org/wiki/%D0%A1%D0%B8%D0%BB%D0%B8_%D0%91%D1%83%D1%82\">\u0421\u0438\u043b\u0438 \u0411\u0443\u0442</a> \u0441 \u043f\u043e\u043c\u043e\u0449\u044c\u044e \u043a\u043e\u043c\u0430\u043d\u0434\u044b <a href=\"http://ru.wikipedia.org/wiki/%D0%90%D0%BD%D1%82%D1%80%D0%BE%D0%BF%D0%BE%D0%BB%D0%BE%D0%B3%D0%B8%D1%8F\">\u0430\u043d\u0442\u0440\u043e\u043f\u043e\u043b\u043e\u0433\u043e\u0432</a> \u0438\u0437 \u0414\u0436\u0435\u0444\u0444\u0435\u0440\u0441\u043e\u043d\u043e\u0432\u0441\u043a\u043e\u0433\u043e \u0438\u043d\u0441\u0442\u0438\u0442\u0443\u0442\u0430 (\u0430\u043b\u043b\u044e\u0437\u0438\u044f \u043d\u0430 <a href=\"http://ru.wikipedia.org/wiki/%D0%A1%D0%BC%D0%B8%D1%82%D1%81%D0%BE%D0%BD%D0%BE%D0%B2%D1%81%D0%BA%D0%B8%D0%B9_%D0%B8%D0%BD%D1%81%D1%82%D0%B8%D1%82%D1%83%D1%82\">\u0421\u043c\u0438\u0442\u0441\u043e\u043d\u043e\u0432\u0441\u043a\u0438\u0439 \u0438\u043d\u0441\u0442\u0438\u0442\u0443\u0442</a>) \u043f\u043e\u0434 \u0440\u0443\u043a\u043e\u0432\u043e\u0434\u0441\u0442\u0432\u043e\u043c \u0434\u043e\u043a\u0442\u043e\u0440\u0430 <a href=\"http://ru.wikipedia.org/wiki/%D0%A2%D0%B5%D0%BC%D0%BF%D0%B5%D1%80%D0%B0%D0%BD%D1%81_%D0%91%D1%80%D0%B5%D0%BD%D0%BD%D0%B0%D0%BD\">\u0422\u0435\u043c\u043f\u0435\u0440\u0430\u043d\u0441 \u0411\u0440\u0435\u043d\u043d\u0430\u043d</a>. \u0414\u043e\u043a\u0442\u043e\u0440 \u0411\u0440\u0435\u043d\u043d\u0430\u043d \u0438 \u0435\u0451 \u043a\u043e\u043c\u0430\u043d\u0434\u0430, \u043a\u0430\u043a \u043f\u0440\u0430\u0432\u0438\u043b\u043e, \u043f\u043e\u043b\u0443\u0447\u0430\u044e\u0442 \u0434\u0435\u043b\u0430, \u0433\u0434\u0435 \u043e\u0442 \u0442\u0435\u043b\u0430 \u0443\u0431\u0438\u0442\u043e\u0433\u043e \u043e\u0441\u0442\u0430\u043b\u0438\u0441\u044c \u0442\u043e\u043b\u044c\u043a\u043e \u043a\u043e\u0441\u0442\u0438 \u043b\u0438\u0431\u043e \u0436\u0435 \u0441\u0433\u043d\u0438\u0432\u0448\u0438\u0435 \u043e\u0441\u0442\u0430\u043d\u043a\u0438. \u041d\u043e \u0434\u0430\u0432\u043d\u043e \u0443\u043c\u0435\u0440\u0448\u0438\u0435 \u0436\u0435\u0440\u0442\u0432\u044b \u043d\u0435 \u0435\u0434\u0438\u043d\u0441\u0442\u0432\u0435\u043d\u043d\u043e\u0435, \u0441 \u0447\u0435\u043c \u043f\u0440\u0438\u0434\u0435\u0442\u0441\u044f \u0441\u0442\u043e\u043b\u043a\u043d\u0443\u0442\u044c\u0441\u044f \u0411\u0440\u0435\u043d\u043d\u0430\u043d, \u0411\u0443\u0442\u0443 \u0438 \u0438\u0445 \u043a\u043e\u043c\u0430\u043d\u0434\u0435, \u0440\u0430\u0441\u043a\u0440\u044b\u0432\u0430\u044f \u043f\u0440\u0435\u0441\u0442\u0443\u043f\u043b\u0435\u043d\u0438\u044f, \u043e\u043d\u0438 \u0447\u0430\u0441\u0442\u043e \u0441\u0442\u0430\u043b\u043a\u0438\u0432\u0430\u044e\u0442\u0441\u044f \u0441 \u0432\u0437\u044f\u0442\u043e\u0447\u043d\u0438\u0447\u0435\u0441\u0442\u0432\u043e\u043c, \u043a\u043e\u0440\u0440\u0443\u043f\u0446\u0438\u0435\u0439 \u0438 \u043c\u0435\u0441\u0442\u043d\u043e\u0439 \u0440\u0430\u0437\u0440\u043e\u0437\u043d\u0435\u043d\u043d\u043e\u0441\u0442\u044c\u044e. \u041a\u0440\u043e\u043c\u0435 \u043f\u0440\u0435\u0441\u0442\u0443\u043f\u043b\u0435\u043d\u0438\u0439, \u0432 \u0441\u0435\u0440\u0438\u0430\u043b\u0435 \u0442\u0430\u043a\u0436\u0435 \u0440\u0430\u0441\u043a\u0440\u044b\u0432\u0430\u044e\u0442\u0441\u044f \u043b\u0438\u0447\u043d\u044b\u0435 \u0432\u0437\u0430\u0438\u043c\u043e\u043e\u0442\u043d\u043e\u0448\u0435\u043d\u0438\u044f \u043c\u0435\u0436\u0434\u0443 \u043e\u0441\u043d\u043e\u0432\u043d\u044b\u043c\u0438 \u043f\u0435\u0440\u0441\u043e\u043d\u0430\u0436\u0430\u043c\u0438, \u0432\u043a\u043b\u044e\u0447\u0430\u044f \u043f\u043e\u0442\u0435\u043d\u0446\u0438\u0430\u043b\u044c\u043d\u044b\u0439 \u0440\u043e\u043c\u0430\u043d \u043c\u0435\u0436\u0434\u0443 \u0411\u0443\u0442\u043e\u043c \u0438 \u0411\u0440\u0435\u043d\u043d\u0430\u043d.</p><p>\u041b\u0438\u0442\u0435\u0440\u0430\u0442\u0443\u0440\u043d\u043e\u0439 \u043e\u0441\u043d\u043e\u0432\u043e\u0439 \u043f\u0435\u0440\u0441\u043e\u043d\u0430\u0436\u0435\u0439 \u0441\u0435\u0440\u0438\u0430\u043b\u0430 \u044f\u0432\u043b\u044f\u0435\u0442\u0441\u044f \u0446\u0438\u043a\u043b \u0434\u0435\u0442\u0435\u043a\u0442\u0438\u0432\u043d\u044b\u0445 \u0440\u043e\u043c\u0430\u043d\u043e\u0432 <a href=\"http://ru.wikipedia.org/wiki/%D0%A0%D0%B0%D0%B9%D0%BA%D1%81,_%D0%9A%D1%8D%D1%82%D0%B8\">\u041a\u044d\u0442\u0438 \u0420\u0430\u0439\u043a\u0441</a>, \u0433\u043b\u0430\u0432\u043d\u043e\u0439 \u0433\u0435\u0440\u043e\u0438\u043d\u0435\u0439 \u043a\u043e\u0442\u043e\u0440\u044b\u0445 \u044f\u0432\u043b\u044f\u0435\u0442\u0441\u044f <a href=\"http://en.wikipedia.org/wiki/Temperance_Brennan\">\u0434\u043e\u043a\u0442\u043e\u0440 \u0411\u0440\u0435\u043d\u043d\u0430\u043d</a>. \u041d\u0430 \u043d\u0430\u0441\u0442\u043e\u044f\u0449\u0438\u0439 \u043c\u043e\u043c\u0435\u043d\u0442 \u043e\u043f\u0443\u0431\u043b\u0438\u043a\u043e\u0432\u0430\u043d\u043e 12 \u043a\u043d\u0438\u0433.<a href=\"http://ru.wikipedia.org/wiki/%D0%92%D0%B8%D0%BA%D0%B8%D0%BF%D0%B5%D0%B4%D0%B8%D1%8F:%D0%A1%D1%81%D1%8B%D0%BB%D0%BA%D0%B8_%D0%BD%D0%B0_%D0%B8%D1%81%D1%82%D0%BE%D1%87%D0%BD%D0%B8%D0%BA%D0%B8\">[<em>\u0438\u0441\u0442\u043e\u0447\u043d\u0438\u043a&nbsp;\u043d\u0435&nbsp;\u0443\u043a\u0430\u0437\u0430\u043d&nbsp;92&nbsp;\u0434\u043d\u044f</em>]</a> \u0421\u043b\u0435\u0434\u0443\u0435\u0442 \u0438\u043c\u0435\u0442\u044c \u0432 \u0432\u0438\u0434\u0443 \u043e\u0442\u043b\u0438\u0447\u0438\u044f \u043c\u0435\u0436\u0434\u0443 \u043f\u0435\u0440\u0441\u043e\u043d\u0430\u0436\u0435\u043c \u043a\u043d\u0438\u0433 \u0438 \u0441\u0435\u0440\u0438\u0430\u043b\u0430: \u0432 \u043a\u043d\u0438\u0433\u0435 \u0434\u043e\u043a\u0442\u043e\u0440 \u0422\u0435\u043c\u043f\u0435\u0440\u0430\u043d\u0441&nbsp;&mdash; \u0437\u0440\u0435\u043b\u0430\u044f, \u0443\u0436\u0435 \u0440\u0430\u0437\u0432\u0435\u0434\u0435\u043d\u043d\u0430\u044f \u0436\u0435\u043d\u0449\u0438\u043d\u0430, \u0438\u043c\u0435\u044e\u0449\u0430\u044f \u0432\u0437\u0440\u043e\u0441\u043b\u0443\u044e \u0434\u043e\u0447\u044c, \u0438 \u043d\u0438\u043a\u0430\u043a\u0438\u0445 \u0437\u0430\u0433\u0430\u0434\u043e\u0447\u043d\u044b\u0445 \u0440\u043e\u0434\u0438\u0442\u0435\u043b\u0435\u0439, \u0432 \u043f\u0440\u043e\u0448\u043b\u043e\u043c \u0441\u0442\u0440\u0430\u0434\u0430\u0432\u0448\u0430\u044f \u043e\u0442 \u0430\u043b\u043a\u043e\u0433\u043e\u043b\u0438\u0437\u043c\u0430, \u0436\u0438\u0432\u0443\u0449\u0430\u044f \u0432 \u041a\u0432\u0435\u0431\u0435\u043a\u0435 \u0438, \u0447\u0442\u043e \u0441\u0430\u043c\u043e\u0435 \u0432\u0430\u0436\u043d\u043e\u0435, \u043d\u0435 \u043e\u0431\u043b\u0430\u0434\u0430\u044e\u0449\u0430\u044f \u0442\u0430\u043a\u0438\u043c \u0445\u043b\u0430\u0434\u043d\u043e\u043a\u0440\u043e\u0432\u043d\u044b\u043c, \u043e\u0442\u0441\u0442\u0440\u0430\u043d\u0435\u043d\u043d\u044b\u043c, \u043d\u0435\u0442\u0430\u043a\u0442\u0438\u0447\u043d\u044b\u043c \u0438 \u043f\u043e\u0440\u043e\u0439 \u043d\u0435\u043f\u043e\u043d\u044f\u0442\u043d\u044b\u043c \u0434\u043b\u044f \u043e\u043a\u0440\u0443\u0436\u0430\u044e\u0449\u0438\u0445 \u0445\u0430\u0440\u0430\u043a\u0442\u0435\u0440\u043e\u043c.</p>", "title": "Bones", "creators": [], "old_limit": 5}, "model": "myapp.product"}, {"pk": 5, "fields": {"category": 2, "avatar": "/home/ctulhu/anylist/anylist/media/268_o.jpg", "alt_names": [], "genres": [16, 17, 15], "heroes": [], "description": "<p>\u0412 \u0436\u0438\u0437\u043d\u0438 \u043f\u043e\u0434 \u0430\u0432\u0442\u043e\u0440\u0438\u0442\u0430\u0440\u043d\u044b\u043c \u0440\u0435\u0436\u0438\u043c\u043e\u043c \u043d\u0435\u0442 \u043d\u0438\u0447\u0435\u0433\u043e \u0445\u043e\u0440\u043e\u0448\u0435\u0433\u043e. \u041d\u0438 \u0442\u0435\u0431\u0435 Facebook&rsquo;a, &nbsp;\u043d\u0438\u043a\u0430\u043a\u043e\u0433\u043e YouTube \u0438 \u043d\u0438\u043a\u0430\u043a\u043e\u0433\u043e \u043f\u043e\u0440\u043d\u043e. \u0412\u0430\u043d\u0441 - \u043c\u043e\u043b\u043e\u0434\u043e\u0439, \u043d\u043e \u0432 \u0442\u043e\u0436\u0435 \u0432\u0440\u0435\u043c\u044f \u0443\u043c\u0435\u043b\u044b\u0439 \u0445\u0430\u043a\u0435\u0440, \u043a\u043e\u0442\u043e\u0440\u044b\u0439 \u043f\u0440\u043e\u0433\u0443\u043b\u0438\u0432\u0430\u0435\u0442\u0441\u044f \u043f\u043e \u043f\u0430\u0440\u043a\u0443, \u043f\u0440\u0438 \u044d\u0442\u043e\u043c \u0432\u0437\u043b\u0430\u043c\u044b\u0432\u0430\u044f \u043c\u043e\u0449\u043d\u044b\u0439 \u0411\u0440\u0430\u043d\u0434\u043c\u0430\u0443\u044d\u0440. \u0412 \u044d\u0442\u043e\u0442 \u043c\u0438\u0433 \u043e\u043d \u043a\u043e\u0435-\u0447\u0442\u043e \u043f\u043e\u043d\u0438\u043c\u0430\u0435\u0442. \u041e\u0441\u043e\u0437\u043d\u0430\u0435\u0442, \u0447\u0442\u043e \u0435\u043c\u0443 \u0447\u0435\u0433\u043e-\u0442\u043e \u043d\u0435 \u0445\u0432\u0430\u0442\u0430\u0435\u0442.</p><p>-\u0410, \u043c\u043e\u0436\u0435\u0442, \u0434\u0435\u0432\u0443\u0448\u043a\u0438?</p><p>\u0422\u043e\u0433\u0434\u0430, \u0432\u043e\u0437\u043c\u043e\u0436\u043d\u043e, \u043d\u0435\u0442 \u043d\u0438\u0447\u0435\u0433\u043e \u0441\u0442\u0440\u0430\u043d\u043d\u043e\u0433\u043e \u0432 \u0442\u043e\u043c, \u0447\u0442\u043e\u0431\u044b \u0432\u0437\u043b\u043e\u043c\u0430\u0442\u044c \u0441\u0435\u0440\u0432\u0435\u0440 \u0443\u043d\u0438\u0432\u0435\u0440\u0441\u0438\u0442\u0435\u0442\u0430 \u0438 \u043f\u043e\u0441\u0435\u043b\u0438\u0442\u044c \u0440\u044f\u0434\u043e\u043c \u0441 \u0441\u043e\u0431\u043e\u0439 \u0445\u043e\u0440\u043e\u0448\u0443\u044e \u0434\u0435\u0432\u0443\u0448\u043a\u0443, \u0432\u0435\u0440\u043d\u043e? \u041d\u043e \u0441\u0443\u0434\u044c\u0431\u0430 - \u0432\u0435\u0449\u044c \u0434\u043e\u0432\u043e\u043b\u044c\u043d\u043e \u0441\u0442\u0440\u0430\u043d\u043d\u0430\u044f. \u0422\u0435\u043f\u0435\u0440\u044c \u0443 \u0412\u0430\u043d\u0441\u0430 \u043a\u0443\u0447\u0430 \u043f\u0440\u043e\u0431\u043b\u0435\u043c.</p>", "title": "Fisheye Placebo", "creators": [], "old_limit": 3}, "model": "myapp.product"}, {"pk": 6, "fields": {"category": 2, "avatar": "/home/ctulhu/anylist/anylist/media/720_o.jpg", "alt_names": [], "genres": [18, 1, 19], "heroes": [], "description": "<p>\u0412\u044b \u0433\u043e\u0442\u043e\u0432\u044b \u043d\u0430\u0447\u0430\u0442\u044c \u0440\u0430\u0437\u0431\u0438\u0440\u0430\u0442\u044c\u0441\u044f \u0441 \u0432\u0430\u0448\u0438\u043c\u0438 \u043a\u043e\u0448\u043c\u0430\u0440\u0430\u043c\u0438? \u0425\u043e\u0442\u0438\u0442\u0435 \u043b\u0438 \u0432\u044b \u043f\u043e\u0441\u043b\u0443\u0448\u0430\u0442\u044c \u043d\u0430\u0448\u0443 \u043d\u0435\u0432\u0435\u0440\u043e\u044f\u0442\u043d\u0443\u044e \u0438\u0441\u0442\u043e\u0440\u0438\u044e?&nbsp;</p>", "title": " 0.0 Mhz", "creators": [], "old_limit": 3}, "model": "myapp.product"}, {"pk": 7, "fields": {"category": 2, "avatar": "/home/ctulhu/anylist/anylist/media/905_o.png", "alt_names": [], "genres": [18, 3, 19], "heroes": [], "description": "<p>\u041c\u043e\u043b\u043e\u0434\u0430\u044f \u041c\u0430 \u0413\u043e \u042b\u043d \u0438 \u0435\u0451 \u043e\u0442\u0435\u0446 \u0432\u043e\u0442-\u0432\u043e\u0442 \u0431\u0443\u0434\u0443\u0442 \u0432\u044b\u0441\u0435\u043b\u0435\u043d\u044b \u0438\u0437 \u0438\u0445 \u0434\u043e\u043c\u0430 \u0441 \u043f\u0440\u0438\u0432\u0438\u0434\u0435\u043d\u0438\u044f\u043c\u0438, \u0433\u0434\u0435 \u043e\u043d\u0438 \u0440\u0430\u0431\u043e\u0442\u0430\u044e\u0442 \u043d\u0430 \u043f\u0440\u043e\u0442\u044f\u0436\u0435\u043d\u0438\u0438 \u043c\u043d\u043e\u0433\u0438\u0445 \u043b\u0435\u0442. \u041d\u043e \u0413\u043e \u042b\u043d \u043d\u0435 \u0441\u043e\u0431\u0438\u0440\u0430\u0435\u0442\u0441\u044f \u043f\u043e\u0437\u0432\u043e\u043b\u0438\u0442\u044c \u0432\u043b\u0430\u0434\u0435\u043b\u044c\u0446\u0443 \u043f\u0430\u0440\u043a\u0430 \u0441\u043d\u0435\u0441\u0442\u0438 \u0438\u0445 \u0434\u043e\u043c \u0441 \u043f\u0440\u0438\u0432\u0438\u0434\u0435\u043d\u0438\u044f\u043c\u0438, \u0432\u0435\u0434\u044c \u0432 \u043d\u0451\u043c \u0442\u0430\u043a \u043c\u043d\u043e\u0433\u043e \u0432\u043e\u0441\u043f\u043e\u043c\u0438\u043d\u0430\u043d\u0438\u0439 \u043e \u0434\u0435\u0442\u0441\u0442\u0432\u0435 \u0438 \u0435\u0451 \u043c\u0430\u043c\u0435. \u041e\u043d\u0430 \u0440\u0435\u0448\u0430\u0435\u0442 \u043f\u043e\u0435\u0445\u0430\u0442\u044c \u0432 \u0421\u0428\u0410, \u0447\u0442\u043e\u0431\u044b \u043f\u0440\u043e\u0439\u0442\u0438 \u0438\u0441\u043f\u044b\u0442\u0430\u043d\u0438\u0435 \u0438 \u043f\u043e\u043b\u0443\u0447\u0438\u0442\u044c 1 \u043c\u0438\u043b\u043b\u0438\u043e\u043d \u0434\u043e\u043b\u043b\u0430\u0440\u043e\u0432, \u044d\u0442\u0438 \u0434\u0435\u043d\u044c\u0433\u0438 \u0441\u0442\u0430\u043d\u0443\u0442 \u043f\u0440\u0438\u0437\u043e\u043c \u0442\u043e\u043c\u0443, \u043a\u0442\u043e \u0441\u043c\u043e\u0436\u0435\u0442 \u0432\u044b\u0436\u0438\u0442\u044c \u0432 &quot;\u0414\u043e\u043c\u0435 \u041f\u0440\u0438\u0437\u0440\u0430\u043a\u0430 \u0414\u0436\u0435\u043a\u0430&quot;.</p>", "title": "American Ghost Jack", "creators": [], "old_limit": 5}, "model": "myapp.product"}, {"pk": 11, "fields": {"category": 1, "avatar": "/home/ctulhu/anylist/anylist/media/22199.jpg", "alt_names": [], "genres": [22, 23, 24], "heroes": [], "description": "\u041f\u0440\u043e\u0441\u043b\u0430\u0432\u0438\u0442\u044c\u0441\u044f \u0432 \u0441\u0442\u043e\u043b\u0438\u0446\u0435 - \u044d\u0442\u043e \u043c\u0435\u0447\u0442\u0430 \u043b\u044e\u0431\u043e\u0433\u043e \u0434\u0435\u0440\u0435\u0432\u0435\u043d\u0441\u043a\u043e\u0433\u043e \u043f\u0430\u0440\u043d\u044f. \u0413\u043b\u0430\u0432\u043d\u044b\u0439 \u0433\u0435\u0440\u043e\u0439, \u0422\u0430\u0446\u0443\u043c\u0438, \u043d\u0435 \u0441\u0442\u0430\u043b \u0438\u0441\u043a\u043b\u044e\u0447\u0435\u043d\u0438\u0435\u043c. \u0420\u0435\u0448\u0438\u0432, \u0447\u0442\u043e \u0445\u043e\u0447\u0435\u0442 \u0441\u043f\u0430\u0441\u0442\u0438 \u0441\u0432\u043e\u044e \u0434\u0435\u0440\u0435\u0432\u043d\u044e \u043e\u043d \u043e\u0442\u043f\u0440\u0430\u0432\u043b\u044f\u0435\u0442\u0441\u044f \u0432 \u0441\u0442\u043e\u043b\u0438\u0446\u0443 \u0432\u043c\u0435\u0441\u0442\u0435 \u0441\u043e \u0441\u0432\u043e\u0438\u043c\u0438 \u0434\u0440\u0443\u0437\u044c\u044f\u043c\u0438, \u0432\u0435\u0434\u044c \u0438\u043c\u0435\u043d\u043d\u043e \u0442\u0430\u043c \u043b\u0435\u0433\u0447\u0435 \u0432\u0441\u0435\u0433\u043e \u0437\u0430\u0440\u0430\u0431\u043e\u0442\u0430\u0442\u044c \u0434\u0435\u043d\u044c\u0433\u0438, \u0432\u0435\u0440\u043d\u0435\u0435 \u043e\u043d \u0442\u0430\u043a \u0441\u0447\u0438\u0442\u0430\u043b.\r\n\u0412 \u043f\u0435\u0440\u0432\u044b\u0439 \u0436\u0435 \u0434\u0435\u043d\u044c \u0432 \u0441\u0442\u043e\u043b\u0438\u0446\u0435 \u0435\u0433\u043e \u043e\u0431\u0432\u043e\u0434\u044f\u0442 \u0432\u043e\u043a\u0440\u0443\u0433 \u043f\u0430\u043b\u044c\u0446\u0435\u0432, \u043e\u0441\u0442\u0430\u0432\u0438\u0432 \u0431\u0435\u0437 \u0434\u0435\u043d\u0435\u0433. \u041a\u0430\u0437\u0430\u043b\u043e\u0441\u044c \u0431\u044b \u0442\u0435\u043f\u0435\u0440\u044c \u0432\u0441\u0435 \u043f\u043e\u0442\u0435\u0440\u044f\u043d\u043e... \u043d\u0438 \u0434\u0435\u043d\u0435\u0433, \u043d\u0438 \u0440\u0430\u0431\u043e\u0442\u044b, \u0430\u0431\u0441\u043e\u043b\u044e\u0442\u043d\u043e \u043d\u0438\u0447\u0435\u0433\u043e. \u041e\u0434\u043d\u0430\u043a\u043e \u043e\u043d \u0432\u0441\u0442\u0440\u0435\u0447\u0430\u0435\u0442 \u0434\u043e\u0431\u0440\u0443\u044e \u0430\u0440\u0438\u0441\u0442\u043e\u043a\u0440\u0430\u0442\u043a\u0443 \u0410\u0440\u0438\u0430, \u043a\u043e\u0442\u043e\u0440\u0430\u044f \u0441\u043e\u0433\u043b\u0430\u0448\u0430\u0435\u0442\u0441\u044f \u043f\u0440\u0438\u044e\u0442\u0438\u0442\u044c \u0435\u0433\u043e. \u0412 \u043d\u043e\u0447\u044c \u0442\u043e\u0433\u043e \u0436\u0435 \u0434\u043d\u044f, \u0432 \u0434\u043e\u043c \u0410\u0440\u0438\u0438 \u0432\u0442\u043e\u0440\u0433\u0430\u044e\u0442\u0441\u044f \u043b\u044e\u0434\u0438 (\u0432 \u0442\u043e\u043c \u0447\u0438\u0441\u043b\u0435 \u0434\u0435\u0432\u0443\u0448\u043a\u0430, \u043a\u043e\u0442\u043e\u0440\u0430\u044f \u043e\u0431\u043e\u043a\u0440\u0430\u043b\u0430 \u0435\u0433\u043e), \u0442\u043e\u0447\u043d\u0435\u0435 \u0440\u0435\u0432\u043e\u043b\u044e\u0446\u0438\u043e\u043d\u0435\u0440\u044b, \u0438\u0437\u0432\u0435\u0441\u0442\u043d\u044b\u0435 \u043a\u0430\u043a \"\u041d\u043e\u0447\u043d\u043e\u0439 \u0440\u0435\u0439\u0434\". \u041e\u043d\u0438 \u0443\u0442\u0432\u0435\u0440\u0436\u0434\u0430\u044e\u0442, \u0447\u0442\u043e \u0410\u0440\u0438\u044f \u043d\u0430 \u0441\u0430\u043c\u043e\u043c \u0434\u0435\u043b\u0435 \u043c\u0430\u043d\u044c\u044f\u043a \u0432 \u044e\u0431\u043a\u0435, \u0430 \u043d\u0435 \u0442\u0430, \u0437\u0430 \u043a\u043e\u0433\u043e \u0441\u0435\u0431\u044f \u0432\u044b\u0434\u0430\u0435\u0442.\r\n\u041a\u043e\u043c\u0443 \u043f\u043e\u0432\u0435\u0440\u0438\u0442 \u0422\u0430\u0446\u0443\u043c\u0438? \u0420\u0435\u0432\u043e\u043b\u044e\u0446\u0438\u043e\u043d\u0435\u0440\u0430\u043c \u0438\u043b\u0438 \u0436\u0435 \u0434\u0435\u0432\u0443\u0448\u043a\u0435, \u043a\u043e\u0442\u043e\u0440\u0430\u044f \u043f\u043e\u043c\u043e\u0433\u043b\u0430 \u0435\u043c\u0443?", "title": "Akame ga Kill!", "creators": [], "old_limit": 5}, "model": "myapp.product"}, {"pk": 12, "fields": {"category": 1, "avatar": "/home/ctulhu/anylist/anylist/media/23079.jpg", "alt_names": [], "genres": [10, 25, 19], "heroes": [], "description": "\u0414\u043e\u0447\u044c \u0432\u043b\u0430\u0434\u0435\u043b\u044c\u0446\u0430 \u043c\u0430\u0441\u0442\u0435\u0440\u0441\u043a\u043e\u0439 \u043f\u043e \u0441\u0442\u0435\u043a\u043b\u0443, \u0443\u0447\u0435\u043d\u0438\u0446\u0430 \u0442\u0440\u0435\u0442\u044c\u0435\u0433\u043e \u0433\u043e\u0434\u0430 \u0441\u0442\u0430\u0440\u0448\u0435\u0439 \u0448\u043a\u043e\u043b\u044b \u0424\u0443\u043a\u0430\u043c\u0438 \u0422\u043e\u043a\u043e, \u0432\u0435\u0441\u0435\u043b\u043e \u043f\u0440\u043e\u0432\u043e\u0434\u0438\u0442 \u0432\u0440\u0435\u043c\u044f \u0441 \u043a\u043e\u043c\u043f\u0430\u043d\u0438\u0435\u0439 \u0434\u0440\u0443\u0437\u0435\u0439 \u0432 \u043a\u0430\u0444\u0435 \"\u0414\u043e\u0440\u043e\u0433\u0430 \u0412\u0435\u0442\u0440\u0430\". \u0412\u043e \u0432\u0440\u0435\u043c\u044f \u043b\u0435\u0442\u043d\u0435\u0433\u043e \u0444\u0435\u0441\u0442\u0438\u0432\u0430\u043b\u044f \u0422\u043e\u043a\u043e \u0432\u0441\u0442\u0440\u0435\u0447\u0430\u0435\u0442 \u0441\u0442\u0440\u0430\u043d\u043d\u043e\u0433\u043e \u043d\u0435\u0440\u0430\u0437\u0433\u043e\u0432\u043e\u0440\u0447\u0438\u0432\u043e\u0433\u043e \u043f\u0430\u0440\u043d\u044f \u041e\u043a\u0438\u043a\u0443\u0440\u0443 \u041a\u0430\u043a\u0435\u0440\u0443, \u043a\u043e\u0442\u043e\u0440\u044b\u0439 \u0433\u043e\u0432\u043e\u0440\u0438\u0442 \u0435\u0439 \u043e \u0442\u043e\u043c, \u0447\u0442\u043e \u043e\u043d\u0438 \u0432\u043c\u0435\u0441\u0442\u0435 \u043c\u043e\u0433\u0443\u0442 \u0441\u043b\u044b\u0448\u0430\u0442\u044c \u0433\u043e\u043b\u043e\u0441\u0430 \u0438\u0437 \u0431\u0443\u0434\u0443\u0449\u0435\u0433\u043e. \u0415\u0441\u043b\u0438 \u0431\u044b \u043b\u044e\u0434\u0438 \u0437\u043d\u0430\u043b\u0438, \u043a\u0430\u043a\u0438\u043c \u0431\u0443\u0434\u0435\u0442 \u0438\u0445 \u0431\u0443\u0434\u0443\u0449\u0435\u0435, \u0442\u043e \u0447\u0435\u0433\u043e \u0431\u044b \u043e\u043d\u0438 \u043f\u043e\u0436\u0435\u043b\u0430\u043b\u0438?\r\n\u0412 \u0441\u0435\u0440\u0434\u0446\u0435 \u0422\u043e\u043a\u043e \u0437\u0430\u0440\u043e\u0436\u0434\u0430\u0435\u0442\u0441\u044f \u043d\u043e\u0432\u043e\u0435 \u0447\u0443\u0432\u0441\u0442\u0432\u043e, \u043d\u043e \u043a\u0430\u043a \u0436\u0435 \u0431\u044b\u0442\u044c \u0437\u0430 \u0437\u0430\u043f\u0440\u0435\u0442\u043e\u043c \u043d\u0430 \u043b\u044e\u0431\u043e\u0432\u044c, \u043a\u043e\u0442\u043e\u0440\u044b\u0439 \u0443\u0441\u0442\u0430\u043d\u043e\u0432\u043b\u0435\u043d \u0432 \u0435\u0435 \u043a\u043e\u043c\u043f\u0430\u043d\u0438\u0438?...", "title": "Glasslip", "creators": [], "old_limit": 5}, "model": "myapp.product"}, {"pk": 13, "fields": {"category": 1, "avatar": "/home/ctulhu/anylist/anylist/media/23309.jpg", "alt_names": [], "genres": [22], "heroes": [], "description": "\u041f\u0435\u0440\u0435\u043d\u0435\u0441\u0435\u043c\u0441\u044f \u0432 \u043f\u0430\u0440\u0430\u043b\u043b\u0435\u043b\u044c\u043d\u044b\u0439 \u043c\u0438\u0440, \u0433\u0434\u0435 \u043f\u0440\u0430\u0432\u0438\u0442\u0435\u043b\u044c\u0441\u0442\u0432\u043e \u042f\u043f\u043e\u043d\u0438\u0438 \u043d\u0435 \u043c\u043e\u043d\u043e\u043f\u043e\u043b\u0438\u0437\u0438\u0440\u043e\u0432\u0430\u043b\u043e \u0436\u0435\u043b\u0435\u0437\u043d\u043e\u0434\u043e\u0440\u043e\u0436\u043d\u044b\u0435 \u043f\u0435\u0440\u0435\u0432\u043e\u0437\u043a\u0438. \u0412 \u044d\u0442\u043e\u043c \u043c\u0438\u0440\u0435 \u043f\u0440\u043e\u0441\u0442\u043e\u0439 \u0448\u043a\u043e\u043b\u044c\u043d\u0438\u043a \u041d\u0430\u043e\u0445\u0438\u0442\u043e \u0422\u0430\u043a\u0430\u044f\u043c\u0430 \u043c\u0435\u0447\u0442\u0430\u0435\u0442 \u043e \u043f\u0440\u0438\u043b\u0438\u0447\u043d\u043e\u0439 \u0440\u0430\u0431\u043e\u0442\u0435 \u043d\u0430 \u0436\u0435\u043b\u0435\u0437\u043d\u043e\u0439 \u0434\u043e\u0440\u043e\u0433\u0435. \u041e\u043d \u043f\u043e\u043b\u0443\u0447\u0430\u0435\u0442 \u0441\u0442\u0430\u0436\u0438\u0440\u043e\u0432\u043a\u0443 \u0432 \u0436\u0435\u043b\u0435\u0437\u043d\u043e\u0434\u043e\u0440\u043e\u0436\u043d\u043e\u0439 \u043e\u0445\u0440\u0430\u043d\u0435, \u043a\u043e\u0442\u043e\u0440\u0430\u044f \u043f\u043e\u043b\u043d\u0430 \u0441\u0442\u0440\u0430\u043d\u043d\u044b\u0445 \u0440\u0435\u0431\u044f\u0442. \u041d\u0430\u043f\u0440\u0438\u043c\u0435\u0440, \u0421\u0430\u043a\u0443\u0440\u0430\u0438, \u043a\u043e\u0442\u043e\u0440\u0430\u044f \u043d\u0435\u043d\u0430\u0432\u0438\u0434\u0438\u0442 \u043f\u0430\u0440\u043d\u0435\u0439.\r\n\u041a\u0440\u043e\u043c\u0435 \u0432\u0441\u0435\u0433\u043e \u043f\u0440\u043e\u0447\u0435\u0433\u043e, \u0432 \u044d\u0442\u043e\u043c \u043f\u0430\u0440\u0430\u043b\u043b\u0435\u043b\u044c\u043d\u043e\u043c \u043c\u0438\u0440\u0435 \u0435\u0441\u0442\u044c \u0438 \u0442\u0435, \u043a\u0442\u043e \u043d\u0435\u0434\u043e\u0432\u043e\u043b\u0435\u043d \u043e\u0442\u0441\u0443\u0442\u0441\u0442\u0432\u0438\u0435\u043c \u043f\u0440\u0438\u0432\u0430\u0442\u0438\u0437\u0430\u0446\u0438\u0438 \u0438 \u0441\u0442\u0440\u0435\u043c\u0438\u0442\u0441\u044f \u044d\u0442\u043e \u0438\u0441\u043f\u0440\u0430\u0432\u0438\u0442\u044c, \u043d\u0430\u043f\u0440\u0438\u043c\u0435\u0440, \u0442\u0430\u043a\u0438\u0435, \u043a\u0430\u043a \"RJ\". \u0412\u043e \u0447\u0442\u043e \u0432\u044b\u043b\u044c\u0435\u0442\u0441\u044f \u044d\u0442\u043e \u043f\u0440\u043e\u0442\u0438\u0432\u043e\u0441\u0442\u043e\u044f\u043d\u0438\u0435?", "title": "Rail Wars!", "creators": [], "old_limit": 3}, "model": "myapp.product"}, {"pk": 14, "fields": {"category": 1, "avatar": "/home/ctulhu/anylist/anylist/media/21881.jpg", "alt_names": [], "genres": [22, 23, 24, 26, 10, 1], "heroes": [], "description": "\u041d\u0435\u0441\u043c\u043e\u0442\u0440\u044f \u043d\u0430 \u043f\u0440\u043e\u0438\u0441\u0448\u0435\u0441\u0442\u0432\u0438\u0435 \u0441 Sword Art Online, \u0438\u0433\u0440\u044b \u0441 \u0432\u0438\u0440\u0442\u0443\u0430\u043b\u044c\u043d\u044b\u043c \u043f\u043e\u0433\u0440\u0443\u0436\u0435\u043d\u0438\u0435\u043c \u043d\u0435 \u0431\u044b\u043b\u0438 \u0437\u0430\u043f\u0440\u0435\u0449\u0435\u043d\u044b. \u0410 \u0441\u043f\u0443\u0441\u0442\u044f \u043d\u0435\u043a\u043e\u0442\u043e\u0440\u043e\u0435 \u0432\u0440\u0435\u043c\u044f \u0432\u043d\u043e\u0432\u044c \u0441\u0442\u0430\u043b\u0438 \u043d\u0430\u0431\u0438\u0440\u0430\u0442\u044c \u043f\u043e\u043f\u0443\u043b\u044f\u0440\u043d\u043e\u0441\u0442\u044c. \u0418 \u0432\u043e\u0442, \u043a\u043e\u0433\u0434\u0430 \u0443\u0436\u0435, \u043a\u0430\u0437\u0430\u043b\u043e\u0441\u044c \u0431\u044b, \u0432\u0441\u0435 \u0443\u043b\u0435\u0433\u043b\u043e\u0441\u044c, VRMMO \u0441\u043d\u043e\u0432\u0430 \u043f\u0440\u0435\u043f\u043e\u0434\u043d\u043e\u0441\u0438\u0442 \u0441\u044e\u0440\u043f\u0440\u0438\u0437. \u0412 Gun Gale Online \u043f\u043e\u044f\u0432\u043b\u044f\u0435\u0442\u0441\u044f \u0437\u0430\u0433\u0430\u0434\u043e\u0447\u043d\u044b\u0439 \u0438\u0433\u0440\u043e\u043a, \u043a\u043e\u0442\u043e\u0440\u044b\u0439 \u0432\u044b\u0441\u0442\u0440\u0435\u043b\u043e\u043c \u0432 \u0438\u0433\u0440\u0435 \u0441\u043f\u043e\u0441\u043e\u0431\u0435\u043d \u0443\u0431\u0438\u0442\u044c \u0447\u0435\u043b\u043e\u0432\u0435\u043a\u0430 \u0432 \u00ab\u0440\u0435\u0430\u043b\u0435\u00bb. \u041e\u0431 \u044d\u0442\u043e\u043c \u041a\u0430\u0434\u0437\u0443\u0442\u043e \u0443\u0437\u043d\u0430\u0435\u0442 \u043e\u0442 \u0421\u0435\u0439\u0434\u0437\u0438\u0440\u043e \u041a\u0438\u043a\u0443\u043e\u043a\u0438, \u0440\u0430\u0431\u043e\u0442\u043d\u0438\u043a\u0430 \u00ab\u0432\u0438\u0440\u0442\u0443\u0430\u043b\u044c\u043d\u043e\u0433\u043e \u043e\u0442\u0434\u0435\u043b\u0430\u00bb \u041c\u0412\u0414. \u041a\u0438\u043a\u0443\u043e\u043a\u0430-\u0441\u0438 \u043f\u0440\u043e\u0441\u0438\u0442 \u041a\u0438\u0440\u0438\u0442\u043e, \u043a\u0430\u043a \u043e\u043f\u044b\u0442\u043d\u043e\u0433\u043e \u043e\u0431\u0438\u0442\u0430\u0442\u0435\u043b\u044f \u0432\u0438\u0440\u0442\u0443\u0430\u043b\u044c\u043d\u044b\u0445 \u043c\u0438\u0440\u043e\u0432, \u043f\u043e\u043c\u043e\u0447\u044c \u0435\u043c\u0443 \u0440\u0430\u0437\u043e\u0431\u0440\u0430\u0442\u044c\u0441\u044f \u0441 \u044d\u0442\u0438\u043c \u0434\u0435\u043b\u043e\u043c", "title": "Sword Art Online II", "creators": [], "old_limit": 3}, "model": "myapp.product"}, {"pk": 15, "fields": {"category": 1, "avatar": "/home/ctulhu/anylist/anylist/media/21353.jpg", "alt_names": [], "genres": [22, 9, 16, 1, 19], "heroes": [], "description": "\u00ab\u0421\u0443\u0449\u0435\u0441\u0442\u0432\u0443\u0435\u0442 \u0434\u0432\u0430 \u0441\u043f\u043e\u0441\u043e\u0431\u0430 \u0436\u0438\u0442\u044c \u0432 \u044d\u0442\u043e\u043c \u043c\u0438\u0440\u0435: \u0436\u0438\u0442\u044c \u0442\u0430\u043a, \u0431\u0443\u0434\u0442\u043e \u0447\u0443\u0434\u0435\u0441 \u043d\u0435 \u0431\u044b\u0432\u0430\u0435\u0442... \u0438\u043b\u0438 \u0442\u0430\u043a, \u0441\u043b\u043e\u0432\u043d\u043e \u043e\u043d\u0438 \u043d\u0430\u0441 \u043e\u043a\u0440\u0443\u0436\u0430\u044e\u0442\u00bb. \u0422\u0430\u043a \u0438 \u043d\u0430\u0443\u0447\u043d\u043e-\u0444\u0430\u043d\u0442\u0430\u0441\u0442\u0438\u0447\u0435\u0441\u043a\u0430\u044f \u0438\u0441\u0442\u043e\u0440\u0438\u044f \"\u0422\u043e\u043a\u0438\u0439\u0441\u043a\u0438\u0435 \u042d\u0441\u043f\u0435\u0440\u044b\" \u0440\u0430\u0437\u0432\u0435\u0440\u043d\u0443\u043b\u0430\u0441\u044c \u0432\u043e\u043a\u0440\u0443\u0433 \u0420\u0438\u043d\u043a\u0438 - \u0434\u0435\u0432\u0443\u0448\u043a\u0438 \u0438\u0437 \u0431\u0435\u0434\u043d\u043e\u0439 \u0441\u0435\u043c\u044c\u0438, \u0436\u0438\u0432\u0443\u0449\u0435\u0439 \u0442\u043e\u043b\u044c\u043a\u043e \u0441\u043e \u0441\u0432\u043e\u0438\u043c \u0431\u0435\u0437\u0440\u0430\u0431\u043e\u0442\u043d\u044b\u043c \u043e\u0442\u0446\u043e\u043c \u0432 \u0422\u043e\u043a\u0438\u043e, \u043a\u043e\u0442\u043e\u0440\u0430\u044f \u043d\u0438\u043a\u043e\u0433\u0434\u0430 \u043d\u0435 \u0432\u0435\u0440\u0438\u043b\u0430 \u0432 \u0447\u0443\u0434\u0435\u0441\u0430.\r\n\u0412 \u0441\u0430\u043c\u044b\u0439 \u043e\u0431\u044b\u0447\u043d\u044b\u0439 \u0434\u0435\u043d\u044c \u043a\u043e\u0433\u0434\u0430 \u0420\u0438\u043d\u043a\u0430 \u0432\u043e\u0437\u0432\u0440\u0430\u0449\u0430\u043b\u0430\u0441\u044c \u0434\u043e\u043c\u043e\u0439, \u043e\u043d\u0430 \u0437\u0430\u043c\u0435\u0447\u0430\u0435\u0442 \"\u043b\u0435\u0442\u0430\u044e\u0449\u0435\u0433\u043e \u043f\u0438\u043d\u0433\u0432\u0438\u043d\u0430\". \u041f\u0438\u043d\u0433\u0432\u0438\u043d\u0430\u043c\u0438 \u0441\u0442\u0440\u0430\u043d\u043d\u043e\u0441\u0442\u0438 \u043d\u0435 \u043e\u0433\u0440\u0430\u043d\u0438\u0447\u0438\u043b\u0438\u0441\u044c... \u041d\u0430 \u0441\u043b\u0435\u0434\u0443\u044e\u0449\u0438\u0439 \u0434\u0435\u043d\u044c \u0420\u0438\u043d\u043a\u0430 \u043e\u0431\u043d\u0430\u0440\u0443\u0436\u0438\u0432\u0430\u0435\u0442, \u0447\u0442\u043e \u043c\u043e\u0436\u0435\u0442 \u043f\u0440\u043e\u0445\u043e\u0434\u0438\u0442\u044c \u0441\u043a\u0432\u043e\u0437\u044c \u0442\u0432\u0435\u0440\u0434\u044b\u0435 \u043f\u0440\u0435\u0434\u043c\u0435\u0442\u044b.\r\n\u041a\u0442\u043e \u0431\u044b \u043c\u043e\u0433 \u043f\u043e\u0434\u0443\u043c\u0430\u0442\u044c, \u0447\u0442\u043e \u043d\u0435 \u0441\u0442\u043e\u043b\u044c \u0432\u0430\u0436\u043d\u043e\u0435 \u0441\u043e\u0431\u044b\u0442\u0438\u0435, \u0441\u043a\u0430\u0436\u0435\u0442\u0441\u044f \u043d\u0435 \u0442\u043e\u043b\u044c\u043a\u043e \u043d\u0430 \u0436\u0438\u0437\u043d\u0438 \u0420\u0438\u043d\u043a\u0438, \u043d\u043e \u0438 \u043d\u0430 \u0434\u0440\u0443\u0433\u0438\u0445?", "title": "Tokyo ESP", "creators": [], "old_limit": 5}, "model": "myapp.product"}, {"pk": 16, "fields": {"category": 1, "avatar": "/home/ctulhu/anylist/anylist/media/23283.jpg", "alt_names": [], "genres": [17, 20], "heroes": [], "description": "\u0412 \u043e\u0434\u0438\u043d \u0438\u0437 \u043b\u0435\u0442\u043d\u0438\u0445 \u0434\u0435\u043d\u044c\u043a\u043e\u0432 \u0422\u043e\u043a\u0438\u043e \u0441\u043e\u0434\u0440\u043e\u0433\u0430\u0435\u0442\u0441\u044f \u043e\u0442 \u043a\u0440\u0443\u043f\u043d\u043e\u0433\u043e \u0442\u0435\u0440\u0440\u043e\u0440\u0438\u0441\u0442\u0438\u0447\u0435\u0441\u043a\u043e\u0433\u043e \u0430\u043a\u0442\u0430. \u0417\u0430 \u044d\u0442\u0438\u043c \u0441\u0442\u043e\u0438\u0442 \u043d\u0435\u043a\u0430\u044f \u043e\u0440\u0433\u0430\u043d\u0438\u0437\u0430\u0446\u0438\u044f \"\u0421\u0444\u0438\u043d\u043a\u0441\", \u043f\u043e\u044f\u0432\u0438\u0432\u0448\u0430\u044f\u0441\u044f \u0431\u0443\u043a\u0432\u0430\u043b\u044c\u043d\u043e \u0438\u0437 \u043d\u0438\u043e\u0442\u043a\u0443\u0434\u0430. \u0412\u043e\u0442 \u0442\u043e\u043b\u044c\u043a\u043e \u0441\u043e\u0441\u0442\u043e\u0438\u0442 \u044d\u0442\u0430 \u043e\u0440\u0433\u0430\u043d\u0438\u0437\u0430\u0446\u0438\u044f \u0432\u0441\u0435\u0433\u043e \u0438\u0437 \u0434\u0432\u0443\u0445 \u0448\u043a\u043e\u043b\u044c\u043d\u0438\u043a\u043e\u0432, \u0428\u0438\u043d\u0430 \u041a\u043e\u043a\u043e\u043d\u043e\u044d \u00ab\u0414\u0435\u0432\u044f\u0442\u044c\u00bb \u0438 \u0424\u0443\u044e\u0434\u0436\u0438 \u041a\u0443\u043c\u0438 \u00ab\u0414\u0432\u0435\u043d\u0430\u0434\u0446\u0430\u0442\u044c\u00bb, \u0430 \u0442\u0430\u043a\u0436\u0435 \u043d\u0435\u043e\u0436\u0438\u0434\u0430\u043d\u043d\u043e \u043f\u0440\u0438\u0441\u043e\u0435\u0434\u0438\u043d\u0438\u0432\u0448\u0435\u0439\u0441\u044f \u043a \u043d\u0438\u043c \u0420\u0438\u0441\u044b \u041c\u0438\u0448\u0438\u043c\u044b. \u041f\u043e\u043a\u0430 \u0432\u0441\u0435 \u0438\u0449\u0443\u0442 \u0437\u043b\u043e\u0434\u0435\u044f, \u044d\u0442\u0430 \u0442\u0440\u043e\u0438\u0446\u0430 \u0434\u0435\u043b\u0430\u0435\u0442 \u043f\u0435\u0440\u0432\u044b\u0439 \u0445\u043e\u0434 \u0432 \u0438\u0433\u0440\u0435, \u0447\u0430\u0441\u0442\u044c\u044e \u043a\u043e\u0442\u043e\u0440\u043e\u0439 \u0441\u0442\u0430\u043b\u043e \u0432\u0441\u0435 \u043d\u0430\u0441\u0435\u043b\u0435\u043d\u0438\u0435 \u042f\u043f\u043e\u043d\u0438\u0438. \u00ab\u0412 \u044d\u0442\u043e\u043c \u043c\u0438\u0440\u0435 \u043d\u0435\u043e\u0431\u0445\u043e\u0434\u0438\u043c\u043e \u0443\u043c\u0435\u0442\u044c \u043d\u0430\u0436\u0430\u0442\u044c \u043d\u0430 \u043a\u0443\u0440\u043e\u043a\u00bb \u2013 \u0441 \u044d\u0442\u0438\u043c \u0434\u0435\u0432\u0438\u0437\u043e\u043c \u0438 \u043d\u0430\u0447\u0438\u043d\u0430\u0435\u0442\u0441\u044f \u0433\u0440\u0430\u043d\u0434\u0438\u043e\u0437\u043d\u0430\u044f \u00ab\u0438\u0433\u0440\u0430\u00bb.", "title": "Zankyou no Terror", "creators": [], "old_limit": 5}, "model": "myapp.product"}, {"pk": 17, "fields": {"category": 1, "avatar": "/home/ctulhu/anylist/anylist/media/11759.jpg", "alt_names": [], "genres": [22, 16, 26, 10, 7, 1], "heroes": [], "description": "2046 \u0433\u043e\u0434. \u042e\u043d\u043e\u0448\u0430 \u043f\u043e \u0438\u043c\u0435\u043d\u0438 \u0425\u0430\u0440\u0443\u044e\u043a\u0438 \u0410\u0440\u0438\u0442\u0430 \u0447\u0443\u0432\u0441\u0442\u0432\u0443\u0435\u0442 \u0441\u0435\u0431\u044f \u043d\u0430 \u0434\u043d\u0435 \u0448\u043a\u043e\u043b\u044c\u043d\u043e\u0433\u043e \u043e\u0431\u0449\u0435\u0441\u0442\u0432\u0430. \u0415\u043c\u0443 \u0441\u0442\u044b\u0434\u043d\u043e \u0437\u0430 \u0441\u0432\u043e\u044e \u0436\u0430\u043b\u043a\u0443\u044e \u0436\u0438\u0437\u043d\u044c, \u0438 \u043f\u043e\u044d\u0442\u043e\u043c\u0443 \u043e\u043d \u043c\u043d\u043e\u0433\u043e \u0432\u0440\u0435\u043c\u0435\u043d\u0438 \u043f\u0440\u043e\u0432\u043e\u0434\u0438\u0442 \u0432 \u0432\u0438\u0440\u0442\u0443\u0430\u043b\u044c\u043d\u044b\u0445 \u0438\u0433\u0440\u0430\u0445, \u043a\u043e\u0442\u043e\u0440\u044b\u0435 \u043f\u043e\u043c\u043e\u0433\u0430\u044e\u0442 \u0435\u043c\u0443 \u0437\u0430\u0431\u044b\u0442\u044c\u0441\u044f. \u041d\u043e \u0432\u0441\u0451 \u043c\u0435\u043d\u044f\u0435\u0442\u0441\u044f, \u043a\u043e\u0433\u0434\u0430 \u0427\u0435\u0440\u043d\u043e\u0441\u043d\u0435\u0436\u043a\u0430, \u0441\u0430\u043c\u0430\u044f \u043f\u043e\u043f\u0443\u043b\u044f\u0440\u043d\u0430\u044f \u0434\u0435\u0432\u0443\u0448\u043a\u0430 \u0432 \u0448\u043a\u043e\u043b\u0435, \u043f\u043e\u043a\u0430\u0437\u044b\u0432\u0430\u0435\u0442 \u0435\u043c\u0443 \u0442\u0430\u0438\u043d\u0441\u0442\u0432\u0435\u043d\u043d\u0443\u044e \u043f\u0440\u043e\u0433\u0440\u0430\u043c\u043c\u0443 \u0432\u0438\u0440\u0442\u0443\u0430\u043b\u044c\u043d\u043e\u0439 \u0440\u0435\u0430\u043b\u044c\u043d\u043e\u0441\u0442\u0438, \u043d\u0430\u0437\u044b\u0432\u0430\u0435\u043c\u0443\u044e Brain Burst, \u0441\u0442\u0430\u0432\u0448\u0443\u044e \u043e\u043a\u043d\u043e\u043c \u0432 \u043d\u043e\u0432\u044b\u0439 \u043c\u0438\u0440, \u0423\u0441\u043a\u043e\u0440\u0435\u043d\u043d\u044b\u0439 \u043c\u0438\u0440...", "title": "Accel World", "creators": [], "old_limit": 3}, "model": "myapp.product"}, {"pk": 18, "fields": {"category": 1, "avatar": "/home/ctulhu/anylist/anylist/media/50.jpg", "alt_names": [], "genres": [9, 27, 10, 19], "heroes": [], "description": "\u041a\u0435\u0439\u0442\u0438 \u041c\u043e\u0440\u0438\u0441\u0430\u0442\u043e \u043d\u0438\u043a\u0430\u043a \u043d\u0435 \u043c\u043e\u0433 \u0434\u043e\u0436\u0434\u0430\u0442\u044c\u0441\u044f, \u043a\u043e\u0433\u0434\u0430 \u0436\u0435 \u043d\u0430\u0447\u043d\u0451\u0442\u0441\u044f \u0435\u0433\u043e \u0443\u043d\u0438\u0432\u0435\u0440\u0441\u0438\u0442\u0435\u0442\u0441\u043a\u0430\u044f \u0436\u0438\u0437\u043d\u044c, \u0432\u0435\u0434\u044c \u0434\u043e \u044d\u0442\u043e\u0433\u043e \u0435\u0433\u043e \u0432\u0441\u0435\u0433\u0434\u0430 \u0432\u043e \u0432\u0441\u0451\u043c \u043f\u0440\u0435\u0441\u043b\u0435\u0434\u043e\u0432\u0430\u043b\u0438 \u043d\u0435\u0443\u0434\u0430\u0447\u0438: \u043f\u0440\u043e\u0431\u043b\u0435\u043c\u044b \u0441 \u0434\u0440\u0443\u0437\u044c\u044f\u043c\u0438, \u043f\u0440\u043e\u0431\u043b\u0435\u043c\u044b \u0432 \u043b\u044e\u0431\u0432\u0438, \u043f\u0440\u043e\u0431\u043b\u0435\u043c\u044b \u0432 \u0443\u0447\u0451\u0431\u0435. \u0412\u043e\u0437\u043c\u043e\u0436\u043d\u043e, \u043e\u043d \u043f\u0440\u043e\u0441\u0442\u043e \u0440\u043e\u0434\u0438\u043b\u0441\u044f \u043f\u043e\u0434 \u043d\u0435\u0441\u0447\u0430\u0441\u0442\u043b\u0438\u0432\u043e\u0439 \u0437\u0432\u0435\u0437\u0434\u043e\u0439, \u043d\u043e \u0441 \u043f\u043e\u0441\u0442\u0443\u043f\u043b\u0435\u043d\u0438\u0435\u043c \u0432 \u0443\u043d\u0438\u0432\u0435\u0440\u0441\u0438\u0442\u0435\u0442 \u043d\u0438\u0447\u0435\u0433\u043e \u0442\u043e\u043b\u043a\u043e\u043c \u043d\u0435 \u0438\u0437\u043c\u0435\u043d\u0438\u043b\u043e\u0441\u044c.\r\n\r\n\u0412 \u043e\u0434\u0438\u043d \u0431\u0443\u0434\u043d\u0438\u0439 \u0434\u0435\u043d\u044c, \u043a\u043e\u0433\u0434\u0430 \u0443 \u041a\u0435\u0439\u0442\u0438 \u0431\u044b\u043b\u043e \u043c\u043e\u0440\u0435 \u0434\u0435\u043b, \u043e\u0441\u0442\u0430\u0432\u043b\u0435\u043d\u043d\u044b\u0445 \u0435\u043c\u0443 \u043e\u0442\u0441\u0443\u0442\u0441\u0442\u0432\u0443\u044e\u0449\u0438\u043c\u0438 \u0441\u0435\u043c\u043f\u0430\u044f\u043c\u0438, \u0435\u043c\u0443 \u0437\u0430\u0447\u0435\u043c-\u0442\u043e \u043f\u043e\u043d\u0430\u0434\u043e\u0431\u0438\u043b\u043e\u0441\u044c \u043f\u043e\u0437\u0432\u043e\u043d\u0438\u0442\u044c \u043e\u0434\u043d\u043e\u043c\u0443 \u0438\u0437 \u043d\u0438\u0445. \u041a\u0430\u043a\u043e\u0432\u043e \u0436\u0435 \u0431\u044b\u043b\u043e \u0435\u0433\u043e \u0443\u0434\u0438\u0432\u043b\u0435\u043d\u0438\u0435, \u043a\u043e\u0433\u0434\u0430 \u043d\u0430 \u0434\u0440\u0443\u0433\u043e\u043c \u043a\u043e\u043d\u0446\u0435 \u0432\u043c\u0435\u0441\u0442\u043e \u0441\u0435\u043c\u043f\u0430\u044f \u043e\u043a\u0430\u0437\u0430\u043b\u0430\u0441\u044c \u0441\u043b\u0443\u0436\u0431\u0430 \u0411\u043e\u0436\u0435\u0441\u0442\u0432\u0435\u043d\u043d\u043e\u0439 \u041f\u043e\u043c\u043e\u0449\u0438! \u0418 \u043d\u0435\u043c\u043d\u043e\u0433\u043e \u043f\u043e\u0433\u043e\u0434\u044f, \u043f\u0440\u044f\u043c\u043e \u0438\u0437 \u0437\u0435\u0440\u043a\u0430\u043b\u0430 \u0432 \u0435\u0433\u043e \u043a\u043e\u043c\u043d\u0430\u0442\u0435 \u043f\u043e\u044f\u0432\u043b\u044f\u0435\u0442\u0441\u044f \u043f\u0440\u0435\u043a\u0440\u0430\u0441\u043d\u0430\u044f \u0431\u043e\u0433\u0438\u043d\u044f \u043f\u043e \u0438\u043c\u0435\u043d\u0438 \u0412\u0435\u0440\u0434\u0430\u043d\u0434\u0438, \u044f\u0432\u0438\u0432\u0448\u0430\u044f\u0441\u044f, \u0447\u0442\u043e\u0431\u044b \u0432\u044b\u043f\u043e\u043b\u043d\u0438\u0442\u044c \u043b\u044e\u0431\u043e\u0435 \u0436\u0435\u043b\u0430\u043d\u0438\u0435 \u041a\u0435\u0439\u0442\u0438.", "title": "Aa! Megami-sama! (TV)", "creators": [], "old_limit": 3}, "model": "myapp.product"}, {"pk": 19, "fields": {"category": 1, "avatar": "/home/ctulhu/anylist/anylist/media/857.jpg", "alt_names": [], "genres": [], "heroes": [], "description": "\u041c\u0438\u043d\u0430\u043c\u0438 \u0418\u0446\u0443\u043a\u0438 \u043d\u0438\u043a\u043e\u0433\u0434\u0430 \u0441\u0435\u0440\u044c\u0451\u0437\u043d\u043e \u043d\u0435 \u0434\u0443\u043c\u0430\u043b \u043e \u0442\u043e\u043c, \u0447\u0442\u043e\u0431\u044b \u0437\u0430\u043d\u044f\u0442\u044c\u0441\u044f \u043a\u0430\u0442\u0430\u043d\u0438\u0435\u043c \u043d\u0430 \u00ab\u044d\u0438\u0440-\u0442\u0440\u0435\u043a\u0430\u0445\u00bb (AT) \u2014 \u0432\u044b\u0441\u043e\u043a\u043e\u0442\u0435\u0445\u043d\u043e\u043b\u043e\u0433\u0438\u0447\u043d\u044b\u0445 \u0440\u043e\u043b\u0438\u043a\u0430\u0445, \u0441\u043d\u0430\u0431\u0436\u0451\u043d\u043d\u044b\u0445 \u043c\u043e\u0442\u043e\u0440\u043e\u043c, \u2014 \u0434\u043e \u0442\u0435\u0445 \u043f\u043e\u0440, \u043f\u043e\u043a\u0430 \u0443\u043b\u0438\u0447\u043d\u0430\u044f \u0431\u0430\u043d\u0434\u0430 \u0448\u0442\u043e\u0440\u043c-\u0440\u0435\u0439\u0434\u0435\u0440\u043e\u0432 \u043d\u0435 \u043e\u0442\u043c\u0435\u0442\u0435\u043b\u0438\u043b\u0430 \u0435\u0433\u043e \u043f\u043e\u0447\u0451\u043c \u0437\u0440\u044f. \u0412 \u0442\u043e\u0442 \u0434\u0435\u043d\u044c \u043e\u043d \u043e\u0431\u043d\u0430\u0440\u0443\u0436\u0438\u043b \u0432 \u0437\u0430\u043f\u0435\u0440\u0442\u043e\u0439 \u043a\u043e\u043c\u043d\u0430\u0442\u0435 \u0441\u0432\u043e\u0435\u0433\u043e \u0434\u043e\u043c\u0430 (\u0432 \u043a\u043e\u0442\u043e\u0440\u043e\u043c \u043e\u043d \u0436\u0438\u043b \u0441 \u0447\u0435\u0442\u044b\u0440\u044c\u043c\u044f \u0441\u0451\u0441\u0442\u0440\u0430\u043c\u0438) \u043f\u0430\u0440\u0443 AT \u0438 \u043a\u043e\u0440\u043e\u0431\u043a\u0443 \u0441 \u043d\u0430\u043a\u043b\u0435\u0439\u043a\u0430\u043c\u0438, \u043f\u0440\u0438\u043d\u0430\u0434\u043b\u0435\u0436\u0430\u0449\u0443\u044e \u0443\u043b\u0438\u0447\u043d\u043e\u0439 \u0431\u0430\u043d\u0434\u0435 \u0448\u0442\u0440\u043e\u043c-\u0440\u0430\u0439\u0434\u0435\u0440\u043e\u0432 \u00ab\u0421\u043f\u044f\u0449\u0438\u0439 \u043b\u0435\u0441\u00bb. \u041e\u0434\u043d\u043e \u0446\u0435\u043f\u043b\u044f\u0435\u0442\u0441\u044f \u0437\u0430 \u0434\u0440\u0443\u0433\u043e\u0435 \u2014 \u0438 \u0432\u043e\u0442 \u0418\u0446\u0443\u043a\u0438 \u0443\u0436\u0435 \u043e\u0434\u0435\u0432\u0430\u0435\u0442 \u043a\u043e\u043b\u0451\u0441\u0430 \u0438 \u043f\u0440\u0438\u0441\u0442\u0443\u043f\u0430\u0435\u0442 \u043a \u0435\u0437\u0434\u0435. \u041f\u043e \u043c\u0435\u0440\u0435 \u0442\u043e\u0433\u043e, \u043a\u0430\u043a \u0435\u0433\u043e \u0440\u0435\u043f\u0443\u0442\u0430\u0446\u0438\u044f \u0438\u0434\u0451\u0442 \u0432 \u0433\u043e\u0440\u0443 \u0432 \u043c\u0438\u0440\u0435 AT, \u043e\u043d \u043d\u0430\u0447\u0438\u043d\u0430\u0435\u0442 \u0441\u043a\u043e\u043b\u0430\u0447\u0438\u0432\u0430\u0442\u044c \u0441\u0432\u043e\u044e \u0441\u043e\u0431\u0441\u0442\u0432\u0435\u043d\u043d\u0443\u044e \u043a\u043e\u043c\u0430\u043d\u0434\u0443, \u0447\u0442\u043e\u0431\u044b \u0443\u0447\u0430\u0441\u0442\u0432\u043e\u0432\u0430\u0442\u044c \u0432\u043e \u0432\u0441\u0451 \u043d\u043e\u0432\u044b\u0445 \u0438 \u043d\u043e\u0432\u044b\u0445 \u0431\u043e\u044f\u0445, \u0437\u0430\u0432\u043e\u0451\u0432\u044b\u0432\u0430\u044f \u0431\u043e\u043b\u044c\u0448\u0435 \u0438 \u0431\u043e\u043b\u044c\u0448\u0435 \u0442\u0435\u0440\u0440\u0438\u0442\u043e\u0440\u0438\u0438.", "title": "Air Gear", "creators": [], "old_limit": 4}, "model": "myapp.product"}, {"pk": 20, "fields": {"category": 1, "avatar": "/home/ctulhu/anylist/anylist/media/12149.jpg", "alt_names": [], "genres": [16, 30], "heroes": [], "description": "\u0412 \u043d\u0430\u0447\u0430\u043b\u0435 21 \u0432\u0435\u043a\u0430 \u041c\u0438\u0440\u043e\u0432\u0430\u044f \u0432\u043e\u0439\u043d\u0430 \u0434\u043e\u0441\u0442\u0438\u0433\u0430\u0435\u0442 \u0441\u0432\u043e\u0435\u0433\u043e \u0430\u043f\u043e\u0433\u0435\u044f \u0438 \u0432\u044b\u0445\u043e\u0434\u0438\u0442 \u043d\u0430 \u043d\u043e\u0432\u044b\u0439 \u0443\u0440\u043e\u0432\u0435\u043d\u044c \u0437\u0430 \u0441\u0447\u0435\u0442 \u043d\u043e\u0432\u044b\u0445 \u0442\u0435\u0445\u043d\u043e\u043b\u043e\u0433\u0438\u0439 \u043c\u0435\u0436\u043f\u043b\u0430\u043d\u0435\u0442\u043d\u044b\u0445 \u043a\u043e\u0441\u043c\u0438\u0447\u0435\u0441\u043a\u0438\u0445 \u043f\u0443\u0442\u0435\u0448\u0435\u0441\u0442\u0432\u0438\u0439. \u041e\u043a\u0440\u0443\u0436\u0430\u044e\u0449\u0430\u044f \u0441\u0440\u0435\u0434\u0430 \u043d\u0430\u0441\u0442\u043e\u043b\u044c\u043a\u043e \u043f\u043e\u0441\u0442\u0440\u0430\u0434\u0430\u043b\u0430, \u0447\u0442\u043e \u0447\u0435\u043b\u043e\u0432\u0435\u0447\u0435\u0441\u0442\u0432\u0443 \u043f\u0440\u0438\u0445\u043e\u0434\u0438\u0442\u0441\u044f \u043f\u043e\u043a\u0438\u043d\u0443\u0442\u044c \u0417\u0435\u043c\u043b\u044e \u0438 \u043e\u0441\u0435\u0441\u0442\u044c \u043d\u0430 \u0434\u0440\u0443\u0433\u0438\u0445 \u043f\u043b\u0430\u043d\u0435\u0442\u0430\u0445. \u0422\u0430\u043a \u043d\u0430\u0447\u0438\u043d\u0430\u0435\u0442\u0441\u044f 00 \u043e\u0442\u0441\u0447\u0435\u0442 \u0417\u0432\u0435\u0437\u0434\u043d\u043e\u0433\u043e \u043a\u0430\u043b\u0435\u043d\u0434\u0430\u0440\u044f.\n\n\u0420\u0430\u0437\u0432\u043b\u0435\u0447\u0435\u043d\u0438\u044f \u0438 \u043f\u0435\u0441\u043d\u0438 \u0441\u0442\u0430\u043b\u0438 \u0441\u0442\u0430\u043b\u0438 \u0436\u0435\u0441\u0442\u043a\u043e \u043a\u043e\u043d\u0442\u0440\u043e\u043b\u0438\u0440\u043e\u0432\u0430\u0442\u044c \u0438 \u0432 \u0438\u0442\u043e\u0433\u0435 \u043d\u0430 \u043d\u0435\u043a\u043e\u0442\u043e\u0440\u044b\u0445 \u043f\u043b\u0430\u043d\u0435\u0442\u0430\u0445 \u0437\u0430\u043f\u0440\u0435\u0442\u0438\u043b\u0438 \u043c\u0430\u0441\u0441\u043e\u0432\u044b\u0435 \u043c\u0435\u0440\u043e\u043f\u0440\u0438\u044f\u0442\u0438\u044f \u0438\u0437-\u0437\u0430 \u0438\u0445 \u0441\u0438\u043b\u044b \u043c\u043e\u0442\u0438\u0432\u0430\u0446\u0438\u0438 \u043d\u0430\u0440\u043e\u0434\u043e\u043c. \u041d\u043e \u0433\u0440\u0443\u043f\u043f\u0430 \u043f\u043e\u043f-\u0438\u0434\u043e\u043b\u043e\u0432 \u0441\u0442\u0430\u0432\u0438\u0442 \u043f\u0440\u0435\u0434\u0441\u0442\u0430\u0432\u043b\u0435\u043d\u0438\u044f \u0432 \u044d\u0442\u0438\u0445 \u043c\u0435\u0441\u0442\u0430\u0445 \u043d\u0430 \u0441\u0432\u043e\u0439 \u0441\u0442\u0440\u0430\u0445 \u0438 \u0440\u0438\u0441\u043a \u0432\u043e \u0438\u043c\u044f \u0437\u043d\u0430\u043c\u0435\u043d\u0438\u0442\u043e\u0433\u043e \u0441\u043e\u0431\u044b\u0442\u0438\u044f \u043f\u0440\u043e\u0448\u043b\u043e\u0433\u043e, \u0410\u041a\u041148. \u0418\u043c\u044f \u0442\u043e\u0439 \u0433\u0440\u0443\u043f\u043f\u044b, \u0438\u0437\u0432\u0435\u0441\u0442\u043d\u043e\u0433\u043e \u043f\u043e \u0432\u0441\u0435\u0439 \u0433\u0430\u043b\u0430\u043a\u0442\u0438\u043a\u0435 - \u0410\u041a\u04110048.\n\n\u041a\u0430\u0436\u0434\u044b\u0435 \u043d\u0435\u0441\u043a\u043e\u043b\u044c\u043a\u043e \u043b\u0435\u0442 \u0410\u041a\u0411 \u043e\u0442\u0431\u0438\u0440\u0430\u044e\u0442 \u043f\u0440\u0435\u0442\u0435\u043d\u0434\u0435\u0442\u043e\u043a, \u043a\u043e\u0442\u043e\u0440\u044b\u0435 \u0432\u043f\u043e\u0441\u043b\u0435\u0434\u0441\u0442\u0432\u0438\u0438 \u0441\u043c\u043e\u0433\u0443\u0442 \u0443\u043d\u0430\u0441\u043b\u0435\u0434\u043e\u0432\u0430\u0442\u044c \u043e\u0434\u043d\u043e \u0438\u0437 \u0432\u0435\u043b\u0438\u043a\u0438\u0445 \u0438\u043c\u0435\u043d. \u0414\u0435\u0432\u043e\u0447\u043a\u0438 \u0441 \u0440\u0430\u0437\u043d\u044b\u0445 \u043f\u043b\u0430\u043d\u0435\u0442, \u0432 \u0442\u043e\u043c \u0447\u0438\u0441\u043b\u0435 \u0438 \u0442\u0435\u0445, \u0433\u0434\u0435 \u043f\u043e\u0434\u043e\u0431\u043d\u043e\u0435 \u0437\u0430\u043f\u0440\u0435\u0449\u0435\u043d\u043e, \u0443\u0447\u0430\u0441\u0442\u0432\u0443\u044e\u0442 \u0432\u043e \u0432\u0441\u0442\u0443\u043f\u0438\u0442\u0435\u043b\u044c\u043d\u044b\u0445 \u0438\u0441\u043f\u044b\u0442\u0430\u043d\u0438\u044f\u0445, \u0447\u0442\u043e\u0431\u044b \u0441\u0442\u0430\u0442\u044c \u0438\u0434\u043e\u043b\u043e\u043c \u0438 \u043f\u0440\u0438\u0441\u043e\u0435\u0434\u0438\u043d\u0438\u0442\u044c\u0441\u044f \u043a \u0433\u0440\u0443\u043f\u043f\u0435. \u041d\u043e \u044d\u0442\u043e \u0441\u043e\u0432\u0441\u0435\u043c \u043d\u0435 \u0442\u0430\u043a \u043b\u0435\u0433\u043a\u043e, \u043a\u0430\u043a \u043c\u043e\u0436\u0435\u0442 \u043f\u043e\u043a\u0430\u0437\u0430\u0442\u044c\u0441\u044f..", "title": "AKB0048 First Stage", "creators": [], "old_limit": 3}, "model": "myapp.product"}, {"pk": 21, "fields": {"category": 1, "avatar": "/home/ctulhu/anylist/anylist/media/14941.jpg", "alt_names": [], "genres": [16, 30], "heroes": [], "description": "\u041f\u0440\u0430\u0432\u0438\u0442\u0435\u043b\u044c\u0441\u0442\u0432\u043e \u0443\u0436\u0435\u0441\u0442\u043e\u0447\u0438\u043b\u043e \u043c\u0435\u0440\u044b \u043f\u043e \u043d\u0435\u0441\u0430\u043d\u043a\u0446\u0438\u043e\u043d\u0438\u0440\u043e\u0432\u0430\u043d\u043d\u044b\u043c \u043c\u0435\u0440\u043e\u043f\u0440\u0438\u044f\u0442\u0438\u044f\u043c, \u043d\u043e \u043a\u043e\u043d\u0446\u0435\u0440\u0442\u044b \u0438 \u0431\u0438\u0442\u0432\u044b \u043f\u0440\u043e\u0434\u043e\u043b\u0436\u0430\u044e\u0442\u0441\u044f! \u041f\u043e\u043c\u0438\u043c\u043e \u044d\u0442\u043e\u0433\u043e \u043e\u0431\u044a\u044f\u0432\u0438\u043b\u0438, \u0447\u0442\u043e \u0441\u043a\u043e\u0440\u043e \u0431\u0443\u0434\u0443\u0442 \u043f\u0440\u043e\u0432\u0435\u0434\u0435\u043d\u044b \u0432\u0441\u0435\u043e\u0431\u0449\u0438\u0435 \u0432\u044b\u0431\u043e\u0440\u044b \u0441\u0440\u0435\u0434\u0438 \u0443\u0447\u0430\u0441\u0442\u043d\u0438\u0446 \u0410\u041a\u041100! \u041d\u043e \u043d\u0430 \u044d\u0442\u043e\u043c \u043d\u043e\u0432\u043e\u0441\u0442\u0438 \u043d\u0435 \u0437\u0430\u043a\u0430\u043d\u0447\u0438\u0432\u0430\u044e\u0442\u0441\u044f, \u0432\u0435\u0434\u044c \u0432\u043c\u0435\u0441\u0442\u0435 \u0441 \u041d\u0430\u0433\u0438\u0441\u043e\u0439 \u0438 \u0434\u0435\u0432\u043e\u0447\u043a\u0430\u043c\u0438 \u043d\u0430\u043c \u043f\u0440\u0435\u0434\u0441\u0442\u043e\u0438\u0442 \u0440\u0430\u0441\u043a\u0440\u044b\u0442\u044c \u043c\u043d\u043e\u0436\u0435\u0441\u0442\u0432\u043e \u0442\u0430\u0439\u043d, \u043e\u043a\u0443\u0442\u044b\u0432\u0430\u044e\u0449\u0438\u0445 \u043a\u043e\u043c\u0430\u043d\u0434\u0443 00, \u0443\u0437\u043d\u0430\u0442\u044c \u0435\u0449\u0435 \u0431\u043e\u043b\u044c\u0448\u0435 \u043e \u041a\u0438\u0440\u0430\u0440\u0430\u0445 ( \u043c\u0443\u0437\u044b\u043a\u0430\u043b\u044c\u043d\u044b\u0445 \u0447\u0430\u0441\u0442\u0438\u0447\u043a\u0430\u0445 \u0441\u0432\u0435\u0442\u0430 \u0443\u0447\u0430\u0441\u0442\u043d\u0438\u0446), \u0430 \u0442\u0430\u043a\u0436\u0435 \u043f\u0440\u0438\u043f\u043e\u0434\u043d\u044f\u0442\u044c \u0437\u0430\u0432\u0435\u0441\u0443 \u043d\u0430\u0434 \u043f\u0440\u043e\u0448\u043b\u044b\u043c..", "title": "AKB0048 Next Stage", "creators": [], "old_limit": 3}, "model": "myapp.product"}, {"pk": 22, "fields": {"category": 1, "avatar": "/home/ctulhu/anylist/anylist/media/19429.jpg", "alt_names": [], "genres": [22, 7, 4], "heroes": [], "description": "\u0422\u043e\u043a\u0430\u043a\u0443 \u0410\u0434\u0437\u0443\u043c\u0430 \u043e\u0431\u0443\u0447\u0430\u0435\u0442\u0441\u044f \u0432 \u0448\u043a\u043e\u043b\u0435 \u0434\u043b\u044f \u043d\u0430\u0435\u043c\u043d\u044b\u0445 \u0443\u0431\u0438\u0439\u0446. \u041e\u0434\u043d\u0430\u0436\u0434\u044b \u0435\u0451 \u043f\u0435\u0440\u0435\u0432\u043e\u0434\u044f\u0442 \u0432 \u0441\u043f\u0435\u0446\u0438\u0430\u043b\u044c\u043d\u044b\u0439 \u043a\u043b\u0430\u0441\u0441, \u0433\u0434\u0435 \u0433\u043b\u0430\u0432\u043d\u043e\u0435 \u0437\u0430\u0434\u0430\u043d\u0438\u0435 - \u0443\u0431\u0438\u0442\u044c \u0434\u043e\u0431\u0440\u043e\u0434\u0443\u0448\u043d\u0443\u044e \u0425\u0430\u0440\u0443 \u0418\u0442\u0438\u043d\u043e\u0441\u044d. \u041f\u044b\u0442\u0430\u0442\u044c\u0441\u044f \u0443\u0431\u0438\u0442\u044c \u0434\u0435\u0432\u0443\u0448\u043a\u0443 \u0443\u0447\u0435\u043d\u0438\u043a\u0438 \u0434\u043e\u043b\u0436\u043d\u044b \u043f\u043e \u043e\u0447\u0435\u0440\u0435\u0434\u0438, \u043f\u0440\u0435\u0434\u0432\u0430\u0440\u0438\u0442\u0435\u043b\u044c\u043d\u043e \u0443\u0432\u0435\u0434\u043e\u043c\u0438\u0432 \u0441\u0432\u043e\u044e \u0436\u0435\u0440\u0442\u0432\u0443 \u043e\u0431 \u044d\u0442\u043e\u043c. \u041d\u0430 \u0443\u0431\u0438\u0439\u0441\u0442\u0432\u043e \u043a\u0430\u0436\u0434\u043e\u043c\u0443 \u0438\u0437 \u0443\u0447\u0435\u043d\u0438\u043a\u043e\u0432 \u0434\u0430\u0435\u0442\u0441\u044f \u0440\u043e\u0432\u043d\u043e 48 \u0447\u0430\u0441\u043e\u0432. \u0422\u043e\u043a\u0430\u043a\u0443 \u043d\u0430\u0434\u043e \u043e\u0431\u044f\u0437\u0430\u0442\u0435\u043b\u044c\u043d\u043e \u0443\u0431\u0438\u0442\u044c \u0425\u0430\u0440\u0443, \u0438\u0431\u043e \u0435\u0441\u043b\u0438 \u0443\u0431\u0438\u0439\u0446\u0430 \u043d\u0435 \u043f\u043e\u043a\u043e\u043d\u0447\u0438\u0442 \u0441 \u0418\u0442\u0438\u043d\u043e\u0441\u044d, \u043e\u043d\u0430 \u0431\u0443\u0434\u0435\u0442 \u0438\u0441\u043a\u043b\u044e\u0447\u0435\u043d\u0430. \u041d\u043e, \u043f\u043e\u0437\u043d\u0430\u043a\u043e\u043c\u0438\u0432\u0448\u0438\u0441\u044c \u043f\u043e\u0431\u043b\u0438\u0436\u0435 \u0441 \u043c\u0438\u043b\u0430\u0448\u043a\u043e\u0439 \u0425\u0430\u0440\u0443, \u0410\u0434\u0437\u0443\u043c\u0430 \u043f\u043e\u043d\u0438\u043c\u0430\u0435\u0442, \u0447\u0442\u043e \u0438\u0441\u043f\u044b\u0442\u044b\u0432\u0430\u0435\u0442 \u043a \u043d\u0435\u0439 \u0442\u0435\u043f\u043b\u044b\u0435 \u0447\u0443\u0432\u0441\u0442\u0432\u0430 \u0438 \u0434\u043e\u043b\u0436\u043d\u0430 \u0437\u0430\u0449\u0438\u0442\u0438\u0442\u044c \u0435\u0451, \u043d\u0435\u0441\u043c\u043e\u0442\u0440\u044f \u043d\u0438 \u043d\u0430 \u0447\u0442\u043e...", "title": "Akuma no Riddle", "creators": [], "old_limit": 5}, "model": "myapp.product"}, {"pk": 23, "fields": {"category": 1, "avatar": "/home/ctulhu/anylist/anylist/media/15085.jpg", "alt_names": [], "genres": [24, 10, 2], "heroes": [], "description": "\u0413\u0435\u0440\u043e\u0438\u043d\u044f \u043f\u0440\u043e\u0441\u044b\u043f\u0430\u0435\u0442\u0441\u044f \u043f\u0440\u0435\u043a\u0440\u0430\u0441\u043d\u044b\u043c \u0443\u0442\u0440\u043e\u043c 1 \u0430\u0432\u0433\u0443\u0441\u0442\u0430 \u0438 \u0432\u0434\u0440\u0443\u0433 \u043f\u043e\u043d\u0438\u043c\u0430\u0435\u0442, \u0447\u0442\u043e \u0430\u0431\u0441\u043e\u043b\u044e\u0442\u043d\u043e \u043d\u0438\u0447\u0435\u0433\u043e \u043d\u0435 \u043f\u043e\u043c\u043d\u0438\u0442. \u0412 \u044d\u0442\u043e\u0442 \u0436\u0435 \u043c\u0438\u0433 \u043f\u0435\u0440\u0435\u0434 \u043d\u0435\u0439 \u0438\u0437 \u043d\u0438\u043e\u0442\u043a\u0443\u0434\u0430 \u043f\u043e\u044f\u0432\u043b\u044f\u0435\u0442\u0441\u044f \u043f\u0430\u0440\u0435\u043d\u044c, \u043a\u043e\u0442\u043e\u0440\u044b\u0439 \u043f\u0440\u0435\u0434\u0441\u0442\u0430\u0432\u043b\u044f\u0435\u0442\u0441\u044f \u0432\u0435\u0441\u044c\u043c\u0430 \u043f\u0440\u043e\u0441\u0442\u043e: \"\u041e\u0440\u0438\u043e\u043d, \u0434\u0443\u0445\". \u0412\u043c\u0435\u0441\u0442\u0435 \u0441 \u043d\u0438\u043c \u0434\u0435\u0432\u0443\u0448\u043a\u0435 \u043f\u0440\u0435\u0434\u0441\u0442\u043e\u0438\u0442 \u043f\u0440\u043e\u0439\u0442\u0438 \u0434\u043e\u043b\u0433\u0438\u0439 \u043f\u0443\u0442\u044c, \u0434\u0430\u0431\u044b \u0432\u0435\u0440\u043d\u0443\u0442\u044c \u0441\u0432\u043e\u0438 \u0432\u043e\u0441\u043f\u043e\u043c\u0438\u043d\u0430\u043d\u0438\u044f. \u041f\u043e\u043c\u0438\u043c\u043e \u044d\u0442\u043e\u0433\u043e \u0435\u0435 \u0436\u0434\u0435\u0442 \u0432\u0441\u0442\u0440\u0435\u0447\u0430 \u0441 \"\u0431\u043e\u0439\u0444\u0440\u0435\u043d\u0434\u043e\u043c\", \u043b\u0438\u0446\u043e \u043a\u043e\u0442\u043e\u0440\u043e\u0433\u043e \u0435\u0439 \u0441\u043e\u0432\u0435\u0440\u0448\u0435\u043d\u043d\u043e \u043d\u0435\u0437\u043d\u0430\u043a\u043e\u043c\u043e.", "title": "Amnesia", "creators": [], "old_limit": 3}, "model": "myapp.product"}, {"pk": 24, "fields": {"category": 1, "avatar": "/home/ctulhu/anylist/anylist/media/6547.jpg", "alt_names": [], "genres": [22, 9, 21, 19], "heroes": [], "description": "\u0410 \u0447\u0442\u043e \u0431\u0443\u0434\u0435\u0442 \u043f\u043e\u0441\u043b\u0435 \u0441\u043c\u0435\u0440\u0442\u0438? \u0411\u0435\u0441\u0447\u0438\u0441\u043b\u0435\u043d\u043d\u044b\u0435 \u043f\u043e\u043a\u043e\u043b\u0435\u043d\u0438\u044f \u043b\u044e\u0434\u0435\u0439 \u0437\u0430\u0434\u0430\u0432\u0430\u043b\u0438\u0441\u044c \u044d\u0442\u0438\u043c \u0432\u043e\u043f\u0440\u043e\u0441\u043e\u043c, \u0437\u0430\u0434\u0430\u043b\u0438\u0441\u044c \u0438\u043c \u0438 \u0441\u043e\u0437\u0434\u0430\u0442\u0435\u043b\u0438 \u0430\u043d\u0438\u043c\u0435.\n\n\u042e\u0434\u0437\u0443\u0440\u0443 \u041e\u0442\u043e\u043d\u0430\u0441\u0438 \u043f\u0440\u043e\u0441\u044b\u043f\u0430\u0435\u0442\u0441\u044f \u0432 \u043d\u0435\u0437\u043d\u0430\u043a\u043e\u043c\u043e\u043c \u043c\u0435\u0441\u0442\u0435, \u043d\u0435 \u043f\u043e\u043c\u043d\u044f \u043d\u0438 \u043a\u0442\u043e \u043e\u043d, \u043d\u0438 \u0447\u0442\u043e \u0441 \u043d\u0438\u043c \u0441\u043b\u0443\u0447\u0438\u043b\u043e\u0441\u044c. \u041a\u0430\u043a\u0430\u044f-\u0442\u043e \u043d\u0435\u043d\u043e\u0440\u043c\u0430\u043b\u044c\u043d\u0430\u044f \u0448\u043a\u043e\u043b\u044c\u043d\u0438\u0446\u0430 \u043f\u043e \u0438\u043c\u0435\u043d\u0438 \u042e\u0440\u0438 \u041d\u0430\u043a\u0430\u043c\u0443\u0440\u0430 \u0443\u0442\u0432\u0435\u0440\u0436\u0434\u0430\u0435\u0442, \u0447\u0442\u043e \u042e\u0434\u0437\u0443\u0440\u0443 \u0443\u043c\u0435\u0440, \u0438 \u043f\u0440\u0438\u0437\u044b\u0432\u0430\u0435\u0442 \u0435\u0433\u043e \u043f\u0440\u0438\u0441\u043e\u0435\u0434\u0438\u043d\u0438\u0442\u044c\u0441\u044f \u043a \u00ab\u0424\u0440\u043e\u043d\u0442\u0443 \u0437\u0430\u0433\u0440\u043e\u0431\u043d\u043e\u0433\u043e \u043c\u0438\u0440\u0430\u00bb. \u041c\u0430\u043b\u043e \u0442\u043e\u0433\u043e, \u0432 \u0440\u0443\u043a\u0430\u0445 \u0443 \u043d\u0435\u0451 \u0432\u0438\u043d\u0442\u043e\u0432\u043a\u0430, \u0438\u0437 \u043a\u043e\u0442\u043e\u0440\u043e\u0439 \u043e\u043d\u0430 \u0446\u0435\u043b\u0438\u0442\u0441\u044f \u0432 \u0434\u0440\u0443\u0433\u0443\u044e \u0434\u0435\u0432\u0443\u0448\u043a\u0443, \u043d\u0430\u0437\u044b\u0432\u0430\u044f \u0442\u0443 \u00ab\u0430\u043d\u0433\u0435\u043b\u043e\u043c\u00bb. \u041f\u043e\u043c\u0435\u0448\u0430\u0432 \u043d\u0435\u043d\u043e\u0440\u043c\u0430\u043b\u044c\u043d\u043e\u0439 \u0432\u044b\u0441\u0442\u0440\u0435\u043b\u0438\u0442\u044c, \u042e\u0434\u0437\u0443\u0440\u0443 \u043f\u043e\u0434\u0445\u043e\u0434\u0438\u0442 \u043a \u00ab\u0430\u043d\u0433\u0435\u043b\u0443\u00bb \u0438 \u043f\u044b\u0442\u0430\u0435\u0442\u0441\u044f \u043f\u043e\u043d\u044f\u0442\u044c, \u0447\u0442\u043e \u0436\u0435 \u0442\u0443\u0442 \u043f\u0440\u043e\u0438\u0441\u0445\u043e\u0434\u0438\u0442, \u0438 \u043f\u043e\u0447\u0435\u043c\u0443 \u0435\u0451 \u0437\u043e\u0432\u0443\u0442 \u00ab\u0430\u043d\u0433\u0435\u043b\u043e\u043c\u00bb. \u041d\u0430 \u0447\u0442\u043e \u0434\u0435\u0432\u0443\u0448\u043a\u0430 \u0441\u043e\u043e\u0431\u0449\u0430\u0435\u0442, \u0447\u0442\u043e \u043e\u043d\u0430 \u0432\u043e\u0432\u0441\u0435 \u043d\u0435 \u0430\u043d\u0433\u0435\u043b, \u0430 \u043f\u0440\u0435\u0437\u0438\u0434\u0435\u043d\u0442 \u0448\u043a\u043e\u043b\u044c\u043d\u043e\u0433\u043e \u0441\u043e\u0432\u0435\u0442\u0430 \u043f\u043e \u0438\u043c\u0435\u043d\u0438 \u041a\u0430\u043d\u0430\u0434\u044d \u0422\u0430\u0442\u0438\u0431\u0430\u043d\u0430, \u0438 \u0447\u0442\u043e \u042e\u0434\u0437\u0443\u0440\u0443 \u0434\u0435\u0439\u0441\u0442\u0432\u0438\u0442\u0435\u043b\u044c\u043d\u043e \u0443\u043c\u0435\u0440. \u0412 \u0434\u043e\u043a\u0430\u0437\u0430\u0442\u0435\u043b\u044c\u0441\u0442\u0432\u043e \u044d\u0442\u043e\u0433\u043e, \u0440\u0443\u043a\u0430 \u041a\u0430\u043d\u0430\u0434\u044d \u043f\u0440\u0435\u0432\u0440\u0430\u0449\u0430\u0435\u0442\u0441\u044f \u0432 \u043a\u043b\u0438\u043d\u043e\u043a, \u043a\u043e\u0442\u043e\u0440\u044b\u043c \u043e\u043d\u0430 \u043f\u0440\u043e\u043d\u0437\u0430\u0435\u0442 \u0433\u0440\u0443\u0434\u044c \u042e\u0434\u0437\u0443\u0440\u0443.\n\n\u041f\u0440\u0438\u0445\u043e\u0434\u0438\u0442 \u0432 \u0441\u0435\u0431\u044f \u042e\u0434\u0437\u0443\u0440\u0443 \u0432 \u0448\u043a\u043e\u043b\u044c\u043d\u043e\u043c \u043c\u0435\u0434\u043f\u0443\u043d\u0442\u043a\u0435, \u0441\u0430\u043c \u043e\u043d \u043d\u0435\u0432\u0440\u0435\u0434\u0438\u043c, \u0430 \u043e\u0434\u0435\u0436\u0434\u0430 \u0435\u0433\u043e \u0437\u0430\u043b\u0438\u0442\u0430 \u043a\u0440\u043e\u0432\u044c\u044e...", "title": "Angel Beats!", "creators": [], "old_limit": 3}, "model": "myapp.product"}, {"pk": 25, "fields": {"category": 1, "avatar": "/home/ctulhu/anylist/anylist/media/11111.jpg", "alt_names": [], "genres": [18, 7, 20], "heroes": [], "description": "26 \u043b\u0435\u0442 \u043d\u0430\u0437\u0430\u0434 \u0432 \u043e\u0434\u043d\u043e\u043c \u0438\u0437 \u0442\u0440\u0435\u0442\u044c\u0438\u0445 \u043a\u043b\u0430\u0441\u0441\u043e\u0432 \u0441\u0440\u0435\u0434\u043d\u0435\u0439 \u0448\u043a\u043e\u043b\u044b \u0431\u044b\u043b \u0443\u0447\u0435\u043d\u0438\u043a \u043f\u043e \u0438\u043c\u0435\u043d\u0438 \u041c\u0438\u0441a\u043a\u0438. \u041e\u043d \u0431\u044b\u043b \u0445\u043e\u0440\u043e\u0448 \u0432 \u0443\u0447\u0451\u0431\u0435 \u0438 \u0432 \u0441\u043f\u043e\u0440\u0442\u0435, \u043a\u0440\u0430\u0441\u0438\u0432 \u0432\u043d\u0435\u0448\u043d\u043e\u0441\u0442\u044c\u044e \u0438 \u043f\u043e\u043b\u044c\u0437\u043e\u0432\u0430\u043b\u0441\u044f \u043f\u043e\u043f\u0443\u043b\u044f\u0440\u043d\u043e\u0441\u0442\u044c\u044e \u0432 \u0441\u0432\u043e\u0451\u043c \u043a\u043b\u0430\u0441\u0441\u0435. \u041d\u043e \u0432\u043d\u0435\u0437\u0430\u043f\u043d\u043e \u0443\u043c\u0435\u0440. \u041f\u043e\u0441\u043b\u0435 \u0447\u0435\u0433\u043e \u0435\u0433\u043e \u043e\u0434\u043d\u043e\u043a\u043b\u0430\u0441\u0441\u043d\u0438\u043a\u0438 \u0440\u0435\u0448\u0438\u043b\u0438 \u0434\u043e \u0441\u0430\u043c\u043e\u0433\u043e \u0432\u044b\u043f\u0443\u0441\u043a\u0430 \u0432\u0435\u0441\u0442\u0438 \u0441\u0435\u0431\u044f \u0442\u0430\u043a, \u043a\u0430\u043a \u0431\u0443\u0434\u0442\u043e \u043e\u043d \u0432\u0441\u0451 \u0435\u0449\u0451 \u0440\u044f\u0434\u043e\u043c...\n\n\u0421\u043f\u0443\u0441\u0442\u044f \u043c\u043d\u043e\u0433\u043e \u043b\u0435\u0442, \u0432\u0435\u0441\u043d\u043e\u0439 1998 \u0433\u043e\u0434\u0430, \u044e\u043d\u043e\u0448\u0430 \u043f\u043e \u0438\u043c\u0435\u043d\u0438 \u0421\u0430\u043a\u0430\u043a\u0438\u0431\u0430\u0440\u0430 \u041a\u043e\u0438\u0447\u0438 \u043f\u0435\u0440\u0435\u0432\u043e\u0434\u0438\u0442\u0441\u044f \u0432 \u044d\u0442\u043e\u0442 \u043a\u043b\u0430\u0441\u0441, \u0438 \u0441\u0440\u0430\u0437\u0443 \u0436\u0435 \u043e\u0449\u0443\u0449\u0430\u0435\u0442 \u0433\u043d\u0435\u0442\u0443\u0449\u0443\u044e \u0430\u0442\u043c\u043e\u0441\u0444\u0435\u0440\u0443, \u0446\u0430\u0440\u044f\u0449\u0443\u044e \u0441\u0440\u0435\u0434\u0438 \u0435\u0433\u043e \u043d\u043e\u0432\u044b\u0445 \u043e\u0434\u043d\u043e\u043a\u043b\u0430\u0441\u0441\u043d\u0438\u043a\u043e\u0432. \u0412 \u043e\u0441\u043e\u0431\u0435\u043d\u043d\u043e\u0441\u0442\u0438, \u0435\u0433\u043e \u0432\u043d\u0438\u043c\u0430\u043d\u0438\u0435 \u043f\u0440\u0438\u0432\u043b\u0435\u043a\u0430\u0435\u0442 \u043a\u0440\u0430\u0441\u0438\u0432\u0430\u044f, \u043d\u043e \u043e\u0442\u0447\u0443\u0436\u0434\u0451\u043d\u043d\u0430\u044f \u043e\u0442 \u043e\u0441\u0442\u0430\u043b\u044c\u043d\u043e\u0433\u043e \u043a\u043b\u0430\u0441\u0441\u0430 \u041c\u0435\u0439 \u041c\u0438\u0441\u0430\u043a\u0438, \u043d\u043e\u0441\u044f\u0449\u0430\u044f \u0433\u043b\u0430\u0437\u043d\u0443\u044e \u043f\u043e\u0432\u044f\u0437\u043a\u0443 \u0438 \u043f\u043e\u0441\u0442\u043e\u044f\u043d\u043d\u043e \u0447\u0442\u043e-\u0442\u043e \u0440\u0438\u0441\u0443\u044e\u0449\u0430\u044f \u0432 \u043e\u0434\u0438\u043d\u043e\u0447\u0435\u0441\u0442\u0432\u0435\u2026", "title": "Another", "creators": [], "old_limit": 5}, "model": "myapp.product"}, {"pk": 26, "fields": {"category": 1, "avatar": "/home/ctulhu/anylist/anylist/media/11701.jpg", "alt_names": [], "genres": [18, 20], "heroes": [], "description": "\u0421\u043f\u0435\u0446\u0438\u0430\u043b\u044c\u043d\u044b\u0439 \u0432\u044b\u043f\u0443\u0441\u043a, \u044d\u043a\u0440\u0430\u043d\u0438\u0437\u0430\u0446\u0438\u044f \u043d\u0443\u043b\u0435\u0432\u043e\u0433\u043e \u0442\u043e\u043c\u0430 \u043c\u0430\u043d\u0433\u0438, \u043a\u043e\u0442\u043e\u0440\u044b\u0439 \u043f\u043e\u0432\u0435\u0434\u0430\u0435\u0442 \u043d\u0430\u043c \u043f\u0440\u0435\u0434\u044b\u0441\u0442\u043e\u0440\u0438\u044e \u0433\u043b\u0430\u0432\u043d\u043e\u0439 \u0433\u0435\u0440\u043e\u0438\u043d\u0438 \u0438 \u0435\u0435 \u0441\u0435\u0441\u0442\u0440\u044b. \u0412 \u0434\u0435\u0442\u0441\u0442\u0432\u0435 \u043e\u043d\u0438 \u0431\u044b\u043b\u0438 \u0440\u0430\u0437\u043b\u0443\u0447\u0435\u043d\u044b \u043f\u043e \u0441\u0435\u043c\u0435\u0439\u043d\u044b\u043c \u043e\u0431\u0441\u0442\u043e\u044f\u0442\u0435\u043b\u044c\u0441\u0442\u0432\u0430\u043c. \u0417\u0430\u0442\u0435\u043c \u0441\u0443\u0434\u044c\u0431\u0430 \u0441\u043d\u043e\u0432\u0430 \u0441\u0432\u043e\u0434\u0438\u0442 \u0438\u0445 \u0432\u043c\u0435\u0441\u0442\u0435. \u0416\u0438\u0432\u044f \u043e\u0431\u044b\u0447\u043d\u043e\u0439 \u0448\u043a\u043e\u043b\u044c\u043d\u043e\u0439 \u0436\u0438\u0437\u043d\u044c\u044e, \u0434\u0435\u0432\u043e\u0447\u043a\u0438 \u043d\u0435 \u043f\u043e\u0434\u043e\u0437\u0440\u0435\u0432\u0430\u044e\u0442, \u043a\u0430\u043a\u0430\u044f \u0441\u0442\u0440\u0430\u0448\u043d\u0430\u044f \u0431\u0435\u0434\u0430 \u0438\u0445 \u043e\u0436\u0438\u0434\u0430\u0435\u0442. \u042d\u0442\u043e \u0440\u0430\u0441\u0441\u043a\u0430\u0437 \u043e \u043f\u0435\u0440\u0432\u043e\u0439 \u0436\u0435\u0440\u0442\u0432\u0435 \u043f\u0440\u043e\u043a\u043b\u044f\u0442\u0438\u044f \u0434\u0435\u0432\u044f\u0442\u043e\u0433\u043e \"\u0412\" \u043a\u043b\u0430\u0441\u0441\u0430", "title": "Another: The Other - Inga", "creators": [], "old_limit": 5}, "model": "myapp.product"}, {"pk": 27, "fields": {"category": 1, "avatar": "/home/ctulhu/anylist/anylist/media/18893.jpg", "alt_names": [], "genres": [22, 16, 3], "heroes": [], "description": "\u0427\u0435\u043b\u043e\u0432\u0435\u0447\u0435\u0441\u0442\u0432\u043e \u043f\u043e\u0442\u0435\u0440\u044f\u043b\u043e \u0431\u043e\u043b\u044c\u0448\u0443\u044e \u0447\u0430\u0441\u0442\u044c \u0441\u0443\u0448\u0438 \u0438\u0437-\u0437\u0430 \u0433\u043b\u043e\u0431\u0430\u043b\u044c\u043d\u043e\u0433\u043e \u043f\u043e\u0442\u0435\u043f\u043b\u0435\u043d\u0438\u044f \u0432 \u043f\u0435\u0440\u0432\u043e\u0439 \u043f\u043e\u043b\u043e\u0432\u0438\u043d\u0435 XXI-\u0433\u043e \u0432\u0435\u043a\u0430. \u041f\u043e\u0441\u043b\u0435 \u0447\u0435\u0433\u043e \u0432 \u0432\u043e\u0434\u0430\u0445 \u0432\u0441\u0435\u0445 \u0441\u0442\u0440\u0430\u043d, \u0432\u043d\u0435\u0437\u0430\u043f\u043d\u043e, \u043f\u043e\u044f\u0432\u043b\u044f\u0435\u0442\u0441\u044f \"\u0422\u0443\u043c\u0430\u043d\u043d\u044b\u0439 \u0444\u043b\u043e\u0442\", \u0432\u043e\u043e\u0440\u0443\u0436\u0435\u043d\u043d\u044b\u0439 \u0441\u0443\u043f\u0435\u0440-\u043e\u0440\u0443\u0436\u0438\u0435\u043c. \u041d\u0435 \u0438\u043c\u0435\u044f \u0432\u043e\u0437\u043c\u043e\u0436\u043d\u043e\u0441\u0442\u0438 \u043f\u0440\u043e\u0442\u0438\u0432\u043e\u0441\u0442\u043e\u044f\u0442\u044c \u044d\u0442\u043e\u043c\u0443 \u0444\u043b\u043e\u0442\u0443, \u0447\u0435\u043b\u043e\u0432\u0435\u0447\u0435\u0441\u0442\u0432\u043e \u0431\u044b\u043b\u043e \u043f\u043e\u0431\u0435\u0436\u0434\u0435\u043d\u043e \u0438 \u0431\u043e\u043b\u044c\u0448\u0435 \u043d\u0435 \u043c\u043e\u0433\u043b\u043e \u043f\u0443\u0442\u0435\u0448\u0435\u0441\u0442\u0432\u043e\u0432\u0430\u0442\u044c \u043f\u043e \u043c\u043e\u0440\u044f\u043c. 17 \u043b\u0435\u0442 \u043c\u0438\u043d\u0443\u043b\u043e \u043f\u043e\u0441\u043b\u0435 \u0442\u043e\u0439 \u0440\u0430\u0437\u0440\u0443\u0448\u0438\u0442\u0435\u043b\u044c\u043d\u043e\u0439 \u043c\u043e\u0440\u0441\u043a\u043e\u0439 \u0432\u043e\u0439\u043d\u044b, \u0413\u0443\u043d\u0437\u043e \u0427\u0438\u0445\u0430\u044f \u0438 \u0435\u0433\u043e \u0434\u0440\u0443\u0437\u044c\u044f \u0441\u043c\u043e\u0433\u043b\u0438 \u0437\u0430\u0445\u0432\u0430\u0442\u0438\u0442\u044c \u0438 \u0440\u0435\u043a\u0432\u0438\u0437\u0438\u0440\u043e\u0432\u0430\u0442\u044c \u043f\u043e\u0434\u0432\u043e\u0434\u043d\u0443\u044e \u043b\u043e\u0434\u043a\u0443 \u0432\u0445\u043e\u0434\u044f\u0449\u0443\u044e \u0432 \u0441\u043e\u0441\u0442\u0430\u0432 \u00ab\u0422\u0443\u043c\u0430\u043d\u043d\u043e\u0433\u043e \u0444\u043b\u043e\u0442\u0430\u00bb \u0438 \u043f\u0435\u0440\u0435\u0438\u043c\u0435\u043d\u043e\u0432\u0430\u043b\u0438 \u0435\u0451 \u0432 I-401. \u0412\u043c\u0435\u0441\u0442\u0435 \u0441 \u0418\u043e\u043d\u043e\u0439 (\u00ab\u043c\u0435\u043d\u0442\u0430\u043b\u044c\u043d\u0430\u044f \u043c\u043e\u0434\u0435\u043b\u044c\u00bb \u0438\u043b\u0438 \u0444\u0438\u0437\u0438\u0447\u0435\u0441\u043a\u043e\u0435 \u0432\u043e\u043f\u043b\u043e\u0449\u0435\u043d\u0438\u0435, \u0432 \u0444\u043e\u0440\u043c\u0435 \u0433\u0443\u043c\u0430\u043d\u043e\u0438\u0434\u0430, \u043f\u043e\u0434\u0432\u043e\u0434\u043d\u043e\u0439 \u043b\u043e\u0434\u043a\u0438 I-401), \u043e\u043d\u0438 \u043e\u0431\u044a\u044f\u0432\u043b\u044f\u044e\u0442 \u0432\u043e\u0439\u043d\u0443 \"\u0422\u0443\u043c\u0430\u043d\u043d\u043e\u043c\u0443 \u0444\u043b\u043e\u0442\u0443\"", "title": "Aoki Hagane no Arpeggio: Ars Nova", "creators": [], "old_limit": 3}, "model": "myapp.product"}, {"pk": 28, "fields": {"category": 1, "avatar": "/home/ctulhu/anylist/anylist/media/14373.jpg", "alt_names": [], "genres": [16], "heroes": [], "description": "\u0427\u0435\u0442\u044b\u0440\u0435 \u0434\u0435\u0432\u0443\u0448\u043a\u0438, \u043e\u0434\u0435\u0442\u044b\u0435 \u0432 \u0444\u043e\u0440\u043c\u0443 \u0443\u0447\u0435\u043d\u0438\u0446 \u0441\u0442\u0430\u0440\u0448\u0438\u0445 \u043a\u043b\u0430\u0441\u0441\u043e\u0432, \u0431\u0435\u0437\u043c\u043e\u043b\u0432\u043d\u043e \u0438\u0434\u0443\u0442 \u043f\u043e \u043f\u0443\u0441\u0442\u043e\u0439 \u0437\u0435\u043c\u043b\u0435. \u041e\u043d\u0438 - \u043f\u0443\u0442\u0435\u0448\u0435\u0441\u0442\u0432\u0435\u043d\u043d\u0438\u0446\u044b \u0432\u043e \u0432\u0440\u0435\u043c\u0435\u043d\u0438, \u043e\u0442\u043f\u0440\u0430\u0432\u043b\u0435\u043d\u043d\u044b\u0435 \u043d\u0430 6000 \u043b\u0435\u0442 \u0432 \u0431\u0443\u0434\u0443\u0449\u0435\u0435 \u0438\u0437 \u0441\u0432\u043e\u0435\u0439 \u044d\u043f\u043e\u0445\u0438 (\u0433\u0434\u0435 \u043e\u0434\u0438\u043d \u0438 \u0442\u043e\u0442 \u0436\u0435 \u0434\u0435\u043d\u044c \u043f\u043e\u0432\u0442\u043e\u0440\u044f\u0435\u0442\u0441\u044f \u0431\u0435\u0441\u0447\u0438\u0441\u043b\u0435\u043d\u043d\u043e\u0435 \u043a\u043e\u043b\u0438\u0447\u0435\u0441\u0442\u0432\u043e \u0440\u0430\u0437), \u0447\u0442\u043e\u0431\u044b \u0441\u043f\u0430\u0441\u0442\u0438 \u0447\u0435\u043b\u043e\u0432\u0435\u0447\u0435\u0441\u0442\u0432\u043e \u043e\u0442 \u0432\u044b\u043c\u0438\u0440\u0430\u043d\u0438\u044f. \u0414\u043b\u044f \u044d\u0442\u043e\u0433\u043e \u0434\u0435\u0432\u0443\u0448\u043a\u0438 \u043f\u0440\u043e\u0448\u043b\u0438 \u0436\u0435\u0441\u0442\u043e\u0447\u0430\u0439\u0448\u0438\u0439 \u043e\u0442\u0431\u043e\u0440 \u043f\u043e\u0441\u043b\u0435 \u043e\u043a\u043e\u043d\u0447\u0430\u043d\u0438\u044f \u0448\u043a\u043e\u043b\u044b.\n\n\u0415\u0434\u0438\u043d\u0441\u0442\u0432\u0435\u043d\u043d\u043e\u0435, \u0447\u0442\u043e \u0438\u043c \u043f\u043e\u0437\u0432\u043e\u043b\u0438\u043b\u0438 \u0432\u0437\u044f\u0442\u044c \u0441 \u0441\u043e\u0431\u043e\u0439 - \u043f\u043e\u0445\u043e\u0436\u0438\u0439 \u043d\u0430 \u0434\u0435\u0448\u0435\u0432\u0443\u044e \u0438\u0433\u0440\u0443\u0448\u043a\u0443 \u043c\u043e\u0431\u0438\u043b\u044c\u043d\u044b\u0439 \u0442\u0435\u043b\u0435\u0444\u043e\u043d, \u0438, \u043a\u043e\u043d\u0435\u0447\u043d\u043e, \u043e\u043d \u043d\u0435 \u0441\u043c\u043e\u0433 \u043f\u043e\u0439\u043c\u0430\u0442\u044c \u0441\u0438\u0433\u043d\u0430\u043b.\n\n\u041f\u0440\u0435\u0434\u043e\u0441\u0442\u0430\u0432\u043b\u0435\u043d\u043d\u044b\u0435 \u0441\u0430\u043c\u0438 \u0441\u0435\u0431\u0435, \u0434\u0435\u0432\u0443\u0448\u043a\u0438 \u043f\u0440\u043e\u0434\u043e\u043b\u0436\u0438\u043b\u0438 \u043f\u0443\u0442\u044c \u0438 \u0432\u0441\u043a\u043e\u0440\u0435 \u0437\u0430\u043c\u0435\u0442\u0438\u043b\u0438 \u0432 \u043d\u0435\u0431\u0435 \u043d\u0435\u043e\u0431\u044b\u0447\u043d\u044b\u0445 \u043f\u0442\u0438\u0446, \u0430 \u0432\u0434\u0430\u043b\u0435\u043a\u0435 - \u0440\u0435\u043a\u0443, \u043f\u043e\u0442\u0435\u0440\u044f\u0432\u0448\u0443\u044e \u0446\u0432\u0435\u0442. \u041d\u043e\u0432\u043e\u0439 \u0437\u0430\u0433\u0430\u0434\u043a\u043e\u0439 \u0434\u043b\u044f \u0447\u0435\u0442\u0432\u0435\u0440\u043a\u0438 \u0441\u0442\u0430\u043b \u0431\u0440\u043e\u0448\u0435\u043d\u043d\u044b\u0439 \u0434\u043e\u043c, \u0438\u043c\u044f \u0445\u043e\u0437\u044f\u0438\u043d\u0430 \u043a\u043e\u0442\u043e\u0440\u043e\u0433\u043e \u043d\u0435\u043e\u0436\u0438\u0434\u0430\u043d\u043d\u043e \u043e\u043a\u0430\u0437\u044b\u0432\u0430\u0435\u0442\u0441\u044f \u0437\u043d\u0430\u043a\u043e\u043c\u044b\u043c \u043e\u0434\u043d\u043e\u0439 \u0438\u0437 \u043d\u0438\u0445.", "title": "Arata naru Sekai: Mirai-hen", "creators": [], "old_limit": 3}, "model": "myapp.product"}, {"pk": 29, "fields": {"category": 1, "avatar": "/home/ctulhu/anylist/anylist/media/12967.jpg", "alt_names": [], "genres": [10, 2], "heroes": [], "description": "\u0418\u0441\u0442\u043e\u0440\u0438\u044f \u0440\u0430\u0437\u0432\u043e\u0440\u0430\u0447\u0438\u0432\u0430\u0435\u0442\u0441\u044f \u043d\u0430 \u043d\u0435\u0431\u043e\u043b\u044c\u0448\u043e\u043c \u043e\u0441\u0442\u0440\u043e\u0432\u0435 \u0420\u0435\u0433\u0430\u043b\u043e, \u0447\u0442\u043e \u043d\u0430\u0445\u043e\u0434\u0438\u0442\u0441\u044f \u0432 \u0421\u0440\u0435\u0434\u0438\u0437\u0435\u043c\u043d\u043e\u043c \u043c\u043e\u0440\u0435. \u042d\u0442\u043e\u0442 \u043a\u043b\u043e\u0447\u043e\u043a \u0441\u0443\u0448\u0438 \u0441\u0442\u0430\u043b \u0434\u043e\u043c\u043e\u043c \u0434\u043b\u044f \u0442\u0430\u0439\u043d\u043e\u0439 \u043e\u0440\u0433\u0430\u043d\u0438\u0437\u0430\u0446\u0438\u0438 \"\u0421\u0435\u043c\u044c\u044f \u0410\u0440\u043a\u0430\u043d\u0430\", \u043a\u043e\u0442\u043e\u0440\u0430\u044f \u0437\u0430\u0449\u0438\u0449\u0430\u0435\u0442 \u043e\u0441\u0442\u0440\u043e\u0432 \u043e\u0442 \u043f\u0438\u0440\u0430\u0442\u043e\u0432 \u0438 \u0432\u0441\u044f\u0447\u0435\u0441\u043a\u0438\u0445 \u0431\u0435\u0434\u0441\u0442\u0432\u0438\u0439. \u041f\u043e\u0447\u0442\u0438 \u0432\u0441\u0435 \u0447\u043b\u0435\u043d\u044b \u0421\u0435\u043c\u044c\u0438 \u043e\u0431\u043b\u0430\u0434\u0430\u044e\u0442 \u044d\u043a\u0441\u0442\u0440\u0430\u0441\u0435\u043d\u0441\u043e\u0440\u043d\u044b\u043c\u0438 \u0441\u043f\u043e\u0441\u043e\u0431\u043d\u043e\u0441\u0442\u044f\u043c\u0438. \u0418 \u0432\u043e\u0442 \u043d\u0430\u0441\u0442\u0430\u043b\u043e \u0432\u0440\u0435\u043c\u044f, \u043a\u043e\u0433\u0434\u0430 \u0433\u043b\u0430\u0432\u0430 \u043e\u0440\u0433\u0430\u043d\u0438\u0437\u0430\u0446\u0438\u0438 \u0437\u0430\u0445\u043e\u0442\u0435\u043b \u0443\u0439\u0442\u0438 \u043d\u0430 \u043f\u043e\u043a\u043e\u0439 \u0438 \u0440\u0435\u0448\u0438\u043b \u043d\u0430\u0439\u0442\u0438 \u0441\u0435\u0431\u0435 \u043f\u0440\u0435\u0435\u043c\u043d\u0438\u043a\u0430. \u0414\u043b\u044f \u044d\u0442\u043e\u0433\u043e \u043e\u043d \u0443\u0441\u0442\u0440\u043e\u0438\u043b \u0442\u0443\u0440\u043d\u0438\u0440 \u0441\u0440\u0435\u0434\u0438 \u0441\u0430\u043c\u044b\u0445 \u0434\u043e\u0441\u0442\u043e\u0439\u043d\u044b\u0445 \u0447\u043b\u0435\u043d\u043e\u0432 \u0421\u0435\u043c\u044c\u0438 \u0410\u0440\u043a\u0430\u043d\u0430. \u041f\u043e\u0431\u0435\u0434\u0438\u0442\u0435\u043b\u044e \u0434\u043e\u0441\u0442\u0430\u043d\u0435\u0442\u0441\u044f \u043c\u0435\u0441\u0442\u043e \"\u043f\u0430\u043f\u044b\" \u0438 \u0435\u0433\u043e \u0434\u043e\u0447\u043a\u0430 \u0424\u0435\u043b\u0438\u0447\u0438\u0442\u0430 \u0432 \u0436\u0451\u043d\u044b.\n\n\u0412\u0441\u0435 \"\u0437\u0430\", \u043a\u0440\u043e\u043c\u0435 \u0434\u043e\u0447\u043a\u0438. \u041e\u0434\u043d\u0430\u043a\u043e, \u043d\u0435 \u0432 \u0441\u0438\u043b\u0430\u0445 \u0438\u0437\u043c\u0435\u043d\u0438\u0442\u044c \u0440\u0435\u0448\u0435\u043d\u0438\u0435 \u0443\u043f\u0440\u044f\u043c\u043e\u0433\u043e \u043e\u0442\u0446\u0430, \u0424\u0435\u043b\u0438\u0447\u0438\u0442\u0430 \u043f\u043e\u043b\u0443\u0447\u0430\u0435\u0442 \u043f\u0440\u0430\u0432\u043e \u0443\u0447\u0430\u0441\u0442\u0432\u043e\u0432\u0430\u0442\u044c \u0432 \u0434\u0443\u044d\u043b\u044f\u0445. \u0418 \u0432\u043e\u0442, \u0431\u0438\u0442\u0432\u0430 \u043d\u0430\u0447\u0438\u043d\u0430\u0435\u0442\u0441\u044f.", "title": "Arcana Famiglia", "creators": [], "old_limit": 3}, "model": "myapp.product"}, {"pk": 30, "fields": {"category": 1, "avatar": "/home/ctulhu/anylist/anylist/media/14669.jpg", "alt_names": [], "genres": [9, 21, 10, 7], "heroes": [], "description": "\u0421\u044e\u0436\u0435\u0442 \u0437\u0430\u043a\u0440\u0443\u0447\u0438\u0432\u0430\u0435\u0442\u0441\u044f \u0432\u043e\u043a\u0440\u0443\u0433 \u0441\u0442\u0430\u0440\u0448\u0435\u043a\u043b\u0430\u0441\u0441\u043d\u0438\u043a\u0430 \u0421\u0430\u0442\u043e \u0418\u0447\u0438\u0440\u043e. \u041e\u0431\u044b\u0447\u043d\u044b\u0439 \u043f\u0430\u0440\u0435\u043d\u044c, \u0432 \u043e\u0431\u044b\u0447\u043d\u043e\u0439 \u0448\u043a\u043e\u043b\u0435, \u0441 \u043f\u0430\u0440\u043e\u0439 \u043e\u0431\u044b\u0447\u043d\u044b\u0445 \u0434\u0440\u0443\u0437\u0435\u0439, \u043a\u043e\u0442\u043e\u0440\u044b\u0435 \u043c\u0435\u0447\u0442\u0430\u044e\u0442 \u043e \u0442\u043e\u043c, \u0447\u0442\u043e\u0431\u044b \u0442\u0443\u0441\u043e\u0432\u0430\u0442\u044c\u0441\u044f \u0441 \u0441\u0430\u043c\u044b\u043c\u0438 \u043f\u043e\u043f\u0443\u043b\u044f\u0440\u043d\u044b\u043c\u0438 \u0441\u0442\u0443\u0434\u0435\u043d\u0442\u0430\u043c\u0438 \u0448\u043a\u043e\u043b\u044b. \u041e\u0434\u043d\u0430\u0436\u0434\u044b, \u0437\u0430\u0431\u044b\u0432 \u0432 \u043f\u0430\u0440\u0442\u0435 \u0443\u0447\u0435\u0431\u043d\u0438\u043a, \u043e\u043d \u043f\u0440\u043e\u0431\u0438\u0440\u0430\u0435\u0442\u0441\u044f \u0432 \u0448\u043a\u043e\u043b\u0443 \u0438 \u0432\u0441\u0442\u0440\u0435\u0447\u0430\u0435\u0442 \u0442\u0430\u043c \u0441\u0442\u0440\u0430\u043d\u043d\u0443\u044e \u0434\u0435\u0432\u0443\u0448\u043a\u0443, \u043e\u0434\u0435\u0442\u0443\u044e \u0432 \u0441\u0438\u043d\u044e\u044e \u0440\u043e\u0431\u0443 \u0441 \u043f\u043e\u0441\u043e\u0445\u043e\u043c \u0432 \u0440\u0443\u043a\u0430\u0445. \u041e\u043d\u0430 \u043f\u0440\u0435\u0434\u0441\u0442\u0430\u0432\u043b\u044f\u0435\u0442\u0441\u044f \u0435\u043c\u0443 \u00ab\u0418\u0441\u043a\u0430\u0442\u0435\u043b\u044c\u043d\u0438\u0446\u0435\u0439\u00bb \u0438 \u0437\u0430\u044f\u0432\u043b\u044f\u0435\u0442, \u0447\u0442\u043e \u043e\u043d\u0430 \u2013 \u0432\u0435\u0434\u044c\u043c\u0430 \u0438\u0437 \u043f\u0430\u0440\u0430\u043b\u043b\u0435\u043b\u044c\u043d\u043e\u0433\u043e \u043c\u0438\u0440\u0430, \u043f\u0440\u0438\u0448\u0435\u0434\u0448\u0430\u044f \u0432 \u043c\u0438\u0440 \u043b\u044e\u0434\u0435\u0439 \u0441 \u0446\u0435\u043b\u044c\u044e \u043d\u0430\u0439\u0442\u0438 \u00ab\u0422\u0435\u0440\u043c\u0438\u043d\u0430\u043b \u0414\u0440\u0430\u043a\u043e\u043d\u0430\u00bb. \u0418\u0447\u0438\u0440\u043e \u0432\u044b\u0437\u044b\u0432\u0430\u0435\u0442\u0441\u044f \u043f\u043e\u043c\u043e\u0447\u044c \u0435\u0439 \u0441 \u043f\u043e\u0438\u0441\u043a\u0430\u043c\u0438, \u043d\u043e \u043f\u043e\u043b\u0443\u0447\u0430\u0435\u0442 \u043c\u0433\u043d\u043e\u0432\u0435\u043d\u043d\u044b\u0439 \u043e\u0442\u043a\u0430\u0437, \u0438 \u0434\u0435\u0432\u0443\u0448\u043a\u0430 \u0438\u0441\u0447\u0435\u0437\u0430\u0435\u0442 \u0438\u0437 \u0432\u0438\u0434\u0443, \u0441\u0442\u043e\u0438\u0442 \u0435\u043c\u0443 \u043b\u0438\u0448\u044c \u043d\u0430 \u0441\u0435\u043a\u0443\u043d\u0434\u0443 \u043e\u0442\u0432\u0435\u0440\u043d\u0443\u0442\u044c\u0441\u044f. \u0418\u0447\u0438\u0440\u043e, \u0434\u0443\u043c\u0430\u044f, \u0447\u0442\u043e \u0443\u0436\u0435 \u043d\u0438\u043a\u043e\u0433\u0434\u0430 \u043d\u0435 \u0432\u0441\u0442\u0440\u0435\u0442\u0438\u0442 \u0442\u0430\u0438\u043d\u0441\u0442\u0432\u0435\u043d\u043d\u0443\u044e \u00ab\u0418\u0441\u043a\u0430\u0442\u0435\u043b\u044c\u043d\u0438\u0446\u0443\u00bb, \u043d\u0430\u0445\u043e\u0434\u0438\u0442 \u0443 \u0441\u0435\u0431\u044f \u0432 \u043a\u0430\u0440\u043c\u0430\u043d\u0435 \u0435\u0451 \u043c\u0430\u0433\u0438\u0447\u0435\u0441\u043a\u043e\u0435 \u043e\u0436\u0435\u0440\u0435\u043b\u044c\u0435. \u041d\u0430 \u0441\u043b\u0435\u0434\u0443\u044e\u0449\u0435\u0435 \u0443\u0442\u0440\u043e \u0434\u0435\u0432\u0443\u0448\u043a\u0430 \u044f\u0432\u043b\u044f\u0435\u0442\u0441\u044f \u0432 \u0448\u043a\u043e\u043b\u0443, \u0447\u0442\u043e\u0431\u044b \u0437\u0430\u0431\u0440\u0430\u0442\u044c \u0441\u0432\u043e\u0439 \u0430\u0440\u0442\u0435\u0444\u0430\u043a\u0442...", "title": "Aura: Maryuuinkouga Saigo no Tatakai", "creators": [], "old_limit": 4}, "model": "myapp.product"}, {"pk": 31, "fields": {"category": 1, "avatar": "/home/ctulhu/anylist/anylist/media/10196.jpg", "alt_names": [], "genres": [29, 8, 3], "heroes": [], "description": "\u0421\u0442\u0430\u0440\u0448\u0435\u043a\u043b\u0430\u0441\u0441\u043d\u0438\u043a \u042e\u0442\u0430\u0440\u0443 \u0434\u0443\u043c\u0430\u043b, \u0447\u0442\u043e \u043e\u043d \u0435\u0434\u0438\u043d\u0441\u0442\u0432\u0435\u043d\u043d\u044b\u0439 \u0440\u0435\u0431\u0435\u043d\u043e\u043a, \u043f\u043e\u043a\u0430 \u043d\u0435 \u0432\u0441\u0442\u0440\u0435\u0442\u0438\u043b \u0441\u0432\u043e\u044e \u043d\u0430\u0441\u0442\u043e\u044f\u0449\u0443\u044e \u043c\u0430\u0442\u044c \u0438 \u043e\u0431\u043d\u0430\u0440\u0443\u0436\u0438\u043b, \u0447\u0442\u043e \u0443 \u043d\u0435\u0435 19 \u0434\u043e\u0447\u0435\u0440\u0435\u0439 - \u043e\u0442 0 \u0434\u043e 18 \u043b\u0435\u0442. \u0422\u0435\u043f\u0435\u0440\u044c \u043e\u043d \u0436\u0438\u0432\u0435\u0442 \u0441\u043e \u0441\u0432\u043e\u0435\u0439 \"\u043d\u0430\u0441\u0442\u043e\u044f\u0449\u0435\u0439 \u0441\u0435\u043c\u044c\u0435\u0439\".", "title": "Baby Princess 3D Paradise 0 [Love]", "creators": [], "old_limit": 4}, "model": "myapp.product"}, {"pk": 32, "fields": {"category": 1, "avatar": "/home/ctulhu/anylist/anylist/media/5081.jpg", "alt_names": [], "genres": [31, 10, 19, 32], "heroes": [], "description": "\u0418\u0441\u0442\u043e\u0440\u0438\u044f \u043e \u041a\u043e\u0451\u043c\u0438 \u0410\u0440\u0430\u0440\u0430\u0433\u0438, \u0443\u0447\u0435\u043d\u0438\u043a\u0435 \u0442\u0440\u0435\u0442\u044c\u0435\u0433\u043e \u043a\u043b\u0430\u0441\u0441\u0430 \u0441\u0442\u0430\u0440\u0448\u0435\u0439 \u0448\u043a\u043e\u043b\u044b \u0438 \u0431\u044b\u0432\u0448\u0435\u043c \u0432\u0430\u043c\u043f\u0438\u0440\u0435.\n\u041e\u0434\u043d\u0430\u0436\u0434\u044b \u043e\u043d \u0448\u0451\u043b \u043f\u043e \u0448\u043a\u043e\u043b\u044c\u043d\u043e\u0439 \u043b\u0435\u0441\u0442\u043d\u0438\u0446\u0435, \u0430 \u0441\u0432\u0435\u0440\u0445\u0443 \u043d\u0430 \u043d\u0435\u0433\u043e \u0443\u043f\u0430\u043b\u0430 \u0434\u0435\u0432\u0443\u0448\u043a\u0430. \u0412\u043f\u0440\u043e\u0447\u0435\u043c, \u043f\u0430\u0434\u0430\u043b\u0430 \u043e\u043d\u0430 \u043c\u0435\u0434\u043b\u0435\u043d\u043d\u043e, \u0434\u0430 \u0438 \u0432\u0435\u0441 \u0435\u0451 \u043e\u043a\u0430\u0437\u0430\u043b\u0441\u044f \u0441\u0442\u0440\u0430\u043d\u043d\u044b\u043c, \u0432\u0441\u0435\u0433\u043e \u043d\u0435\u0441\u043a\u043e\u043b\u044c\u043a\u043e \u043a\u0438\u043b\u043e\u0433\u0440\u0430\u043c\u043c. \u041f\u0440\u0438\u0433\u043e\u0442\u043e\u0432\u0438\u0432\u0448\u0438\u0439\u0441\u044f \u0431\u044b\u043b\u043e \u043a \u0441\u0438\u043b\u044c\u043d\u043e\u043c\u0443 \u0443\u0434\u0430\u0440\u0443, \u041a\u043e\u0451\u043c\u0438 \u0441 \u043b\u0435\u0433\u043a\u043e\u0441\u0442\u044c\u044e \u043b\u043e\u0432\u0438\u0442 \u0435\u0451 \u043d\u0430 \u0440\u0443\u043a\u0438.\n\u0414\u0435\u0432\u0443\u0448\u043a\u0430 \u043e\u043a\u0430\u0437\u0430\u043b\u043e\u0441\u044c \u043e\u0434\u043d\u043e\u043a\u043b\u0430\u0441\u0441\u043d\u0438\u0446\u0435\u0439 \u041a\u043e\u0451\u043c\u0438, \u0425\u0438\u0442\u0430\u0433\u0438 \u0421\u044d\u043d\u0434\u0437\u0451\u0433\u0430\u0445\u0430\u0440\u043e\u0439, \u043a\u0440\u0430\u0441\u0438\u0432\u043e\u0439, \u0432\u0440\u043e\u0434\u0435 \u0431\u044b \u0437\u0430\u0441\u0442\u0435\u043d\u0447\u0438\u0432\u043e\u0439 \u0438 \u0430\u0431\u0441\u043e\u043b\u044e\u0442\u043d\u043e \u043d\u0435\u043b\u044e\u0434\u0438\u043c\u043e\u0439 \u2014 \u0437\u0430 \u0442\u0440\u0438 \u0433\u043e\u0434\u0430 \u0441\u043e\u0432\u043c\u0435\u0441\u0442\u043d\u043e\u0439 \u0443\u0447\u0435\u0431\u044b \u041a\u043e\u0451\u043c\u0438 \u0441 \u043d\u0435\u0439 \u043d\u0438 \u0440\u0430\u0437\u0443 \u0437\u0430\u0433\u043e\u0432\u043e\u0440\u0438\u043b. \u0418 \u043d\u0435 \u0442\u043e\u043b\u044c\u043a\u043e \u043e\u043d, \u043f\u043e\u0441\u043b\u0435\u0434\u043d\u0438\u0435 \u0433\u043e\u0434\u044b \u043e\u043d\u0430 \u043d\u0435 \u043e\u0431\u0449\u0430\u043b\u0430\u0441\u044c \u043d\u0438 \u0441 \u043a\u0435\u043c. \u0425\u0430\u0440\u0430\u043a\u0442\u0435\u0440 \u0443 \u043d\u0435\u0435, \u043a\u0430\u043a \u043e\u043a\u0430\u0437\u0430\u043b\u043e\u0441\u044c, \u0432\u043e\u0432\u0441\u0435 \u043d\u0435 \u0437\u0430\u0441\u0442\u0435\u043d\u0447\u0438\u0432\u044b\u0439, \u0438 \u043d\u0430 \u0441\u0432\u043e\u044e \u0431\u0435\u0434\u0443 \u041a\u043e\u0451\u043c\u0438 \u043e\u0431 \u044d\u0442\u043e\u043c \u0432\u0441\u043a\u043e\u0440\u0435 \u0443\u0437\u043d\u0430\u0435\u0442 \u2014 \u0425\u0438\u0442\u0430\u0433\u0438 \u043d\u0435 \u0445\u043e\u0447\u0435\u0442, \u0447\u0442\u043e\u0431\u044b \u043a\u0442\u043e-\u0442\u043e \u0443\u0437\u043d\u0430\u043b \u043f\u0440\u043e \u0435\u0451 \u0441\u0435\u043a\u0440\u0435\u0442. \u0410 \u0441\u0435\u043a\u0440\u0435\u0442 \u0437\u0430\u043a\u043b\u044e\u0447\u0430\u0435\u0442\u0441\u044f \u0432 \u0435\u0451 \u0432\u0435\u0441\u0435, \u0443\u043a\u0440\u0430\u0434\u0435\u043d\u043d\u043e\u043c \u043d\u0435 \u0442\u043e \u0434\u0435\u043c\u043e\u043d\u043e\u043c, \u043d\u0435 \u0442\u043e \u0431\u043e\u0433\u043e\u043c, \u043d\u0435 \u0442\u043e \u0434\u0443\u0445\u043e\u043c, \u0432\u044b\u0433\u043b\u044f\u0434\u044f\u0449\u0438\u043c \u043a\u0430\u043a \u043a\u0440\u0430\u0431.\n\u041a\u043e\u0451\u043c\u0438 \u043f\u0440\u0438\u0437\u043d\u0430\u0435\u0442\u0441\u044f \u0435\u0439, \u0447\u0442\u043e \u0432 \u043f\u0440\u043e\u0448\u043b\u043e\u043c \u0441\u0430\u043c \u043f\u043e\u0441\u0442\u0440\u0430\u0434\u0430\u043b \u043e\u0442 \u043d\u0430\u043f\u0430\u0434\u0435\u043d\u0438\u044f \u0441\u0432\u0435\u0440\u0445\u044a\u0435\u0441\u0442\u0435\u0441\u0442\u0432\u0435\u043d\u043d\u043e\u0433\u043e \u0441\u0443\u0449\u0435\u0441\u0442\u0432\u0430 \u0438 \u043f\u0440\u0435\u0432\u0440\u0430\u0442\u0438\u043b\u0441\u044f \u0432 \u0432\u0430\u043c\u043f\u0438\u0440\u0430, \u043e\u0434\u043d\u0430\u043a\u043e \u0435\u0433\u043e \u0437\u043d\u0430\u043a\u043e\u043c\u044b\u0439 \u041c\u0435\u043c\u0435 \u041e\u0448\u0438\u043d\u043e \u043f\u043e\u043c\u043e\u0433 \u0435\u043c\u0443 \u0441\u043d\u043e\u0432\u0430 \u0441\u0442\u0430\u0442\u044c \u0447\u0435\u043b\u043e\u0432\u0435\u043a\u043e\u043c. \u0412\u043e\u0437\u043c\u043e\u0436\u043d\u043e, \u041c\u0435\u043c\u0435 \u0441\u043c\u043e\u0436\u0435\u0442 \u043f\u043e\u043c\u043e\u0447\u044c \u0438 \u0435\u0439...", "title": "Bakemoogatari", "creators": [], "old_limit": 5}, "model": "myapp.product"}, {"pk": 33, "fields": {"category": 1, "avatar": "/home/ctulhu/anylist/anylist/media/10030.jpg", "alt_names": [], "genres": [9, 21, 10, 7, 1], "heroes": [], "description": "\u041a\u0430\u043a \u0432\u0441\u0435 \u0443\u0436\u0435 \u0437\u043d\u0430\u044e\u0442, \u0422\u0430\u043a\u0430\u0433\u0438 \u0438 \u041c\u0430\u0448\u0438\u0440\u043e \u0432\u0441\u0451 \u0436\u0435 \u0434\u043e\u0431\u0438\u043b\u0438\u0441\u044c \u0441\u0432\u043e\u0435\u0433\u043e \u0432\u044b\u043f\u0443\u0441\u043a\u0430 \u043f\u043e\u043b\u043d\u043e\u0446\u0435\u043d\u043d\u043e\u0433\u043e \u043c\u0430\u043d\u0433\u0430-\u0441\u0435\u0440\u0438\u0430\u043b\u0430. \u0422\u0435\u043f\u0435\u0440\u044c \u0438\u0433\u0440\u044b \u0437\u0430\u043a\u043e\u043d\u0447\u0438\u043b\u0438\u0441\u044c, \u0438 \u0438\u043c \u043f\u0440\u0435\u0434\u0441\u0442\u043e\u0438\u0442 \u0441\u0442\u0430\u0442\u044c \u043d\u0430\u0441\u0442\u043e\u044f\u0449\u0438\u043c\u0438 \u043f\u0440\u043e\u0444\u0438. \u041a \u0442\u043e\u043c\u0443 \u0436\u0435 \u043d\u0430\u0447\u0430\u043b\u044c\u0441\u0442\u0432\u043e \u0440\u0435\u0448\u0438\u043b\u043e \u0441\u043c\u0435\u043d\u0438\u0442\u044c \u0438\u0445 \u0440\u0435\u0434\u0430\u043a\u0442\u043e\u0440\u0430, \u0430 \u0437\u043d\u0430\u0447\u0438\u0442 \u043e\u0431\u0441\u0442\u0430\u043d\u043e\u0432\u043a\u0430 \u0431\u0443\u0434\u0435\u0442 \u0441\u043e\u0432\u0441\u0435\u043c \u0438\u043d\u043e\u0439: \u043d\u043e\u0432\u044b\u0439 \u043d\u0430\u0441\u0442\u0430\u0432\u043d\u0438\u043a, \u0430\u0441\u0441\u0438\u0441\u0442\u0435\u043d\u0442\u044b \u0438 \u0432\u043e\u043e\u0431\u0449\u0435 \u043e\u043a\u0440\u0443\u0436\u0435\u043d\u0438\u0435, \u043d\u043e \u0433\u043b\u0430\u0432\u043d\u043e\u0435 - \u0434\u0435\u043b\u0430\u0442\u044c \u043a\u0440\u0443\u0442\u0443\u044e \u0438 \u0443\u0432\u043b\u0435\u043a\u0430\u0442\u0435\u043b\u044c\u043d\u0443\u044e \u043c\u0430\u043d\u0433\u0443, \u043d\u0435 \u0441\u0434\u0430\u0432\u0430\u0442\u044c \u043f\u043e\u0437\u0438\u0446\u0438\u0439 \u0438 \u0432\u043c\u0435\u0441\u0442\u0435 \u0438\u0434\u0442\u0438 \u043a \u0441\u0432\u043e\u0435\u0439 \u0437\u0430\u0432\u0435\u0442\u043d\u043e\u0439 \u043c\u0435\u0447\u0442\u0435. \u0415\u0449\u0435 \u0431\u043b\u0438\u0436\u0435, \u0435\u0449\u0435 \u0431\u044b\u0441\u0442\u0440\u0435\u0435!", "title": "Bakuman 2", "creators": [], "old_limit": 3}, "model": "myapp.product"}, {"pk": 34, "fields": {"category": 1, "avatar": "/home/ctulhu/anylist/anylist/media/12365.jpg", "alt_names": [], "genres": [9, 21, 10, 1], "heroes": [], "description": "\u041f\u043e\u0441\u043b\u0435 \u0432\u0441\u0435\u0445 \u0438\u0441\u043f\u044b\u0442\u0430\u043d\u0438\u0439, \u0432\u044b\u043f\u0430\u0432\u0448\u0438\u0445 \u043d\u0430\u0448\u0438\u043c \u043c\u043e\u043b\u043e\u0434\u044b\u043c \u043c\u0430\u043d\u0433\u0430\u043a\u0430\u043c, \u043e\u043d\u0438 \u0432\u043d\u043e\u0432\u044c \u0434\u043e\u0431\u0438\u0432\u0430\u044e\u0442\u0441\u044f \u0441\u0432\u043e\u0435\u0433\u043e, \u0443\u0436\u0435 \u0442\u0440\u0435\u0442\u044c\u0435\u0433\u043e \u043f\u043e \u0441\u0447\u0435\u0442\u0443, \u0441\u0435\u0440\u0438\u0430\u043b\u0430. \u0418 \u043f\u0435\u0440\u0432\u044b\u0439 \u0432\u044b\u043f\u0443\u0441\u043a \u043f\u043e\u043b\u0443\u0447\u0430\u0435\u0442 \u043f\u0435\u0440\u0432\u043e\u0435 \u043c\u0435\u0441\u0442\u043e \u043d\u0430 \u0433\u043e\u043b\u043e\u0441\u043e\u0432\u0430\u043d\u0438\u0438 \u0447\u0438\u0442\u0430\u0442\u0435\u043b\u0435\u0439! \u041d\u043e \u044d\u0442\u043e \u0442\u043e\u043b\u044c\u043a\u043e \u043d\u0430\u0447\u0430\u043b\u043e \u043f\u0443\u0442\u0438 \u0443\u0441\u043f\u0435\u0445\u0430 \u0434\u043b\u044f \u0410\u0448\u0438\u0440\u043e\u0433\u0438 \u041c\u0443\u0442\u043e, \u0432\u0435\u0434\u044c \u0446\u0435\u043b\u044c \u0422\u0430\u043a\u0430\u0433\u0438 \u0438 \u041c\u0430\u0448\u0438\u0440\u043e - \u0434\u043e\u0431\u0438\u0442\u044c\u0441\u044f \u0430\u043d\u0438\u043c\u0435 \u043f\u043e \u0441\u0432\u043e\u0435\u0439 \u043c\u0430\u043d\u0433\u0435, \u0432 \u043a\u043e\u0442\u043e\u0440\u043e\u0439 \u041c\u0438\u0445\u043e \u0441\u043c\u043e\u0433\u043b\u0430 \u0431\u044b \u043e\u0437\u0432\u0443\u0447\u0438\u0442\u044c \u043e\u0434\u043d\u0443 \u0438\u0437 \u0436\u0435\u043d\u0441\u043a\u0438\u0445 \u0440\u043e\u043b\u0435\u0439, \u0438 \u0442\u043e\u0433\u0434\u0430 \u043e\u043d\u0438 \u043d\u0430\u043a\u043e\u043d\u0435\u0446 \u0441\u043c\u043e\u0433\u0443\u0442 \u0438\u0441\u043f\u043e\u043b\u043d\u0438\u0442\u044c \u0441\u0432\u043e\u0438 \u043c\u0435\u0447\u0442\u044b! \u0412\u043e\u0442 \u0442\u043e\u043b\u044c\u043a\u043e \u0431\u0443\u0434\u0435\u0442 \u044d\u0442\u043e \u043d\u0435\u043b\u0435\u0433\u043a\u043e, \u0432\u0435\u0434\u044c \u0438\u0445 \u0441\u043e\u043f\u0435\u0440\u043d\u0438\u043a\u0438 \u0443\u0436\u0435 \u0432\u043f\u0435\u0440\u0435\u0434\u0438, \u0438 \u043d\u0435 \u0441\u043e\u0431\u0438\u0440\u0430\u044e\u0442\u0441\u044f \u0443\u0441\u0442\u0443\u043f\u0430\u0442\u044c..", "title": "Bakuman 3", "creators": [], "old_limit": 3}, "model": "myapp.product"}, {"pk": 35, "fields": {"category": 1, "avatar": "/home/ctulhu/anylist/anylist/media/16211.jpg", "alt_names": [], "genres": [24, 33], "heroes": [], "description": "\u041f\u043e\u0441\u043b\u0435 \u043f\u0440\u0438\u0431\u044b\u0442\u0438\u044f \u0427\u0451\u0440\u043d\u044b\u0445 \u043a\u043e\u0440\u0430\u0431\u043b\u0435\u0439 \u0432 \u0421\u0451\u0433\u0443\u043d\u0430\u0442\u0435 \u043f\u043e\u0448\u0430\u0442\u043d\u0443\u043b\u0441\u044f \u0434\u0432\u0443\u0445\u0441\u043e\u0442\u043b\u0435\u0442\u043d\u0438\u0439 \u043f\u043e\u0440\u044f\u0434\u043e\u043a. \u042f\u043f\u043e\u043d\u0438\u044f \u043f\u043e\u0433\u0440\u0443\u0437\u0438\u043b\u0430 \u0432 \u0432\u043e\u0434\u043e\u0432\u043e\u0440\u043e\u0442 \u043f\u043e\u0442\u0440\u044f\u0441\u0435\u043d\u0438\u0439 \u0438 \u0431\u0435\u0441\u043f\u043e\u0440\u044f\u0434\u043a\u043e\u0432. \u042d\u043f\u043e\u0445\u0430 \u0441\u0442\u0430\u0431\u0438\u043b\u044c\u043d\u043e\u0441\u0442\u0438 \u0441\u043c\u0435\u043d\u0438\u043b\u0430\u0441\u044c \u0445\u0430\u043e\u0441\u043e\u043c. \u0411\u0435\u0441\u0441\u0438\u043b\u044c\u043d\u043e\u0435 \u0431\u043e\u043b\u044c\u0448\u0438\u043d\u0441\u0442\u0432\u043e \u043f\u0430\u043b\u043e \u0436\u0435\u0440\u0442\u0432\u043e\u0439 \u0441\u0438\u043b\u044c\u043d\u044b\u0445, \u0447\u0442\u043e \u043e\u0431\u043e\u0431\u0440\u0430\u043b\u0438 \u0438 \u0443\u043d\u0438\u0437\u0438\u043b\u0438 \u0438\u0445. \u041e\u0434\u043d\u0430\u043a\u043e, \u0441\u043a\u043e\u0440\u044b\u0439 \u0432\u0435\u0442\u0435\u0440 \u0442\u0430\u0439\u043a\u043e\u043c \u043f\u044b\u0442\u0430\u0435\u0442\u0441\u044f \u0432\u0435\u0440\u043d\u0443\u0442\u044c \u043e\u0431\u0434\u0435\u043b\u0451\u043d\u043d\u044b\u043c \u043f\u0440\u0438\u043d\u0430\u0434\u043b\u0435\u0436\u0430\u0449\u0435\u0435 \u0438\u043c \u043f\u043e \u043f\u0440\u0430\u0432\u0443. \u0418 \u0438\u043c\u044f \u0435\u043c\u0443 - \u0420\u043e\u043c\u0430\u043d!\n\n\u042d\u0434\u0430\u043a\u0438 \u044f\u043f\u043e\u043d\u0441\u043a\u0438\u0439 \u0420\u043e\u0431\u0438\u043d \u0413\u0443\u0434, \u043d\u043e\u0447\u044c\u044e - \u043a\u0440\u0430\u0434\u0451\u0442 \u0443 \u0437\u043b\u043e\u0434\u0435\u0435\u0432 \u043d\u0435\u043f\u0440\u0430\u0432\u0435\u0434\u043d\u043e \u043d\u0430\u0436\u0438\u0442\u044b\u0435 \u0446\u0435\u043d\u043d\u043e\u0441\u0442\u0438, \u0447\u0442\u043e\u0431\u044b \u0440\u0430\u0437\u0434\u0430\u0442\u044c \u0438\u0445 \u0431\u0435\u0434\u043d\u044f\u043a\u0430\u043c, \u0430 \u0434\u043d\u0451\u043c - \u043f\u0440\u0438\u043a\u0438\u0434\u044b\u0432\u0430\u0435\u0442\u0441\u044f \u043e\u0431\u044b\u0447\u043d\u044b\u043c \u043f\u0430\u0440\u043d\u0435\u043c, \u0440\u0430\u0431\u043e\u0442\u0430\u044e\u0449\u0438\u043c \"\u043f\u043e\u043c\u043e\u0449\u043d\u0438\u043a\u043e\u043c\" \u0432 \u041a\u0438\u043e\u0442\u043e. \u041d\u043e \u043e\u0434\u043d\u0430\u0436\u0434\u044b \u0433\u0435\u0440\u043e\u0439 \u043e\u0442\u043a\u0443\u0441\u044b\u0432\u0430\u0435\u0442 \u043a\u0443\u0441\u043e\u043a, \u043a\u043e\u0442\u043e\u0440\u044b\u0439 \u043d\u0435 \u0432 \u0441\u043e\u0441\u0442\u043e\u044f\u043d\u0438\u0438 \u043f\u0440\u043e\u0433\u043b\u043e\u0442\u0438\u0442\u044c, \u0438 \u043e\u043a\u0430\u0437\u044b\u0432\u0430\u0435\u0442\u0441\u044f \u0437\u0430\u043c\u0435\u0448\u0430\u043d \u0432 \u0437\u0430\u0433\u043e\u0432\u043e\u0440\u0435 \u0433\u043e\u0441\u0443\u0434\u0430\u0440\u0441\u0442\u0432\u0435\u043d\u043d\u043e\u0433\u043e \u043c\u0430\u0441\u0448\u0442\u0430\u0431\u0430.", "title": "Bakumatsu Gijinden Roman", "creators": [], "old_limit": 3}, "model": "myapp.product"}, {"pk": 36, "fields": {"category": 1, "avatar": "/home/ctulhu/anylist/anylist/media/7817.jpg", "alt_names": [], "genres": [9, 29, 10, 7, 3], "heroes": [], "description": "\u042f\u043c\u0430\u0434\u0430 (\u0441\u0432\u043e\u0435 \u0438\u043c\u044f \u043e\u043d\u0430 \u0434\u0435\u0440\u0436\u0438\u0442 \u0432 \u0441\u0435\u043a\u0440\u0435\u0442\u0435) 15-\u043b\u0435\u0442\u043d\u044f\u044f \u0434\u0435\u0432\u0443\u0448\u043a\u0430, \u043f\u043e\u0441\u0442\u0443\u043f\u0438\u0432\u0448\u0430\u044f \u0432 \u0441\u0442\u0430\u0440\u0448\u0443\u044e \u0448\u043a\u043e\u043b\u0443 \u0422\u0430\u043a\u0438\u0437\u0430\u0432\u0430. \u041e\u043d\u0430 \u043a\u0440\u0430\u0441\u0438\u0432\u0430 \u0438 \u043e\u0431\u0432\u043e\u0440\u043e\u0436\u0438\u0442\u0435\u043b\u044c\u043d\u0430, \u0442\u0430\u043a \u0432 \u0447\u0435\u043c \u0436\u0435 \u043f\u0440\u043e\u0431\u043b\u0435\u043c\u0430? \u0410 \u0432 \u0442\u043e\u043c, \u0447\u0442\u043e \u043e\u043d\u0430 \u0434\u0435\u0432\u0441\u0442\u0432\u0435\u043d\u043d\u0438\u0446\u0430! \u041a\u0430\u0437\u0430\u043b\u043e\u0441\u044c \u0431\u044b, \u0447\u0442\u043e \u0432 \u044d\u0442\u043e\u043c \u0442\u0430\u043a\u043e\u0433\u043e? \u041e\u0434\u043d\u0430\u043a\u043e \u044d\u0442\u043e\u0442 \u0432\u043e\u043f\u0440\u043e\u0441 \u0434\u043b\u044f \u043d\u0435\u0451 \u0441\u0442\u043e\u0438\u0442 \u043e\u0441\u0442\u0440\u043e, \u0432\u0435\u0434\u044c \u0435\u0451 \u043c\u0435\u0447\u0442\u0430 - \u043f\u0435\u0440\u0435\u0441\u043f\u0430\u0442\u044c \u0441 \u0441\u043e\u0442\u043d\u0435\u0439 \u043c\u0443\u0436\u0438\u043a\u043e\u0432, \u043d\u043e \u042f\u043c\u0430\u0434\u0430 \u0441\u0447\u0438\u0442\u0430\u0435\u0442, \u0447\u0442\u043e \u0435\u044e \u043d\u0435 \u0437\u0430\u0438\u043d\u0442\u0435\u0440\u0435\u0441\u0443\u044e\u0442\u0441\u044f, \u0435\u0441\u043b\u0438 \u0443\u0437\u043d\u0430\u044e\u0442, \u0447\u0442\u043e \u0443 \u043d\u0435\u0451 \u043d\u0435\u0442 \u043e\u043f\u044b\u0442\u0430 \u0432 \u044d\u0442\u043e\u043c \u0434\u0435\u043b\u0435. \u0412\u043d\u0435\u0437\u0430\u043f\u043d\u043e \u0434\u0435\u0432\u0443\u0448\u043a\u0430 \u043d\u0430\u0445\u043e\u0434\u0438\u0442 \u0432\u044b\u0445\u043e\u0434 \u0438\u0437 \u044d\u0442\u043e\u0439 \u0441\u0438\u0442\u0443\u0430\u0446\u0438\u0438 \u0432 \u043b\u0438\u0446\u0435 \u041a\u043e\u0441\u0443\u0434\u044b \u0422\u0430\u043a\u0430\u0448\u0438 (\u043f\u043e \u0441\u043e\u0432\u043c\u0435\u0441\u0442\u0438\u0442\u0435\u043b\u044c\u0441\u0442\u0432\u0443 \u0434\u0435\u0432\u0441\u0442\u0432\u0435\u043d\u043d\u0438\u043a), \u043a\u043e\u0442\u043e\u0440\u044b\u0439, \u043f\u043e \u0435\u0451 \u043c\u043d\u0435\u043d\u0438\u044e, \u043f\u043e\u043c\u043e\u0436\u0435\u0442 \u0435\u0439 \u0440\u0430\u0441\u0441\u0442\u0430\u0442\u044c\u0441\u044f \u0441 \u043d\u0435\u0432\u0438\u043d\u043d\u043e\u0441\u0442\u044c\u044e \u0438 \u043e\u0431\u043b\u0435\u0433\u0447\u0438\u0442 \u043f\u0435\u0440\u0435\u0445\u043e\u0434 \u043a \u0431\u043e\u043b\u0435\u0435 \u043e\u043f\u044b\u0442\u043d\u044b\u043c \u043f\u0430\u0440\u0442\u043d\u0435\u0440\u0430\u043c.\n\n\u041d\u043e \u0435\u0441\u0442\u044c \u043e\u0434\u0438\u043d \u043c\u0430\u043b\u0435\u043d\u044c\u043a\u0438\u0439 \u043d\u044e\u0430\u043d\u0441\u0438\u043a\u2026 \u042f\u043c\u0430\u0434\u0430 \u043d\u0438\u0447\u0435\u0433\u043e \u043d\u0435 \u0441\u043c\u044b\u0441\u043b\u0438\u0442 \u0432 \u0441\u0435\u043a\u0441\u0435 \u0438 \u0432 \u0434\u0440\u0435\u0432\u043d\u0435\u043c \u0438\u0441\u043a\u0443\u0441\u0441\u0442\u0432\u0435 \u0441\u043e\u0431\u043b\u0430\u0437\u043d\u0435\u043d\u0438\u044f, \u043f\u043e\u044d\u0442\u043e\u043c\u0443 \u043f\u0443\u0442\u044c \u043a \u0437\u0430\u0432\u043e\u0435\u0432\u0430\u043d\u0438\u044f \u041a\u043e\u0441\u0443\u0434\u044b \u0431\u0443\u0434\u0435\u0442 \u043a\u0440\u0430\u0439\u043d\u0435 \u0442\u0435\u0440\u043d\u0438\u0441\u0442\u044b\u043c.", "title": "B Gata H Kei", "creators": [], "old_limit": 4}, "model": "myapp.product"}, {"pk": 37, "fields": {"category": 2, "avatar": "/home/ctulhu/anylist/anylist/media/48661.jpg", "alt_names": [], "genres": [9, 10, 1], "heroes": [], "description": "\u0421\u043f\u0438\u043d-\u043e\u0444\u0444 \u043a \u043c\u0430\u043d\u0433\u0435 \"\u041d\u0435 \u043c\u043e\u044f \u0432\u0438\u043d\u0430, \u0447\u0442\u043e \u044f \u043d\u0435\u043f\u043e\u043f\u0443\u043b\u044f\u0440\u043d\u0430!\", \u0440\u0430\u0441\u0441\u043a\u0430\u0437\u044b\u0432\u0430\u044e\u0449\u0438\u0439 \u043f\u0440\u043e \u0436\u0438\u0437\u043d\u044c \u041a\u0443\u0440\u043e\u043a\u0438 \u0422\u043e\u043c\u043e\u043a\u043e \u0432 \u0441\u0440\u0435\u0434\u043d\u0435\u0439 \u0448\u043a\u043e\u043b\u0435.", "title": "Watashi no Tomodachi ga Motenai no wa Dou Kangaete mo Omaera ga Warui", "creators": [], "old_limit": 3}, "model": "myapp.product"}, {"pk": 1, "fields": {"number": 1, "frozen": false, "product": 11, "name": ""}, "model": "myapp.seriesgroup"}, {"pk": 29, "fields": {"number": 1, "frozen": false, "product": 4, "name": null}, "model": "myapp.seriesgroup"}, {"pk": 45, "fields": {"number": 1, "length": null, "season": 1, "start_date": "2014-07-02T00:00:00Z", "name": ""}, "model": "myapp.serie"}, {"pk": 46, "fields": {"number": 2, "length": 2, "season": 1, "start_date": null, "name": "qwe"}, "model": "myapp.serie"}, {"pk": 49, "fields": {"number": 0, "length": null, "season": 1, "start_date": "2014-07-02T00:00:00Z", "name": "dsfd"}, "model": "myapp.serie"}, {"pk": 60, "fields": {"number": 3, "length": 2, "season": 1, "start_date": "2014-07-31T00:00:00Z", "name": "zawa"}, "model": "myapp.serie"}, {"pk": 61, "fields": {"number": 4, "length": 3, "season": 1, "start_date": "2014-07-09T00:00:00Z", "name": "zapp1"}, "model": "myapp.serie"}, {"pk": 66, "fields": {"number": 5, "length": 3, "season": 1, "start_date": "2014-08-14T00:00:00Z", "name": "zoulawa"}, "model": "myapp.serie"}, {"pk": 1, "fields": {"name": "Planned"}, "model": "myapp.status"}, {"pk": 2, "fields": {"name": "Watch"}, "model": "myapp.status"}, {"pk": 3, "fields": {"name": "ReWatching"}, "model": "myapp.status"}, {"pk": 4, "fields": {"name": "Watched"}, "model": "myapp.status"}, {"pk": 5, "fields": {"name": "Deffered"}, "model": "myapp.status"}, {"pk": 6, "fields": {"name": "Dropped"}, "model": "myapp.status"}, {"pk": 2, "fields": {"score": null, "status": 2, "product": 1, "user": 1}, "model": "myapp.userlist"}, {"pk": 3, "fields": {"score": null, "status": 2, "product": 3, "user": 1}, "model": "myapp.userlist"}, {"pk": 4, "fields": {"score": null, "status": 2, "product": 4, "user": 1}, "model": "myapp.userlist"}, {"pk": 5, "fields": {"score": null, "status": 2, "product": 5, "user": 1}, "model": "myapp.userlist"}, {"pk": 6, "fields": {"score": null, "status": 2, "product": 7, "user": 1}, "model": "myapp.userlist"}, {"pk": 7, "fields": {"score": null, "status": 2, "product": 11, "user": 1}, "model": "myapp.userlist"}, {"pk": 8, "fields": {"score": null, "status": 2, "product": 12, "user": 1}, "model": "myapp.userlist"}, {"pk": 9, "fields": {"score": null, "status": 2, "product": 16, "user": 1}, "model": "myapp.userlist"}, {"pk": 15, "fields": {"score": null, "status": 4, "product": 19, "user": 1}, "model": "myapp.userlist"}, {"pk": 27, "fields": {"score": null, "status": 1, "product": 20, "user": 1}, "model": "myapp.userlist"}, {"pk": 29, "fields": {"score": null, "status": 1, "product": 17, "user": 1}, "model": "myapp.userlist"}, {"pk": 30, "fields": {"score": null, "status": 1, "product": 6, "user": 1}, "model": "myapp.userlist"}, {"pk": 31, "fields": {"score": null, "status": 1, "product": 31, "user": 1}, "model": "myapp.userlist"}, {"pk": 74, "fields": {"user_list": 7, "like": false, "serie": 49}, "model": "myapp.serielist"}, {"pk": 75, "fields": {"user_list": 7, "like": false, "serie": 60}, "model": "myapp.serielist"}, {"pk": 79, "fields": {"user_list": 7, "like": false, "serie": 45}, "model": "myapp.serielist"}, {"pk": 89, "fields": {"user_list": 7, "like": false, "serie": 61}, "model": "myapp.serielist"}]