[{"pk": 1, "model": "contenttypes.contenttype", "fields": {"model": "logentry", "name": "log entry", "app_label": "admin"}}, {"pk": 2, "model": "contenttypes.contenttype", "fields": {"model": "permission", "name": "permission", "app_label": "auth"}}, {"pk": 3, "model": "contenttypes.contenttype", "fields": {"model": "group", "name": "group", "app_label": "auth"}}, {"pk": 4, "model": "contenttypes.contenttype", "fields": {"model": "user", "name": "user", "app_label": "auth"}}, {"pk": 5, "model": "contenttypes.contenttype", "fields": {"model": "contenttype", "name": "content type", "app_label": "contenttypes"}}, {"pk": 6, "model": "contenttypes.contenttype", "fields": {"model": "session", "name": "session", "app_label": "sessions"}}, {"pk": 7, "model": "contenttypes.contenttype", "fields": {"model": "categorygroup", "name": "category group", "app_label": "myapp"}}, {"pk": 8, "model": "contenttypes.contenttype", "fields": {"model": "category", "name": "category", "app_label": "myapp"}}, {"pk": 9, "model": "contenttypes.contenttype", "fields": {"model": "genregroup", "name": "genre group", "app_label": "myapp"}}, {"pk": 10, "model": "contenttypes.contenttype", "fields": {"model": "genre", "name": "genre", "app_label": "myapp"}}, {"pk": 11, "model": "contenttypes.contenttype", "fields": {"model": "altname", "name": "alt name", "app_label": "myapp"}}, {"pk": 12, "model": "contenttypes.contenttype", "fields": {"model": "employ", "name": "employ", "app_label": "myapp"}}, {"pk": 13, "model": "contenttypes.contenttype", "fields": {"model": "creator", "name": "creator", "app_label": "myapp"}}, {"pk": 14, "model": "contenttypes.contenttype", "fields": {"model": "hero", "name": "hero", "app_label": "myapp"}}, {"pk": 15, "model": "contenttypes.contenttype", "fields": {"model": "product", "name": "product", "app_label": "myapp"}}, {"pk": 16, "model": "contenttypes.contenttype", "fields": {"model": "serie", "name": "serie", "app_label": "myapp"}}, {"pk": 17, "model": "contenttypes.contenttype", "fields": {"model": "status", "name": "status", "app_label": "myapp"}}, {"pk": 18, "model": "contenttypes.contenttype", "fields": {"model": "userlist", "name": "user list", "app_label": "myapp"}}, {"pk": 19, "model": "contenttypes.contenttype", "fields": {"model": "serielist", "name": "serie list", "app_label": "myapp"}}, {"pk": 20, "model": "contenttypes.contenttype", "fields": {"model": "migrationhistory", "name": "migration history", "app_label": "south"}}, {"pk": 21, "model": "contenttypes.contenttype", "fields": {"model": "source", "name": "source", "app_label": "easy_thumbnails"}}, {"pk": 22, "model": "contenttypes.contenttype", "fields": {"model": "thumbnail", "name": "thumbnail", "app_label": "easy_thumbnails"}}, {"pk": 23, "model": "contenttypes.contenttype", "fields": {"model": "thumbnaildimensions", "name": "thumbnail dimensions", "app_label": "easy_thumbnails"}}, {"pk": 24, "model": "contenttypes.contenttype", "fields": {"model": "raiting", "name": "raiting", "app_label": "myapp"}}, {"pk": "f2fpfn5e93pxxsu4mjshztp44j0y0ho4", "model": "sessions.session", "fields": {"expire_date": "2014-07-21T02:03:37.335Z", "session_data": "YjJkMmNhMjUxODFkNWFiYTFlNzM0YWM1ODRjMmIzNzQxMDk1YmQwYTp7Il9hdXRoX3VzZXJfaWQiOjEsIl9hdXRoX3VzZXJfYmFja2VuZCI6ImRqYW5nby5jb250cmliLmF1dGguYmFja2VuZHMuTW9kZWxCYWNrZW5kIn0="}}, {"pk": 1, "model": "myapp.categorygroup", "fields": {"name": "Japanese"}}, {"pk": 2, "model": "myapp.categorygroup", "fields": {"name": "Detectives"}}, {"pk": 1, "model": "myapp.raiting", "fields": {"name": "G"}}, {"pk": 2, "model": "myapp.raiting", "fields": {"name": "PG"}}, {"pk": 3, "model": "myapp.raiting", "fields": {"name": "PG-13"}}, {"pk": 4, "model": "myapp.raiting", "fields": {"name": "R"}}, {"pk": 5, "model": "myapp.raiting", "fields": {"name": "NC-17"}}, {"pk": 1, "model": "myapp.category", "fields": {"icon": "/home/ctulhu/anylist/anylist/media/095bb7110ab59582f7c668e7fe259e41_bp_1.jpg", "avatar": "/home/ctulhu/anylist/anylist/media/095bb7110ab59582f7c668e7fe259e41_bp.jpg", "group": 1, "name": "Anime"}}, {"pk": 2, "model": "myapp.category", "fields": {"icon": "/home/ctulhu/anylist/anylist/media/img000030.gif_res_1.jpg", "avatar": "/home/ctulhu/anylist/anylist/media/img000030.gif_res.jpg", "group": 1, "name": "Manga"}}, {"pk": 3, "model": "myapp.category", "fields": {"icon": "/home/ctulhu/anylist/anylist/media/images.duckduckgo.com_1.jpeg", "avatar": "/home/ctulhu/anylist/anylist/media/images.duckduckgo.com.jpeg", "group": 2, "name": "Detective Serial"}}, {"pk": 1, "model": "myapp.genre", "fields": {"name": "Shounen"}}, {"pk": 2, "model": "myapp.genre", "fields": {"name": "Shoujo"}}, {"pk": 3, "model": "myapp.genre", "fields": {"name": "Seinen"}}, {"pk": 4, "model": "myapp.genre", "fields": {"name": "Shoujo Ai"}}, {"pk": 5, "model": "myapp.genre", "fields": {"name": "Shounen Ai"}}, {"pk": 6, "model": "myapp.genre", "fields": {"name": "Djosay"}}, {"pk": 7, "model": "myapp.genre", "fields": {"name": "School"}}, {"pk": 8, "model": "myapp.genre", "fields": {"name": "Harem"}}, {"pk": 9, "model": "myapp.genre", "fields": {"name": "Comedy"}}, {"pk": 10, "model": "myapp.genre", "fields": {"name": "Romantic"}}, {"pk": 11, "model": "myapp.genre", "fields": {"name": "Techno Detective"}}, {"pk": 12, "model": "myapp.genre", "fields": {"name": "Nour Detective"}}, {"pk": 13, "model": "myapp.genre", "fields": {"name": "Criminalystic"}}, {"pk": 14, "model": "myapp.genre", "fields": {"name": "Detective"}}, {"pk": 15, "model": "myapp.genre", "fields": {"name": "Sci-Fi"}}, {"pk": 16, "model": "myapp.genre", "fields": {"name": "Fantstic"}}, {"pk": 17, "model": "myapp.genre", "fields": {"name": "Psycology"}}, {"pk": 18, "model": "myapp.genre", "fields": {"name": "Horror"}}, {"pk": 19, "model": "myapp.genre", "fields": {"name": "Supernatural"}}, {"pk": 20, "model": "myapp.genre", "fields": {"name": "Triller"}}, {"pk": 21, "model": "myapp.genre", "fields": {"name": "Drama"}}, {"pk": 1, "model": "myapp.genregroup", "fields": {"category": 1, "genres": [1, 3, 5], "name": "Anime Male"}}, {"pk": 2, "model": "myapp.genregroup", "fields": {"category": 1, "genres": [2, 4, 6], "name": "Anime Female"}}, {"pk": 3, "model": "myapp.genregroup", "fields": {"category": 1, "genres": [7, 8, 9, 10], "name": "Anime School"}}, {"pk": 4, "model": "myapp.genregroup", "fields": {"category": 2, "genres": [11, 12, 13, 14], "name": "Detectives"}}, {"pk": 5, "model": "myapp.genregroup", "fields": {"category": 1, "genres": [14, 15, 16, 17, 18, 19, 20, 21], "name": "Anime Standart"}}, {"pk": 1, "model": "myapp.employ", "fields": {"name": "Seyu"}}, {"pk": 2, "model": "myapp.employ", "fields": {"name": "Produccer"}}, {"pk": 3, "model": "myapp.employ", "fields": {"name": "Scenario"}}, {"pk": 4, "model": "myapp.employ", "fields": {"name": "Original Autor"}}, {"pk": 1, "model": "myapp.creator", "fields": {"employ": 1, "avatar": "/home/ctulhu/anylist/anylist/media/5626.jpg", "name": "Yoshimasa Hosoya"}}, {"pk": 2, "model": "myapp.creator", "fields": {"employ": 1, "avatar": "/home/ctulhu/anylist/anylist/media/5626_1.jpg", "name": "Yoshimasa Hosoya"}}, {"pk": 3, "model": "myapp.creator", "fields": {"employ": 1, "avatar": "/home/ctulhu/anylist/anylist/media/5626_2.jpg", "name": "Yoshimasa Hosoya"}}, {"pk": 4, "model": "myapp.creator", "fields": {"employ": 1, "avatar": "/home/ctulhu/anylist/anylist/media/5626_3.jpg", "name": "Yoshimasa Hosoya"}}, {"pk": 5, "model": "myapp.creator", "fields": {"employ": 1, "avatar": "/home/ctulhu/anylist/anylist/media/513.jpg", "name": "Yuuichi Nakamura"}}, {"pk": 6, "model": "myapp.creator", "fields": {"employ": 1, "avatar": "/home/ctulhu/anylist/anylist/media/185.jpg", "name": "Kana Hanazawa"}}, {"pk": 7, "model": "myapp.creator", "fields": {"employ": 1, "avatar": "/home/ctulhu/anylist/anylist/media/31.jpg", "name": "Mai Nakahara"}}, {"pk": 8, "model": "myapp.creator", "fields": {"employ": 1, "avatar": "/home/ctulhu/anylist/anylist/media/869.jpg", "name": "Saori Hayami"}}, {"pk": 5, "model": "myapp.hero", "fields": {"is_main_hero": null, "description": "<p>\u0413\u043b\u0430\u0432\u043d\u044b\u0439 \u0433\u0435\u0440\u043e\u0439 \u0438\u0441\u0442\u043e\u0440\u0438\u0438. \u0423\u0447\u0435\u043d\u0438\u043a \u0432\u0442\u043e\u0440\u043e\u0433\u043e \u043f\u043e\u0442\u043e\u043a\u0430. \u041e\u0447\u0435\u043d\u044c \u0445\u043e\u0440\u043e\u0448 \u0432 \u0442\u0435\u043e\u0440\u0438\u0438 \u043c\u0430\u0433\u0438\u0438, \u043d\u043e \u0441\u043b\u0430\u0431 \u0432 \u043f\u0440\u0430\u043a\u0442\u0438\u0447\u0435\u0441\u043a\u043e\u043c \u043f\u0440\u0438\u043c\u0435\u043d\u0435\u043d\u0438\u0438. \u0421\u043f\u0435\u0446\u0438\u0430\u043b\u0438\u0437\u0438\u0440\u0443\u0435\u0442\u0441\u044f \u043d\u0430 \u043f\u0440\u0435\u0440\u044b\u0432\u0430\u043d\u0438\u0438 \u0437\u0430\u043a\u043b\u0438\u043d\u0430\u043d\u0438\u0439. \u041e\u0431\u043b\u0430\u0434\u0430\u0435\u0442 \u0440\u0435\u0434\u043a\u0438\u043c \u043d\u0430\u0432\u044b\u043a\u043e\u043c \u0447\u0442\u0435\u043d\u0438\u044f \u0434\u0430\u043d\u043d\u044b\u0445 \u0437\u0430\u043a\u043b\u0438\u043d\u0430\u043d\u0438\u044f \u0447\u0442\u043e \u043f\u043e\u0437\u0432\u043e\u043b\u044f\u0435\u0442 \u0435\u043c\u0443 \u043f\u043e\u043d\u0438\u043c\u0430\u0442\u044c \u043f\u0440\u0438\u0440\u043e\u0434\u0443 \u043c\u0430\u0433\u0438\u0438 \u0434\u043e \u0442\u043e\u0433\u043e \u043a\u0430\u043a \u0437\u0430\u043a\u043b\u0438\u043d\u0430\u043d\u0438\u0435 \u0431\u0443\u0434\u0435\u0442 \u0437\u0430\u0432\u0435\u0440\u0448\u0435\u043d\u043e. \u0423\u0447\u0435\u043d\u0438\u043a \u041a\u043e\u043a\u043e\u043d\u043e\u044d \u042f\u043a\u0443\u043c\u043e.<br />\u0420\u043e\u0434\u0438\u043b\u0441\u044f \u0441 \u043e\u0447\u0435\u043d\u044c \u0441\u043b\u0430\u0431\u044b\u043c\u0438 \u0441\u043f\u043e\u0441\u043e\u0431\u043d\u043e\u0441\u0442\u044f\u043c\u0438 \u043a \u043c\u0430\u0433\u0438\u0438</p>", "avatar": "/home/ctulhu/anylist/anylist/media/55743_4.jpg", "name": "Tatsuya Shiba", "actor": 5}}, {"pk": 6, "model": "myapp.hero", "fields": {"is_main_hero": null, "description": "<p>\u0421\u0435\u0441\u0442\u0440\u0430 \u0422\u0430\u0446\u0443\u0438. \u041f\u0440\u0435\u043a\u0440\u0430\u0441\u043d\u0430\u044f \u0434\u0435\u0432\u0443\u0448\u043a\u0430, \u043a\u043e\u0442\u043e\u0440\u043e\u0439 \u0432\u043e\u0441\u0445\u0438\u0449\u0430\u044e\u0442\u0441\u044f \u0432\u0441\u0435. \u041e\u0434\u043d\u0430 \u0438\u0437 \u043a\u0430\u043d\u0434\u0438\u0434\u0430\u0442\u043e\u0432 \u043d\u0430 \u0437\u0432\u0430\u043d\u0438\u0435 \u0431\u0443\u0434\u0443\u0449\u0435\u0433\u043e \u0433\u043b\u0430\u0432\u044b \u0421\u0435\u043c\u044c\u0438 \u0401\u0446\u0443\u0431\u0430. \u0421\u043f\u0435\u0446\u0438\u0430\u043b\u0438\u0437\u0438\u0440\u0443\u0435\u0442\u0441\u044f \u043d\u0430 \u0441\u043a\u043e\u0440\u043e\u0441\u0442\u0438 \u043f\u0440\u0438\u043c\u0435\u043d\u0435\u043d\u0438\u044f \u0437\u0430\u043a\u043b\u0438\u043d\u0430\u043d\u0438\u0439 \u0438 \u043c\u0430\u0433\u0438\u0438 \u0437\u0430\u043c\u043e\u0440\u043e\u0437\u043a\u0438. \u041b\u044e\u0431\u0438\u0442 \u0441\u0432\u043e\u0435\u0433\u043e \u0431\u0440\u0430\u0442\u0430 \u0438 \u0440\u0435\u0432\u043d\u0443\u0435\u0442 \u0435\u0433\u043e \u043a \u0430\u0431\u0441\u043e\u043b\u044e\u0442\u043d\u043e \u0432\u0441\u0435\u043c \u0434\u0435\u0432\u0443\u0448\u043a\u0430\u043c. \u0418\u0441\u043f\u044b\u0442\u044b\u0432\u0430\u0435\u0442 \u043d\u0435\u043f\u0440\u0438\u044f\u0437\u043d\u044c \u043a\u043e \u0432\u0441\u0435\u043c \u043c\u0443\u0436\u0447\u0438\u043d\u0430\u043c \u043a\u0440\u043e\u043c\u0435 \u0422\u0430\u0446\u0443\u0438, \u043d\u043e \u043d\u0438\u043a\u043e\u0433\u0434\u0430 \u044d\u0442\u043e\u0433\u043e \u043d\u0435 \u043f\u043e\u043a\u0430\u0437\u044b\u0432\u0430\u0435\u0442. \u0422\u0430\u043a \u043a\u0430\u043a \u0431\u0440\u0430\u0442 \u0435\u0451 \u043d\u0435 \u043c\u043e\u0436\u0435\u0442 \u0437\u043b\u0438\u0442\u044c\u0441\u044f, \u043e\u043d\u0430 \u0437\u043b\u0438\u0442\u0441\u044f \u0432\u043c\u0435\u0441\u0442\u043e \u043d\u0435\u0433\u043e. \u0412\u0441\u0435 \u0434\u043e\u043c\u0430\u0448\u043d\u0438\u0435 \u0434\u0435\u043b\u0430 \u043a\u043e\u0442\u043e\u0440\u044b\u0435 \u043a\u0430\u0441\u0430\u044e\u0442\u0441\u044f \u0422\u0430\u0446\u0443\u0438 \u0434\u0435\u043b\u0430\u0435\u0442 \u0441\u0430\u043c\u0430, \u0430 \u043d\u0435 \u0414\u0410\u0420 (\u0414\u043e\u043c\u0430\u0448\u043d\u0438\u0439 \u0410\u0432\u0442\u043e\u043c\u0430\u0442\u0438\u0447\u0435\u0441\u043a\u0438\u0439 \u0420\u043e\u0431\u043e\u0442). \u041f\u043e \u0438\u0442\u043e\u0433\u0430\u043c \u043f\u0440\u0430\u043a\u0442\u0438\u0447\u0435\u0441\u043a\u0438\u0445 \u0442\u0435\u0441\u0442\u043e\u0432 \u0438 \u043e\u0431\u0449\u0438\u043c \u0438\u0442\u043e\u0433\u0430\u043c \u0441\u0442\u0430\u043b\u0430 \u043b\u0443\u0447\u0448\u0435\u0439 \u043f\u0435\u0440\u0432\u043e\u0433\u043e\u0434\u043a\u043e\u0439, \u0437\u0430\u043d\u044f\u043b\u0430 \u0432\u0442\u043e\u0440\u043e\u0435 \u043c\u0435\u0441\u0442\u043e (\u043f\u043e\u0441\u043b\u0435 \u0422\u0430\u0446\u0443\u0438) \u043f\u043e \u0442\u0435\u043e\u0440\u0435\u0442\u0438\u0447\u0435\u0441\u043a\u0438\u043c \u0442\u0435\u0441\u0442\u0430\u043c.</p>", "avatar": "/home/ctulhu/anylist/anylist/media/55741.jpg", "name": "Miyuki Shiba", "actor": 8}}, {"pk": 1, "model": "myapp.product", "fields": {"creators": [], "description": "<p>\u0427\u0442\u043e \u0434\u043b\u044f \u043d\u0430\u0441 \u043c\u0430\u0433\u0438\u044f? \u042d\u0442\u043e \u043d\u0435\u0447\u0442\u043e \u043d\u0435\u0432\u043e\u043e\u0431\u0440\u0430\u0437\u0438\u043c\u043e\u0435, \u0441\u0443\u0449\u0435\u0441\u0442\u0432\u0443\u044e\u0449\u0435\u0435 \u0442\u043e\u043b\u044c\u043a\u043e \u0432 \u043c\u0435\u0447\u0442\u0430\u0445. \u041f\u0440\u043e\u0445\u043e\u0434\u044f\u0442 \u0433\u043e\u0434\u0430 \u0438... \u043e\u043d\u0430 \u0441\u0442\u0430\u043d\u043e\u0432\u0438\u0442\u0441\u044f \u043d\u0435 \u043f\u0440\u043e\u0441\u0442\u043e \u0434\u043e\u0441\u0442\u043e\u044f\u043d\u0438\u0435\u043c \u043e\u0431\u0449\u0435\u0441\u0442\u0432\u0430, \u0430 \u043d\u0430\u0443\u043a\u043e\u0439. \u041a\u0430\u0436\u0434\u044b\u0439 \u0434\u0435\u043d\u044c \u0443\u0447\u0451\u043d\u044b\u0435 \u0434\u0435\u043b\u0430\u044e\u0442 \u0432\u0441\u0451 \u043d\u043e\u0432\u044b\u0435 \u043e\u0442\u043a\u0440\u044b\u0442\u0438\u044f \u0432 \u044d\u0442\u043e\u043c \u0438\u0441\u043a\u0443\u0441\u0441\u0442\u0432\u0435, \u043f\u043e\u0441\u0442\u0440\u043e\u0435\u043d\u043d\u044b\u0435 \u0432 \u043e\u0441\u043d\u043e\u0432\u043d\u043e\u043c \u043d\u0430 \u0437\u043d\u0430\u043d\u0438\u044f\u0445 \u0444\u0438\u0437\u0438\u043a\u0438 \u0431\u0443\u0434\u0443\u0449\u0435\u0433\u043e. \u0415\u0441\u0442\u0435\u0441\u0442\u0432\u0435\u043d\u043d\u043e, \u043d\u0435 \u043e\u0431\u043e\u0439\u0442\u0438\u0441\u044c \u0438 \u0431\u0435\u0437 \u043c\u043e\u043b\u043e\u0434\u044b\u0445, \u0434\u043b\u044f \u043a\u043e\u0442\u043e\u0440\u044b\u0445 \u0431\u044b\u043b\u0430 \u043e\u0442\u043a\u0440\u044b\u0442\u0430 \u0441\u0442\u0430\u0440\u0448\u0430\u044f \u0448\u043a\u043e\u043b\u0430 \u043f\u0440\u0438 \u0443\u043d\u0438\u0432\u0435\u0440\u0441\u0438\u0442\u0435\u0442\u0435. \u0412\u043e\u0442 \u0442\u043e\u043b\u044c\u043a\u043e \u0434\u0438\u0441\u043a\u0440\u0438\u043c\u0438\u043d\u0430\u0446\u0438\u044f \u0432 \u043c\u0438\u0440\u0435 \u043a\u0430\u043a \u0431\u044b\u043b\u0430, \u0442\u0430\u043a \u0438 \u043e\u0441\u0442\u0430\u0451\u0442\u0441\u044f: \u043f\u043e\u043f\u0430\u0441\u0442\u044c \u0432 \u043d\u0435\u0451 \u043c\u043e\u0433\u0443\u0442 \u0442\u043e\u043b\u044c\u043a\u043e \u043b\u044e\u0434\u0438 \u0441\u043e \u0441\u043f\u043e\u0441\u043e\u0431\u043d\u043e\u0441\u0442\u044f\u043c\u0438. \u041d\u043e \u044d\u0442\u043e \u0435\u0449\u0451 \u043d\u0435 \u0432\u0441\u0451: \u0432\u043d\u0443\u0442\u0440\u0438 \u0441\u0442\u0435\u043d \u0448\u043a\u043e\u043b\u044b \u0432\u0430\u0441 \u043f\u043e\u0434\u0435\u043b\u044f\u0442 &mdash; \u043d\u0430 &laquo;\u0441\u043e\u0440\u043d\u044f\u043a\u0438&raquo; \u0438 &laquo;\u0446\u0432\u0435\u0442\u043a\u0438&raquo;. \u0422\u0430\u043a \u0438 \u043e\u043a\u0430\u0437\u0430\u043b\u0430\u0441\u044c \u043d\u0430\u0448\u0430 \u0433\u043b\u0430\u0432\u043d\u0430\u044f \u0433\u0435\u0440\u043e\u0438\u043d\u044f-\u0441\u0435\u0441\u0442\u0440\u0430 <a href=\"http://shikimori.org/characters/55741-Miyuki-Shiba\">\u041c\u0438\u044e\u043a\u0438</a> \u0432 \u043f\u0435\u0440\u0432\u043e\u043c \u043f\u043e\u0442\u043e\u043a\u0435, \u0441\u0442\u0430\u0432 \u043b\u0443\u0447\u0448\u0435\u0439 \u043f\u043e \u043f\u0440\u043e\u0445\u043e\u0434\u043d\u043e\u043c\u0443 \u0431\u0430\u043b\u043b\u0443 \u0431\u043b\u0430\u0433\u043e\u0434\u0430\u0440\u044f \u0441\u0432\u043e\u0438\u043c \u043f\u0440\u0430\u043a\u0442\u0438\u0447\u0435\u0441\u043a\u0438\u043c \u0441\u043f\u043e\u0441\u043e\u0431\u043d\u043e\u0441\u0442\u044f\u043c, \u0430 \u0442\u0435\u043e\u0440\u0435\u0442\u0438\u043a\u0430-\u0431\u0440\u0430\u0442\u0430 <a href=\"http://shikimori.org/characters/55743-Tatsuya-Shiba\">\u0422\u0430\u0446\u0443\u044e</a> \u043e\u0442\u043f\u0440\u0430\u0432\u0438\u043b\u0438 \u0432\u043e \u0432\u0442\u043e\u0440\u043e\u0439 \u043f\u043e\u0442\u043e\u043a \u0433\u043d\u0438\u0442\u044c \u043a &laquo;\u0441\u043e\u0440\u043d\u044f\u043a\u0430\u043c&raquo;. \u0414\u0430 \u043d\u0435 \u0442\u0443\u0442-\u0442\u043e \u0431\u044b\u043b\u043e: \u0441\u0438\u0441\u0442\u0435\u043c\u0430 \u043e\u0442\u0431\u043e\u0440\u0430 \u0443 \u0448\u043a\u043e\u043b\u044b \u0437\u0430\u043c\u0435\u0442\u043d\u043e \u0441\u0442\u0440\u0430\u0434\u0430\u0435\u0442; \u0443\u0436\u0435 \u043e\u0447\u0435\u043d\u044c \u0441\u043a\u043e\u0440\u043e \u0434\u0440\u0443\u0437\u044c\u044f \u0431\u0443\u0434\u0443\u0442 \u0440\u0430\u0441\u043f\u0430\u0445\u0438\u0432\u0430\u0442\u044c \u0440\u0442\u044b \u043e\u0442 \u043d\u043e\u0432\u0435\u043d\u044c\u043a\u043e\u0433\u043e &laquo;\u043d\u0435\u0434\u043e\u043c\u0430\u0433\u0430&raquo;, \u0434\u0435\u0432\u0443\u0448\u043a\u0438 \u0431\u0443\u0434\u0443\u0442 \u0432\u0435\u0448\u0430\u0442\u044c\u0441\u044f \u043d\u0430 \u0448\u0435\u044e, \u0430 \u0432\u0440\u0430\u0433\u0438 \u043f\u043e\u0436\u0430\u043b\u0435\u044e\u0442, \u0447\u0442\u043e \u0432\u043e\u043e\u0431\u0449\u0435 \u0441\u0432\u044f\u0437\u0430\u043b\u0438\u0441\u044c \u0441 \u043d\u0438\u043c!</p>", "title": "Mahouka Koukou no Rettousei", "alt_names": [], "category": 1, "heroes": [6], "avatar": "/home/ctulhu/anylist/anylist/media/20785_2.jpg", "genres": [1, 7], "old_limit": 3}}, {"pk": 2, "model": "myapp.product", "fields": {"creators": [], "description": "<p><a href=\"http://shikimori.org/characters/14545-Moritaka-Mashiro\">\u041c\u043e\u0440\u0438\u0442\u0430\u043a\u0430 \u041c\u0430\u0448\u0438\u0440\u043e</a> \u0438 <a href=\"http://shikimori.org/characters/14552-Akito-Takagi\">\u0410\u043a\u0438\u0442\u043e \u0422\u0430\u043a\u0430\u0433\u0438</a> &ndash; \u0430\u043c\u0431\u0438\u0446\u0438\u043e\u0437\u043d\u044b\u0435 \u0443\u0447\u0435\u043d\u0438\u043a\u0438 \u0434\u0435\u0432\u044f\u0442\u043e\u0433\u043e \u043a\u043b\u0430\u0441\u0441\u0430. \u041e\u0434\u0438\u043d &mdash; \u0445\u0443\u0434\u043e\u0436\u043d\u0438\u043a, \u0432\u0442\u043e\u0440\u043e\u0439 &mdash; \u043d\u0430\u0447\u0438\u043d\u0430\u044e\u0449\u0438\u0439 \u043f\u0438\u0441\u0430\u0442\u0435\u043b\u044c. \u0412\u043c\u0435\u0441\u0442\u0435 \u043e\u043d\u0438 \u0440\u0435\u0448\u0430\u044e\u0442 \u0441\u0442\u0430\u0442\u044c \u0432\u0435\u043b\u0438\u0447\u0430\u0439\u0448\u0438\u043c\u0438 \u043c\u0430\u043d\u0433\u0430\u043a\u0430\u043c\u0438 \u042f\u043f\u043e\u043d\u0438\u0438 \u0438 \u043e\u0431\u0440\u0430\u0437\u0443\u044e\u0442 \u0434\u0443\u044d\u0442 \u043f\u043e\u0434 \u043e\u0431\u0449\u0438\u043c \u043f\u0441\u0435\u0432\u0434\u043e\u043d\u0438\u043c\u043e\u043c &quot;\u041c\u0443\u0442\u043e \u0410\u0441\u0438\u0440\u043e\u0433\u0438&quot;. \u0412 \u043a\u0430\u0447\u0435\u0441\u0442\u0432\u0435 \u043c\u0430\u0441\u0442\u0435\u0440\u0441\u043a\u043e\u0439 \u043e\u043d\u0438 \u0431\u0435\u0440\u0443\u0442 \u043a\u0432\u0430\u0440\u0442\u0438\u0440\u0443 \u0443\u043c\u0435\u0440\u0448\u0435\u0433\u043e \u0434\u044f\u0434\u0438 <a href=\"http://shikimori.org/characters/14545-Moritaka-Mashiro\">\u041c\u0430\u0448\u0438\u0440\u043e</a> &ndash; \u043c\u0430\u043d\u0433\u0430\u043a\u0438, \u0442\u0430\u043a \u0438 \u043d\u0435 \u0434\u043e\u0431\u0438\u0432\u0448\u0435\u0433\u043e\u0441\u044f \u0443\u0441\u043f\u0435\u0445\u0430.</p><p>\u041e\u0434\u043d\u0430\u0436\u0434\u044b <a href=\"http://shikimori.org/characters/14545-Moritaka-Mashiro\">\u041c\u0430\u0448\u0438\u0440\u043e</a> \u0441\u043f\u043e\u043d\u0442\u0430\u043d\u043d\u043e \u043f\u0440\u0435\u0434\u043b\u0430\u0433\u0430\u0435\u0442 \u0432\u044b\u0439\u0442\u0438 \u0437\u0430 \u043d\u0435\u0433\u043e \u0437\u0430\u043c\u0443\u0436 <a href=\"http://shikimori.org/characters/14546-Miho-Azuki\">\u041c\u0438\u0445\u043e \u0410\u0434\u0437\u0443\u043a\u0438</a> &ndash; \u0434\u0435\u0432\u0443\u0448\u043a\u0435, \u0432 \u043a\u043e\u0442\u043e\u0440\u0443\u044e \u043e\u043d \u0442\u0430\u0439\u043d\u043e \u0432\u043b\u044e\u0431\u043b\u0451\u043d. \u0418 <a href=\"http://shikimori.org/characters/14546-Miho-Azuki\">\u0410\u0434\u0437\u0443\u043a\u0438</a>, \u043c\u0435\u0447\u0442\u0430\u044e\u0449\u0430\u044f \u0441\u0442\u0430\u0442\u044c \u0441\u0435\u0439\u044e \u0438 \u044f\u0432\u043d\u043e \u043d\u0435 \u0440\u0430\u0432\u043d\u043e\u0434\u0443\u0448\u043d\u0430\u044f \u043a <a href=\"http://shikimori.org/characters/14545-Moritaka-Mashiro\">\u041c\u0430\u0448\u0438\u0440\u043e</a>, \u043a \u0435\u0433\u043e \u0438\u0437\u0443\u043c\u043b\u0435\u043d\u0438\u044e \u0441\u043e\u0433\u043b\u0430\u0448\u0430\u0435\u0442\u0441\u044f. \u041d\u043e \u043f\u0440\u0438 \u043e\u0434\u043d\u043e\u043c \u0443\u0441\u043b\u043e\u0432\u0438\u0438. \u0421\u043f\u0435\u0440\u0432\u0430 \u043e\u043d\u0438 \u0434\u043e\u043b\u0436\u043d\u044b \u043e\u0441\u0443\u0449\u0435\u0441\u0442\u0432\u0438\u0442\u044c \u0441\u0432\u043e\u0438 \u043c\u0435\u0447\u0442\u044b: <a href=\"http://shikimori.org/characters/14545-Moritaka-Mashiro\">\u041c\u0430\u0448\u0438\u0440\u043e</a> \u0441\u0442\u0430\u0442\u044c \u043c\u0430\u043d\u0433\u0430\u043a\u043e\u0439 \u0438 \u0432\u044b\u043f\u0443\u0441\u0442\u0438\u0442\u044c \u0430\u043d\u0438\u043c\u0435, \u0430 <a href=\"http://shikimori.org/characters/14546-Miho-Azuki\">\u0410\u0434\u0437\u0443\u043a\u0438</a> \u0441\u0442\u0430\u0442\u044c \u0441\u044d\u0439\u044e \u0438 \u043e\u0437\u0432\u0443\u0447\u0438\u0442\u044c \u043e\u0434\u043d\u0443 \u0438\u0437 \u0433\u0435\u0440\u043e\u0438\u043d\u044c \u0435\u0433\u043e \u0441\u0435\u0440\u0438\u0430\u043b\u0430...</p>", "title": "Bakuman The Animation", "alt_names": [], "category": 1, "heroes": [], "avatar": "/home/ctulhu/anylist/anylist/media/7674.jpg", "genres": [1, 7, 9, 10], "old_limit": 3}}, {"pk": 3, "model": "myapp.product", "fields": {"creators": [], "description": "<p>\u0421\u0442\u0430\u043b\u043a\u0435\u0440, \u0441\u0435\u0440\u0438\u0439\u043d\u044b\u0439 \u0443\u0431\u0438\u0439\u0446\u0430, \u043c\u0430\u0437\u043e\u0445\u0438\u0441\u0442\u043a\u0430, \u0440\u044b\u0446\u0430\u0440\u044c, \u043f\u043e\u0434\u0440\u0443\u0433\u0430 \u0434\u0435\u0442\u0441\u0442\u0432\u0430, \u0432\u0430\u043c\u043f\u0438\u0440 \u0438 \u0441\u043f\u044f\u0449\u0430\u044f \u043a\u0440\u0430\u0441\u0430\u0432\u0438\u0446\u0430... \u0421 \u043a\u0435\u043c \u0435\u0449\u0435 \u043f\u0440\u0435\u0434\u0441\u0442\u043e\u0438\u0442 \u0441\u0442\u043e\u043b\u043a\u043d\u0443\u0442\u044c\u0441\u044f \u0433\u043b\u0430\u0432\u043d\u043e\u043c\u0443 \u0433\u0435\u0440\u043e\u044e?</p>", "title": "Abnormal-kei Joshi", "alt_names": [], "category": 2, "heroes": [], "avatar": "/home/ctulhu/anylist/anylist/media/980_o.jpg", "genres": [3, 7, 8, 9, 20, 21], "old_limit": 5}}, {"pk": 4, "model": "myapp.product", "fields": {"creators": [], "description": "<p>\u0421\u0435\u0440\u0438\u0430\u043b \u043f\u043e\u0441\u0432\u044f\u0449\u0435\u043d \u0440\u0430\u0441\u043a\u0440\u044b\u0442\u0438\u044e \u043f\u0440\u0435\u0441\u0442\u0443\u043f\u043b\u0435\u043d\u0438\u0439, \u043a\u043e\u0442\u043e\u0440\u044b\u0435 \u0440\u0430\u0441\u0441\u043b\u0435\u0434\u0443\u0435\u0442 \u0441\u043f\u0435\u0446\u0438\u0430\u043b\u044c\u043d\u044b\u0439 \u0430\u0433\u0435\u043d\u0442 <a href=\"http://ru.wikipedia.org/wiki/%D0%A4%D0%91%D0%A0\">\u0424\u0411\u0420</a> <a href=\"http://ru.wikipedia.org/wiki/%D0%A1%D0%B8%D0%BB%D0%B8_%D0%91%D1%83%D1%82\">\u0421\u0438\u043b\u0438 \u0411\u0443\u0442</a> \u0441 \u043f\u043e\u043c\u043e\u0449\u044c\u044e \u043a\u043e\u043c\u0430\u043d\u0434\u044b <a href=\"http://ru.wikipedia.org/wiki/%D0%90%D0%BD%D1%82%D1%80%D0%BE%D0%BF%D0%BE%D0%BB%D0%BE%D0%B3%D0%B8%D1%8F\">\u0430\u043d\u0442\u0440\u043e\u043f\u043e\u043b\u043e\u0433\u043e\u0432</a> \u0438\u0437 \u0414\u0436\u0435\u0444\u0444\u0435\u0440\u0441\u043e\u043d\u043e\u0432\u0441\u043a\u043e\u0433\u043e \u0438\u043d\u0441\u0442\u0438\u0442\u0443\u0442\u0430 (\u0430\u043b\u043b\u044e\u0437\u0438\u044f \u043d\u0430 <a href=\"http://ru.wikipedia.org/wiki/%D0%A1%D0%BC%D0%B8%D1%82%D1%81%D0%BE%D0%BD%D0%BE%D0%B2%D1%81%D0%BA%D0%B8%D0%B9_%D0%B8%D0%BD%D1%81%D1%82%D0%B8%D1%82%D1%83%D1%82\">\u0421\u043c\u0438\u0442\u0441\u043e\u043d\u043e\u0432\u0441\u043a\u0438\u0439 \u0438\u043d\u0441\u0442\u0438\u0442\u0443\u0442</a>) \u043f\u043e\u0434 \u0440\u0443\u043a\u043e\u0432\u043e\u0434\u0441\u0442\u0432\u043e\u043c \u0434\u043e\u043a\u0442\u043e\u0440\u0430 <a href=\"http://ru.wikipedia.org/wiki/%D0%A2%D0%B5%D0%BC%D0%BF%D0%B5%D1%80%D0%B0%D0%BD%D1%81_%D0%91%D1%80%D0%B5%D0%BD%D0%BD%D0%B0%D0%BD\">\u0422\u0435\u043c\u043f\u0435\u0440\u0430\u043d\u0441 \u0411\u0440\u0435\u043d\u043d\u0430\u043d</a>. \u0414\u043e\u043a\u0442\u043e\u0440 \u0411\u0440\u0435\u043d\u043d\u0430\u043d \u0438 \u0435\u0451 \u043a\u043e\u043c\u0430\u043d\u0434\u0430, \u043a\u0430\u043a \u043f\u0440\u0430\u0432\u0438\u043b\u043e, \u043f\u043e\u043b\u0443\u0447\u0430\u044e\u0442 \u0434\u0435\u043b\u0430, \u0433\u0434\u0435 \u043e\u0442 \u0442\u0435\u043b\u0430 \u0443\u0431\u0438\u0442\u043e\u0433\u043e \u043e\u0441\u0442\u0430\u043b\u0438\u0441\u044c \u0442\u043e\u043b\u044c\u043a\u043e \u043a\u043e\u0441\u0442\u0438 \u043b\u0438\u0431\u043e \u0436\u0435 \u0441\u0433\u043d\u0438\u0432\u0448\u0438\u0435 \u043e\u0441\u0442\u0430\u043d\u043a\u0438. \u041d\u043e \u0434\u0430\u0432\u043d\u043e \u0443\u043c\u0435\u0440\u0448\u0438\u0435 \u0436\u0435\u0440\u0442\u0432\u044b \u043d\u0435 \u0435\u0434\u0438\u043d\u0441\u0442\u0432\u0435\u043d\u043d\u043e\u0435, \u0441 \u0447\u0435\u043c \u043f\u0440\u0438\u0434\u0435\u0442\u0441\u044f \u0441\u0442\u043e\u043b\u043a\u043d\u0443\u0442\u044c\u0441\u044f \u0411\u0440\u0435\u043d\u043d\u0430\u043d, \u0411\u0443\u0442\u0443 \u0438 \u0438\u0445 \u043a\u043e\u043c\u0430\u043d\u0434\u0435, \u0440\u0430\u0441\u043a\u0440\u044b\u0432\u0430\u044f \u043f\u0440\u0435\u0441\u0442\u0443\u043f\u043b\u0435\u043d\u0438\u044f, \u043e\u043d\u0438 \u0447\u0430\u0441\u0442\u043e \u0441\u0442\u0430\u043b\u043a\u0438\u0432\u0430\u044e\u0442\u0441\u044f \u0441 \u0432\u0437\u044f\u0442\u043e\u0447\u043d\u0438\u0447\u0435\u0441\u0442\u0432\u043e\u043c, \u043a\u043e\u0440\u0440\u0443\u043f\u0446\u0438\u0435\u0439 \u0438 \u043c\u0435\u0441\u0442\u043d\u043e\u0439 \u0440\u0430\u0437\u0440\u043e\u0437\u043d\u0435\u043d\u043d\u043e\u0441\u0442\u044c\u044e. \u041a\u0440\u043e\u043c\u0435 \u043f\u0440\u0435\u0441\u0442\u0443\u043f\u043b\u0435\u043d\u0438\u0439, \u0432 \u0441\u0435\u0440\u0438\u0430\u043b\u0435 \u0442\u0430\u043a\u0436\u0435 \u0440\u0430\u0441\u043a\u0440\u044b\u0432\u0430\u044e\u0442\u0441\u044f \u043b\u0438\u0447\u043d\u044b\u0435 \u0432\u0437\u0430\u0438\u043c\u043e\u043e\u0442\u043d\u043e\u0448\u0435\u043d\u0438\u044f \u043c\u0435\u0436\u0434\u0443 \u043e\u0441\u043d\u043e\u0432\u043d\u044b\u043c\u0438 \u043f\u0435\u0440\u0441\u043e\u043d\u0430\u0436\u0430\u043c\u0438, \u0432\u043a\u043b\u044e\u0447\u0430\u044f \u043f\u043e\u0442\u0435\u043d\u0446\u0438\u0430\u043b\u044c\u043d\u044b\u0439 \u0440\u043e\u043c\u0430\u043d \u043c\u0435\u0436\u0434\u0443 \u0411\u0443\u0442\u043e\u043c \u0438 \u0411\u0440\u0435\u043d\u043d\u0430\u043d.</p><p>\u041b\u0438\u0442\u0435\u0440\u0430\u0442\u0443\u0440\u043d\u043e\u0439 \u043e\u0441\u043d\u043e\u0432\u043e\u0439 \u043f\u0435\u0440\u0441\u043e\u043d\u0430\u0436\u0435\u0439 \u0441\u0435\u0440\u0438\u0430\u043b\u0430 \u044f\u0432\u043b\u044f\u0435\u0442\u0441\u044f \u0446\u0438\u043a\u043b \u0434\u0435\u0442\u0435\u043a\u0442\u0438\u0432\u043d\u044b\u0445 \u0440\u043e\u043c\u0430\u043d\u043e\u0432 <a href=\"http://ru.wikipedia.org/wiki/%D0%A0%D0%B0%D0%B9%D0%BA%D1%81,_%D0%9A%D1%8D%D1%82%D0%B8\">\u041a\u044d\u0442\u0438 \u0420\u0430\u0439\u043a\u0441</a>, \u0433\u043b\u0430\u0432\u043d\u043e\u0439 \u0433\u0435\u0440\u043e\u0438\u043d\u0435\u0439 \u043a\u043e\u0442\u043e\u0440\u044b\u0445 \u044f\u0432\u043b\u044f\u0435\u0442\u0441\u044f <a href=\"http://en.wikipedia.org/wiki/Temperance_Brennan\">\u0434\u043e\u043a\u0442\u043e\u0440 \u0411\u0440\u0435\u043d\u043d\u0430\u043d</a>. \u041d\u0430 \u043d\u0430\u0441\u0442\u043e\u044f\u0449\u0438\u0439 \u043c\u043e\u043c\u0435\u043d\u0442 \u043e\u043f\u0443\u0431\u043b\u0438\u043a\u043e\u0432\u0430\u043d\u043e 12 \u043a\u043d\u0438\u0433.<a href=\"http://ru.wikipedia.org/wiki/%D0%92%D0%B8%D0%BA%D0%B8%D0%BF%D0%B5%D0%B4%D0%B8%D1%8F:%D0%A1%D1%81%D1%8B%D0%BB%D0%BA%D0%B8_%D0%BD%D0%B0_%D0%B8%D1%81%D1%82%D0%BE%D1%87%D0%BD%D0%B8%D0%BA%D0%B8\">[<em>\u0438\u0441\u0442\u043e\u0447\u043d\u0438\u043a&nbsp;\u043d\u0435&nbsp;\u0443\u043a\u0430\u0437\u0430\u043d&nbsp;92&nbsp;\u0434\u043d\u044f</em>]</a> \u0421\u043b\u0435\u0434\u0443\u0435\u0442 \u0438\u043c\u0435\u0442\u044c \u0432 \u0432\u0438\u0434\u0443 \u043e\u0442\u043b\u0438\u0447\u0438\u044f \u043c\u0435\u0436\u0434\u0443 \u043f\u0435\u0440\u0441\u043e\u043d\u0430\u0436\u0435\u043c \u043a\u043d\u0438\u0433 \u0438 \u0441\u0435\u0440\u0438\u0430\u043b\u0430: \u0432 \u043a\u043d\u0438\u0433\u0435 \u0434\u043e\u043a\u0442\u043e\u0440 \u0422\u0435\u043c\u043f\u0435\u0440\u0430\u043d\u0441&nbsp;&mdash; \u0437\u0440\u0435\u043b\u0430\u044f, \u0443\u0436\u0435 \u0440\u0430\u0437\u0432\u0435\u0434\u0435\u043d\u043d\u0430\u044f \u0436\u0435\u043d\u0449\u0438\u043d\u0430, \u0438\u043c\u0435\u044e\u0449\u0430\u044f \u0432\u0437\u0440\u043e\u0441\u043b\u0443\u044e \u0434\u043e\u0447\u044c, \u0438 \u043d\u0438\u043a\u0430\u043a\u0438\u0445 \u0437\u0430\u0433\u0430\u0434\u043e\u0447\u043d\u044b\u0445 \u0440\u043e\u0434\u0438\u0442\u0435\u043b\u0435\u0439, \u0432 \u043f\u0440\u043e\u0448\u043b\u043e\u043c \u0441\u0442\u0440\u0430\u0434\u0430\u0432\u0448\u0430\u044f \u043e\u0442 \u0430\u043b\u043a\u043e\u0433\u043e\u043b\u0438\u0437\u043c\u0430, \u0436\u0438\u0432\u0443\u0449\u0430\u044f \u0432 \u041a\u0432\u0435\u0431\u0435\u043a\u0435 \u0438, \u0447\u0442\u043e \u0441\u0430\u043c\u043e\u0435 \u0432\u0430\u0436\u043d\u043e\u0435, \u043d\u0435 \u043e\u0431\u043b\u0430\u0434\u0430\u044e\u0449\u0430\u044f \u0442\u0430\u043a\u0438\u043c \u0445\u043b\u0430\u0434\u043d\u043e\u043a\u0440\u043e\u0432\u043d\u044b\u043c, \u043e\u0442\u0441\u0442\u0440\u0430\u043d\u0435\u043d\u043d\u044b\u043c, \u043d\u0435\u0442\u0430\u043a\u0442\u0438\u0447\u043d\u044b\u043c \u0438 \u043f\u043e\u0440\u043e\u0439 \u043d\u0435\u043f\u043e\u043d\u044f\u0442\u043d\u044b\u043c \u0434\u043b\u044f \u043e\u043a\u0440\u0443\u0436\u0430\u044e\u0449\u0438\u0445 \u0445\u0430\u0440\u0430\u043a\u0442\u0435\u0440\u043e\u043c.</p>", "title": "Bones", "alt_names": [], "category": 3, "heroes": [], "avatar": "/home/ctulhu/anylist/anylist/media/images.duckduckgo.com_2.jpeg", "genres": [13], "old_limit": 5}}, {"pk": 5, "model": "myapp.product", "fields": {"creators": [], "description": "<p>\u0412 \u0436\u0438\u0437\u043d\u0438 \u043f\u043e\u0434 \u0430\u0432\u0442\u043e\u0440\u0438\u0442\u0430\u0440\u043d\u044b\u043c \u0440\u0435\u0436\u0438\u043c\u043e\u043c \u043d\u0435\u0442 \u043d\u0438\u0447\u0435\u0433\u043e \u0445\u043e\u0440\u043e\u0448\u0435\u0433\u043e. \u041d\u0438 \u0442\u0435\u0431\u0435 Facebook&rsquo;a, &nbsp;\u043d\u0438\u043a\u0430\u043a\u043e\u0433\u043e YouTube \u0438 \u043d\u0438\u043a\u0430\u043a\u043e\u0433\u043e \u043f\u043e\u0440\u043d\u043e. \u0412\u0430\u043d\u0441 - \u043c\u043e\u043b\u043e\u0434\u043e\u0439, \u043d\u043e \u0432 \u0442\u043e\u0436\u0435 \u0432\u0440\u0435\u043c\u044f \u0443\u043c\u0435\u043b\u044b\u0439 \u0445\u0430\u043a\u0435\u0440, \u043a\u043e\u0442\u043e\u0440\u044b\u0439 \u043f\u0440\u043e\u0433\u0443\u043b\u0438\u0432\u0430\u0435\u0442\u0441\u044f \u043f\u043e \u043f\u0430\u0440\u043a\u0443, \u043f\u0440\u0438 \u044d\u0442\u043e\u043c \u0432\u0437\u043b\u0430\u043c\u044b\u0432\u0430\u044f \u043c\u043e\u0449\u043d\u044b\u0439 \u0411\u0440\u0430\u043d\u0434\u043c\u0430\u0443\u044d\u0440. \u0412 \u044d\u0442\u043e\u0442 \u043c\u0438\u0433 \u043e\u043d \u043a\u043e\u0435-\u0447\u0442\u043e \u043f\u043e\u043d\u0438\u043c\u0430\u0435\u0442. \u041e\u0441\u043e\u0437\u043d\u0430\u0435\u0442, \u0447\u0442\u043e \u0435\u043c\u0443 \u0447\u0435\u0433\u043e-\u0442\u043e \u043d\u0435 \u0445\u0432\u0430\u0442\u0430\u0435\u0442.</p><p>-\u0410, \u043c\u043e\u0436\u0435\u0442, \u0434\u0435\u0432\u0443\u0448\u043a\u0438?</p><p>\u0422\u043e\u0433\u0434\u0430, \u0432\u043e\u0437\u043c\u043e\u0436\u043d\u043e, \u043d\u0435\u0442 \u043d\u0438\u0447\u0435\u0433\u043e \u0441\u0442\u0440\u0430\u043d\u043d\u043e\u0433\u043e \u0432 \u0442\u043e\u043c, \u0447\u0442\u043e\u0431\u044b \u0432\u0437\u043b\u043e\u043c\u0430\u0442\u044c \u0441\u0435\u0440\u0432\u0435\u0440 \u0443\u043d\u0438\u0432\u0435\u0440\u0441\u0438\u0442\u0435\u0442\u0430 \u0438 \u043f\u043e\u0441\u0435\u043b\u0438\u0442\u044c \u0440\u044f\u0434\u043e\u043c \u0441 \u0441\u043e\u0431\u043e\u0439 \u0445\u043e\u0440\u043e\u0448\u0443\u044e \u0434\u0435\u0432\u0443\u0448\u043a\u0443, \u0432\u0435\u0440\u043d\u043e? \u041d\u043e \u0441\u0443\u0434\u044c\u0431\u0430 - \u0432\u0435\u0449\u044c \u0434\u043e\u0432\u043e\u043b\u044c\u043d\u043e \u0441\u0442\u0440\u0430\u043d\u043d\u0430\u044f. \u0422\u0435\u043f\u0435\u0440\u044c \u0443 \u0412\u0430\u043d\u0441\u0430 \u043a\u0443\u0447\u0430 \u043f\u0440\u043e\u0431\u043b\u0435\u043c.</p>", "title": "Fisheye Placebo", "alt_names": [], "category": 2, "heroes": [], "avatar": "/home/ctulhu/anylist/anylist/media/270_o.jpg", "genres": [15, 16, 17], "old_limit": 3}}, {"pk": 6, "model": "myapp.product", "fields": {"creators": [], "description": "<p>\u0412\u044b \u0433\u043e\u0442\u043e\u0432\u044b \u043d\u0430\u0447\u0430\u0442\u044c \u0440\u0430\u0437\u0431\u0438\u0440\u0430\u0442\u044c\u0441\u044f \u0441 \u0432\u0430\u0448\u0438\u043c\u0438 \u043a\u043e\u0448\u043c\u0430\u0440\u0430\u043c\u0438? \u0425\u043e\u0442\u0438\u0442\u0435 \u043b\u0438 \u0432\u044b \u043f\u043e\u0441\u043b\u0443\u0448\u0430\u0442\u044c \u043d\u0430\u0448\u0443 \u043d\u0435\u0432\u0435\u0440\u043e\u044f\u0442\u043d\u0443\u044e \u0438\u0441\u0442\u043e\u0440\u0438\u044e?&nbsp;</p>", "title": " 0.0 Mhz", "alt_names": [], "category": 2, "heroes": [], "avatar": "/home/ctulhu/anylist/anylist/media/723_o.jpg", "genres": [1, 18, 19], "old_limit": 5}}, {"pk": 7, "model": "myapp.product", "fields": {"creators": [], "description": "<p>\u041c\u043e\u043b\u043e\u0434\u0430\u044f \u041c\u0430 \u0413\u043e \u042b\u043d \u0438 \u0435\u0451 \u043e\u0442\u0435\u0446 \u0432\u043e\u0442-\u0432\u043e\u0442 \u0431\u0443\u0434\u0443\u0442 \u0432\u044b\u0441\u0435\u043b\u0435\u043d\u044b \u0438\u0437 \u0438\u0445 \u0434\u043e\u043c\u0430 \u0441 \u043f\u0440\u0438\u0432\u0438\u0434\u0435\u043d\u0438\u044f\u043c\u0438, \u0433\u0434\u0435 \u043e\u043d\u0438 \u0440\u0430\u0431\u043e\u0442\u0430\u044e\u0442 \u043d\u0430 \u043f\u0440\u043e\u0442\u044f\u0436\u0435\u043d\u0438\u0438 \u043c\u043d\u043e\u0433\u0438\u0445 \u043b\u0435\u0442. \u041d\u043e \u0413\u043e \u042b\u043d \u043d\u0435 \u0441\u043e\u0431\u0438\u0440\u0430\u0435\u0442\u0441\u044f \u043f\u043e\u0437\u0432\u043e\u043b\u0438\u0442\u044c \u0432\u043b\u0430\u0434\u0435\u043b\u044c\u0446\u0443 \u043f\u0430\u0440\u043a\u0430 \u0441\u043d\u0435\u0441\u0442\u0438 \u0438\u0445 \u0434\u043e\u043c \u0441 \u043f\u0440\u0438\u0432\u0438\u0434\u0435\u043d\u0438\u044f\u043c\u0438, \u0432\u0435\u0434\u044c \u0432 \u043d\u0451\u043c \u0442\u0430\u043a \u043c\u043d\u043e\u0433\u043e \u0432\u043e\u0441\u043f\u043e\u043c\u0438\u043d\u0430\u043d\u0438\u0439 \u043e \u0434\u0435\u0442\u0441\u0442\u0432\u0435 \u0438 \u0435\u0451 \u043c\u0430\u043c\u0435. \u041e\u043d\u0430 \u0440\u0435\u0448\u0430\u0435\u0442 \u043f\u043e\u0435\u0445\u0430\u0442\u044c \u0432 \u0421\u0428\u0410, \u0447\u0442\u043e\u0431\u044b \u043f\u0440\u043e\u0439\u0442\u0438 \u0438\u0441\u043f\u044b\u0442\u0430\u043d\u0438\u0435 \u0438 \u043f\u043e\u043b\u0443\u0447\u0438\u0442\u044c 1 \u043c\u0438\u043b\u043b\u0438\u043e\u043d \u0434\u043e\u043b\u043b\u0430\u0440\u043e\u0432, \u044d\u0442\u0438 \u0434\u0435\u043d\u044c\u0433\u0438 \u0441\u0442\u0430\u043d\u0443\u0442 \u043f\u0440\u0438\u0437\u043e\u043c \u0442\u043e\u043c\u0443, \u043a\u0442\u043e \u0441\u043c\u043e\u0436\u0435\u0442 \u0432\u044b\u0436\u0438\u0442\u044c \u0432 &quot;\u0414\u043e\u043c\u0435 \u041f\u0440\u0438\u0437\u0440\u0430\u043a\u0430 \u0414\u0436\u0435\u043a\u0430&quot;.</p>", "title": "American Ghost Jack", "alt_names": [], "category": 2, "heroes": [], "avatar": "/home/ctulhu/anylist/anylist/media/905_o.png", "genres": [3, 18, 19], "old_limit": 5}}, {"pk": 3, "model": "myapp.serie", "fields": {"product": 1, "start_date": null, "number": 1, "name": "Name", "length": 20, "num_season": 1}}, {"pk": 4, "model": "myapp.serie", "fields": {"product": 1, "start_date": null, "number": 1, "name": "Name2", "length": 25, "num_season": 2}}, {"pk": 5, "model": "myapp.serie", "fields": {"product": 1, "start_date": null, "number": 2, "name": "Name3", "length": 25, "num_season": 1}}, {"pk": 6, "model": "myapp.serie", "fields": {"product": 1, "start_date": null, "number": 3, "name": "Name4", "length": 34, "num_season": 1}}, {"pk": 7, "model": "myapp.serie", "fields": {"product": 1, "start_date": null, "number": 2, "name": "Name5", "length": 23, "num_season": 2}}, {"pk": 8, "model": "myapp.serie", "fields": {"product": 4, "start_date": null, "number": 1, "name": "Pilot", "length": 44, "num_season": 1}}, {"pk": 9, "model": "myapp.serie", "fields": {"product": 4, "start_date": null, "number": 2, "name": "The Man in the S.U.V.", "length": 44, "num_season": 1}}, {"pk": 10, "model": "myapp.serie", "fields": {"product": 5, "start_date": null, "number": 1, "name": "Prologue", "length": 11, "num_season": 1}}, {"pk": 11, "model": "myapp.serie", "fields": {"product": 5, "start_date": null, "number": 2, "name": "Hello World", "length": 20, "num_season": 1}}, {"pk": 12, "model": "myapp.serie", "fields": {"product": 5, "start_date": null, "number": 3, "name": "Hello World (2)", "length": 3, "num_season": 1}}, {"pk": 13, "model": "myapp.serie", "fields": {"product": 5, "start_date": null, "number": 4, "name": "Hello World(3)", "length": 7, "num_season": 1}}, {"pk": 14, "model": "myapp.serie", "fields": {"product": 5, "start_date": null, "number": 5, "name": "Hello World (4)", "length": 5, "num_season": 1}}, {"pk": 15, "model": "myapp.serie", "fields": {"product": 5, "start_date": null, "number": 6, "name": "Hello World (5)", "length": 6, "num_season": 1}}, {"pk": 16, "model": "myapp.serie", "fields": {"product": 5, "start_date": null, "number": 7, "name": "Hello World (6)", "length": 6, "num_season": 1}}, {"pk": 17, "model": "myapp.serie", "fields": {"product": 5, "start_date": null, "number": 8, "name": "Hello World (7)", "length": 7, "num_season": 1}}, {"pk": 18, "model": "myapp.serie", "fields": {"product": 5, "start_date": null, "number": 9, "name": "Hello World (8) (completed)", "length": 4, "num_season": 1}}, {"pk": 19, "model": "myapp.serie", "fields": {"product": 5, "start_date": null, "number": 1, "name": "[][][][][][][][] (1)", "length": 4, "num_season": 2}}, {"pk": 20, "model": "myapp.serie", "fields": {"product": 5, "start_date": null, "number": 2, "name": "Second Chapter", "length": 6, "num_season": 2}}, {"pk": 21, "model": "myapp.serie", "fields": {"product": 7, "start_date": null, "number": 1, "name": "", "length": 3, "num_season": 1}}, {"pk": 22, "model": "myapp.serie", "fields": {"product": 7, "start_date": null, "number": 2, "name": "", "length": 10, "num_season": 1}}, {"pk": 23, "model": "myapp.serie", "fields": {"product": 7, "start_date": null, "number": 3, "name": "", "length": 6, "num_season": 1}}, {"pk": 24, "model": "myapp.serie", "fields": {"product": 7, "start_date": null, "number": 4, "name": "", "length": 6, "num_season": 1}}, {"pk": 25, "model": "myapp.serie", "fields": {"product": 7, "start_date": null, "number": 5, "name": "", "length": 7, "num_season": 1}}, {"pk": 26, "model": "myapp.serie", "fields": {"product": 7, "start_date": null, "number": 6, "name": "", "length": 6, "num_season": 1}}, {"pk": 27, "model": "myapp.serie", "fields": {"product": 7, "start_date": null, "number": 7, "name": "", "length": 10, "num_season": 1}}, {"pk": 28, "model": "myapp.serie", "fields": {"product": 7, "start_date": null, "number": 8, "name": "", "length": 5, "num_season": 1}}, {"pk": 29, "model": "myapp.serie", "fields": {"product": 7, "start_date": null, "number": 9, "name": "", "length": 5, "num_season": 1}}, {"pk": 30, "model": "myapp.serie", "fields": {"product": 7, "start_date": null, "number": 10, "name": "", "length": 5, "num_season": 1}}, {"pk": 31, "model": "myapp.serie", "fields": {"product": 7, "start_date": null, "number": 11, "name": "", "length": 7, "num_season": 1}}, {"pk": 32, "model": "myapp.serie", "fields": {"product": 7, "start_date": null, "number": 12, "name": "", "length": 6, "num_season": 1}}, {"pk": 33, "model": "myapp.serie", "fields": {"product": 7, "start_date": null, "number": 13, "name": "", "length": 8, "num_season": 1}}, {"pk": 34, "model": "myapp.serie", "fields": {"product": 7, "start_date": null, "number": 14, "name": "", "length": 7, "num_season": 1}}, {"pk": 35, "model": "myapp.serie", "fields": {"product": 7, "start_date": null, "number": 15, "name": "", "length": 7, "num_season": 1}}, {"pk": 36, "model": "myapp.serie", "fields": {"product": 7, "start_date": null, "number": 16, "name": "", "length": 7, "num_season": 1}}, {"pk": 37, "model": "myapp.serie", "fields": {"product": 7, "start_date": null, "number": 17, "name": "", "length": 8, "num_season": 1}}, {"pk": 38, "model": "myapp.serie", "fields": {"product": 7, "start_date": null, "number": 18, "name": "", "length": 6, "num_season": 1}}, {"pk": 39, "model": "myapp.serie", "fields": {"product": 7, "start_date": null, "number": 19, "name": "", "length": 6, "num_season": 1}}, {"pk": 40, "model": "myapp.serie", "fields": {"product": 7, "start_date": null, "number": 20, "name": "", "length": 8, "num_season": 1}}, {"pk": 1, "model": "myapp.status", "fields": {"name": "Planned"}}, {"pk": 2, "model": "myapp.status", "fields": {"name": "Watch"}}, {"pk": 3, "model": "myapp.status", "fields": {"name": "ReWatching"}}, {"pk": 4, "model": "myapp.status", "fields": {"name": "Watched"}}, {"pk": 5, "model": "myapp.status", "fields": {"name": "Deffered"}}, {"pk": 6, "model": "myapp.status", "fields": {"name": "Dropped"}}, {"pk": 12, "model": "myapp.serielist", "fields": {"like": null, "serie": 4, "user_list": 2}}, {"pk": 13, "model": "myapp.serielist", "fields": {"like": null, "serie": 5, "user_list": 2}}, {"pk": 14, "model": "myapp.serielist", "fields": {"like": null, "serie": 8, "user_list": 4}}, {"pk": 15, "model": "myapp.serielist", "fields": {"like": null, "serie": 9, "user_list": 4}}, {"pk": 16, "model": "myapp.serielist", "fields": {"like": null, "serie": 10, "user_list": 5}}, {"pk": 17, "model": "myapp.serielist", "fields": {"like": null, "serie": 11, "user_list": 5}}, {"pk": 18, "model": "myapp.serielist", "fields": {"like": null, "serie": 12, "user_list": 5}}, {"pk": 19, "model": "myapp.serielist", "fields": {"like": null, "serie": 13, "user_list": 5}}, {"pk": 20, "model": "myapp.serielist", "fields": {"like": null, "serie": 14, "user_list": 5}}, {"pk": 21, "model": "myapp.serielist", "fields": {"like": null, "serie": 15, "user_list": 5}}, {"pk": 22, "model": "myapp.serielist", "fields": {"like": null, "serie": 16, "user_list": 5}}, {"pk": 23, "model": "myapp.serielist", "fields": {"like": null, "serie": 17, "user_list": 5}}, {"pk": 24, "model": "myapp.serielist", "fields": {"like": null, "serie": 18, "user_list": 5}}, {"pk": 25, "model": "myapp.serielist", "fields": {"like": null, "serie": 19, "user_list": 5}}, {"pk": 26, "model": "myapp.serielist", "fields": {"like": null, "serie": 20, "user_list": 5}}, {"pk": 27, "model": "myapp.serielist", "fields": {"like": null, "serie": 21, "user_list": 6}}, {"pk": 28, "model": "myapp.serielist", "fields": {"like": null, "serie": 22, "user_list": 6}}, {"pk": 29, "model": "myapp.serielist", "fields": {"like": null, "serie": 23, "user_list": 6}}, {"pk": 30, "model": "myapp.serielist", "fields": {"like": null, "serie": 24, "user_list": 6}}, {"pk": 31, "model": "myapp.serielist", "fields": {"like": null, "serie": 25, "user_list": 6}}, {"pk": 32, "model": "myapp.serielist", "fields": {"like": null, "serie": 26, "user_list": 6}}, {"pk": 33, "model": "myapp.serielist", "fields": {"like": null, "serie": 27, "user_list": 6}}, {"pk": 34, "model": "myapp.serielist", "fields": {"like": null, "serie": 28, "user_list": 6}}, {"pk": 35, "model": "myapp.serielist", "fields": {"like": null, "serie": 29, "user_list": 6}}, {"pk": 36, "model": "myapp.serielist", "fields": {"like": null, "serie": 30, "user_list": 6}}, {"pk": 37, "model": "myapp.serielist", "fields": {"like": null, "serie": 31, "user_list": 6}}, {"pk": 38, "model": "myapp.serielist", "fields": {"like": null, "serie": 32, "user_list": 6}}, {"pk": 39, "model": "myapp.serielist", "fields": {"like": null, "serie": 33, "user_list": 6}}, {"pk": 40, "model": "myapp.serielist", "fields": {"like": null, "serie": 34, "user_list": 6}}, {"pk": 41, "model": "myapp.serielist", "fields": {"like": null, "serie": 35, "user_list": 6}}, {"pk": 42, "model": "myapp.serielist", "fields": {"like": null, "serie": 36, "user_list": 6}}, {"pk": 43, "model": "myapp.serielist", "fields": {"like": null, "serie": 37, "user_list": 6}}, {"pk": 44, "model": "myapp.serielist", "fields": {"like": null, "serie": 38, "user_list": 6}}, {"pk": 45, "model": "myapp.serielist", "fields": {"like": null, "serie": 39, "user_list": 6}}, {"pk": 46, "model": "myapp.serielist", "fields": {"like": null, "serie": 40, "user_list": 6}}, {"pk": 1, "model": "south.migrationhistory", "fields": {"applied": "2014-07-02T09:56:14.028Z", "app_name": "easy_thumbnails", "migration": "0001_initial"}}, {"pk": 2, "model": "south.migrationhistory", "fields": {"applied": "2014-07-02T09:56:14.161Z", "app_name": "easy_thumbnails", "migration": "0002_filename_indexes"}}, {"pk": 3, "model": "south.migrationhistory", "fields": {"applied": "2014-07-02T09:56:14.330Z", "app_name": "easy_thumbnails", "migration": "0003_auto__add_storagenew"}}, {"pk": 4, "model": "south.migrationhistory", "fields": {"applied": "2014-07-02T09:56:14.431Z", "app_name": "easy_thumbnails", "migration": "0004_auto__add_field_source_storage_new__add_field_thumbnail_storage_new"}}, {"pk": 5, "model": "south.migrationhistory", "fields": {"applied": "2014-07-02T09:56:14.568Z", "app_name": "easy_thumbnails", "migration": "0005_storage_fks_null"}}, {"pk": 6, "model": "south.migrationhistory", "fields": {"applied": "2014-07-02T09:56:14.590Z", "app_name": "easy_thumbnails", "migration": "0006_copy_storage"}}, {"pk": 7, "model": "south.migrationhistory", "fields": {"applied": "2014-07-02T09:56:14.715Z", "app_name": "easy_thumbnails", "migration": "0007_storagenew_fks_not_null"}}, {"pk": 8, "model": "south.migrationhistory", "fields": {"applied": "2014-07-02T09:56:14.734Z", "app_name": "easy_thumbnails", "migration": "0008_auto__del_field_source_storage__del_field_thumbnail_storage"}}, {"pk": 9, "model": "south.migrationhistory", "fields": {"applied": "2014-07-02T09:56:14.754Z", "app_name": "easy_thumbnails", "migration": "0009_auto__del_storage"}}, {"pk": 10, "model": "south.migrationhistory", "fields": {"applied": "2014-07-02T09:56:14.781Z", "app_name": "easy_thumbnails", "migration": "0010_rename_storage"}}, {"pk": 11, "model": "south.migrationhistory", "fields": {"applied": "2014-07-02T09:56:15.159Z", "app_name": "easy_thumbnails", "migration": "0011_auto__add_field_source_storage_hash__add_field_thumbnail_storage_hash"}}, {"pk": 12, "model": "south.migrationhistory", "fields": {"applied": "2014-07-02T09:56:15.188Z", "app_name": "easy_thumbnails", "migration": "0012_build_storage_hashes"}}, {"pk": 13, "model": "south.migrationhistory", "fields": {"applied": "2014-07-02T09:56:15.314Z", "app_name": "easy_thumbnails", "migration": "0013_auto__del_storage__del_field_source_storage__del_field_thumbnail_stora"}}, {"pk": 14, "model": "south.migrationhistory", "fields": {"applied": "2014-07-02T09:56:15.437Z", "app_name": "easy_thumbnails", "migration": "0014_auto__add_unique_source_name_storage_hash__add_unique_thumbnail_name_s"}}, {"pk": 15, "model": "south.migrationhistory", "fields": {"applied": "2014-07-02T09:56:15.539Z", "app_name": "easy_thumbnails", "migration": "0015_auto__del_unique_thumbnail_name_storage_hash__add_unique_thumbnail_sou"}}, {"pk": 16, "model": "south.migrationhistory", "fields": {"applied": "2014-07-02T09:56:15.653Z", "app_name": "easy_thumbnails", "migration": "0016_auto__add_thumbnaildimensions"}}, {"pk": 17, "model": "south.migrationhistory", "fields": {"applied": "2014-07-02T10:06:34.092Z", "app_name": "myapp", "migration": "0001_initial"}}, {"pk": 18, "model": "south.migrationhistory", "fields": {"applied": "2014-07-02T10:08:24.450Z", "app_name": "myapp", "migration": "0002_auto__del_field_genre_group"}}, {"pk": 19, "model": "south.migrationhistory", "fields": {"applied": "2014-07-02T20:15:42.793Z", "app_name": "myapp", "migration": "0003_auto__add_field_serie_length"}}, {"pk": 20, "model": "south.migrationhistory", "fields": {"applied": "2014-07-02T23:10:12.828Z", "app_name": "myapp", "migration": "0004_auto__add_raiting__add_field_product_old_limit"}}, {"pk": 21, "model": "south.migrationhistory", "fields": {"applied": "2014-07-03T13:08:47.294Z", "app_name": "myapp", "migration": "0005_auto__chg_field_userlist_score"}}, {"pk": 22, "model": "south.migrationhistory", "fields": {"applied": "2014-07-04T13:56:55.589Z", "app_name": "myapp", "migration": "0006_auto__del_field_serielist_user_list__add_field_serielist_user"}}, {"pk": 23, "model": "south.migrationhistory", "fields": {"applied": "2014-07-04T13:58:28.234Z", "app_name": "myapp", "migration": "0007_auto__del_field_serielist_user__add_field_serielist_user_list"}}, {"pk": 1, "model": "easy_thumbnails.source", "fields": {"modified": "2014-07-02T09:57:54.984Z", "storage_hash": "f9bde26a1556cd667f742bd34ec7c55e", "name": "/home/ctulhu/anylist/anylist/media/img000030.gif_res_1.jpg"}}, {"pk": 2, "model": "easy_thumbnails.source", "fields": {"modified": "2014-07-02T09:57:55.068Z", "storage_hash": "f9bde26a1556cd667f742bd34ec7c55e", "name": "/home/ctulhu/anylist/anylist/media/095bb7110ab59582f7c668e7fe259e41_bp_1.jpg"}}, {"pk": 3, "model": "easy_thumbnails.source", "fields": {"modified": "2014-07-03T03:17:00.793Z", "storage_hash": "f9bde26a1556cd667f742bd34ec7c55e", "name": "/home/ctulhu/anylist/anylist/media/images.duckduckgo.com_1.jpeg"}}, {"pk": 1, "model": "easy_thumbnails.thumbnail", "fields": {"modified": "2014-07-02T09:57:55.017Z", "storage_hash": "d26becbf46ac48eda79c7a39a13a02dd", "name": "/home/ctulhu/anylist/anylist/media/img000030.gif_res_1.jpg.75x75_q85_crop.jpg", "source": 1}}, {"pk": 2, "model": "easy_thumbnails.thumbnail", "fields": {"modified": "2014-07-02T09:57:55.073Z", "storage_hash": "d26becbf46ac48eda79c7a39a13a02dd", "name": "/home/ctulhu/anylist/anylist/media/095bb7110ab59582f7c668e7fe259e41_bp_1.jpg.75x75_q85_crop.jpg", "source": 2}}, {"pk": 3, "model": "easy_thumbnails.thumbnail", "fields": {"modified": "2014-07-03T03:17:00.908Z", "storage_hash": "d26becbf46ac48eda79c7a39a13a02dd", "name": "/home/ctulhu/anylist/anylist/media/images.duckduckgo.com_1.jpeg.75x75_q85_crop.jpg", "source": 3}}, {"pk": 1, "model": "auth.permission", "fields": {"codename": "add_logentry", "content_type": 1, "name": "Can add log entry"}}, {"pk": 2, "model": "auth.permission", "fields": {"codename": "change_logentry", "content_type": 1, "name": "Can change log entry"}}, {"pk": 3, "model": "auth.permission", "fields": {"codename": "delete_logentry", "content_type": 1, "name": "Can delete log entry"}}, {"pk": 4, "model": "auth.permission", "fields": {"codename": "add_permission", "content_type": 2, "name": "Can add permission"}}, {"pk": 5, "model": "auth.permission", "fields": {"codename": "change_permission", "content_type": 2, "name": "Can change permission"}}, {"pk": 6, "model": "auth.permission", "fields": {"codename": "delete_permission", "content_type": 2, "name": "Can delete permission"}}, {"pk": 7, "model": "auth.permission", "fields": {"codename": "add_group", "content_type": 3, "name": "Can add group"}}, {"pk": 8, "model": "auth.permission", "fields": {"codename": "change_group", "content_type": 3, "name": "Can change group"}}, {"pk": 9, "model": "auth.permission", "fields": {"codename": "delete_group", "content_type": 3, "name": "Can delete group"}}, {"pk": 10, "model": "auth.permission", "fields": {"codename": "add_user", "content_type": 4, "name": "Can add user"}}, {"pk": 11, "model": "auth.permission", "fields": {"codename": "change_user", "content_type": 4, "name": "Can change user"}}, {"pk": 12, "model": "auth.permission", "fields": {"codename": "delete_user", "content_type": 4, "name": "Can delete user"}}, {"pk": 13, "model": "auth.permission", "fields": {"codename": "add_contenttype", "content_type": 5, "name": "Can add content type"}}, {"pk": 14, "model": "auth.permission", "fields": {"codename": "change_contenttype", "content_type": 5, "name": "Can change content type"}}, {"pk": 15, "model": "auth.permission", "fields": {"codename": "delete_contenttype", "content_type": 5, "name": "Can delete content type"}}, {"pk": 16, "model": "auth.permission", "fields": {"codename": "add_session", "content_type": 6, "name": "Can add session"}}, {"pk": 17, "model": "auth.permission", "fields": {"codename": "change_session", "content_type": 6, "name": "Can change session"}}, {"pk": 18, "model": "auth.permission", "fields": {"codename": "delete_session", "content_type": 6, "name": "Can delete session"}}, {"pk": 19, "model": "auth.permission", "fields": {"codename": "add_categorygroup", "content_type": 7, "name": "Can add category group"}}, {"pk": 20, "model": "auth.permission", "fields": {"codename": "change_categorygroup", "content_type": 7, "name": "Can change category group"}}, {"pk": 21, "model": "auth.permission", "fields": {"codename": "delete_categorygroup", "content_type": 7, "name": "Can delete category group"}}, {"pk": 22, "model": "auth.permission", "fields": {"codename": "add_category", "content_type": 8, "name": "Can add category"}}, {"pk": 23, "model": "auth.permission", "fields": {"codename": "change_category", "content_type": 8, "name": "Can change category"}}, {"pk": 24, "model": "auth.permission", "fields": {"codename": "delete_category", "content_type": 8, "name": "Can delete category"}}, {"pk": 25, "model": "auth.permission", "fields": {"codename": "add_genregroup", "content_type": 9, "name": "Can add genre group"}}, {"pk": 26, "model": "auth.permission", "fields": {"codename": "change_genregroup", "content_type": 9, "name": "Can change genre group"}}, {"pk": 27, "model": "auth.permission", "fields": {"codename": "delete_genregroup", "content_type": 9, "name": "Can delete genre group"}}, {"pk": 28, "model": "auth.permission", "fields": {"codename": "add_genre", "content_type": 10, "name": "Can add genre"}}, {"pk": 29, "model": "auth.permission", "fields": {"codename": "change_genre", "content_type": 10, "name": "Can change genre"}}, {"pk": 30, "model": "auth.permission", "fields": {"codename": "delete_genre", "content_type": 10, "name": "Can delete genre"}}, {"pk": 31, "model": "auth.permission", "fields": {"codename": "add_altname", "content_type": 11, "name": "Can add alt name"}}, {"pk": 32, "model": "auth.permission", "fields": {"codename": "change_altname", "content_type": 11, "name": "Can change alt name"}}, {"pk": 33, "model": "auth.permission", "fields": {"codename": "delete_altname", "content_type": 11, "name": "Can delete alt name"}}, {"pk": 34, "model": "auth.permission", "fields": {"codename": "add_employ", "content_type": 12, "name": "Can add employ"}}, {"pk": 35, "model": "auth.permission", "fields": {"codename": "change_employ", "content_type": 12, "name": "Can change employ"}}, {"pk": 36, "model": "auth.permission", "fields": {"codename": "delete_employ", "content_type": 12, "name": "Can delete employ"}}, {"pk": 37, "model": "auth.permission", "fields": {"codename": "add_creator", "content_type": 13, "name": "Can add creator"}}, {"pk": 38, "model": "auth.permission", "fields": {"codename": "change_creator", "content_type": 13, "name": "Can change creator"}}, {"pk": 39, "model": "auth.permission", "fields": {"codename": "delete_creator", "content_type": 13, "name": "Can delete creator"}}, {"pk": 40, "model": "auth.permission", "fields": {"codename": "add_hero", "content_type": 14, "name": "Can add hero"}}, {"pk": 41, "model": "auth.permission", "fields": {"codename": "change_hero", "content_type": 14, "name": "Can change hero"}}, {"pk": 42, "model": "auth.permission", "fields": {"codename": "delete_hero", "content_type": 14, "name": "Can delete hero"}}, {"pk": 43, "model": "auth.permission", "fields": {"codename": "add_product", "content_type": 15, "name": "Can add product"}}, {"pk": 44, "model": "auth.permission", "fields": {"codename": "change_product", "content_type": 15, "name": "Can change product"}}, {"pk": 45, "model": "auth.permission", "fields": {"codename": "delete_product", "content_type": 15, "name": "Can delete product"}}, {"pk": 46, "model": "auth.permission", "fields": {"codename": "add_serie", "content_type": 16, "name": "Can add serie"}}, {"pk": 47, "model": "auth.permission", "fields": {"codename": "change_serie", "content_type": 16, "name": "Can change serie"}}, {"pk": 48, "model": "auth.permission", "fields": {"codename": "delete_serie", "content_type": 16, "name": "Can delete serie"}}, {"pk": 49, "model": "auth.permission", "fields": {"codename": "add_status", "content_type": 17, "name": "Can add status"}}, {"pk": 50, "model": "auth.permission", "fields": {"codename": "change_status", "content_type": 17, "name": "Can change status"}}, {"pk": 51, "model": "auth.permission", "fields": {"codename": "delete_status", "content_type": 17, "name": "Can delete status"}}, {"pk": 52, "model": "auth.permission", "fields": {"codename": "add_userlist", "content_type": 18, "name": "Can add user list"}}, {"pk": 53, "model": "auth.permission", "fields": {"codename": "change_userlist", "content_type": 18, "name": "Can change user list"}}, {"pk": 54, "model": "auth.permission", "fields": {"codename": "delete_userlist", "content_type": 18, "name": "Can delete user list"}}, {"pk": 55, "model": "auth.permission", "fields": {"codename": "add_serielist", "content_type": 19, "name": "Can add serie list"}}, {"pk": 56, "model": "auth.permission", "fields": {"codename": "change_serielist", "content_type": 19, "name": "Can change serie list"}}, {"pk": 57, "model": "auth.permission", "fields": {"codename": "delete_serielist", "content_type": 19, "name": "Can delete serie list"}}, {"pk": 58, "model": "auth.permission", "fields": {"codename": "add_migrationhistory", "content_type": 20, "name": "Can add migration history"}}, {"pk": 59, "model": "auth.permission", "fields": {"codename": "change_migrationhistory", "content_type": 20, "name": "Can change migration history"}}, {"pk": 60, "model": "auth.permission", "fields": {"codename": "delete_migrationhistory", "content_type": 20, "name": "Can delete migration history"}}, {"pk": 61, "model": "auth.permission", "fields": {"codename": "add_source", "content_type": 21, "name": "Can add source"}}, {"pk": 62, "model": "auth.permission", "fields": {"codename": "change_source", "content_type": 21, "name": "Can change source"}}, {"pk": 63, "model": "auth.permission", "fields": {"codename": "delete_source", "content_type": 21, "name": "Can delete source"}}, {"pk": 64, "model": "auth.permission", "fields": {"codename": "add_thumbnail", "content_type": 22, "name": "Can add thumbnail"}}, {"pk": 65, "model": "auth.permission", "fields": {"codename": "change_thumbnail", "content_type": 22, "name": "Can change thumbnail"}}, {"pk": 66, "model": "auth.permission", "fields": {"codename": "delete_thumbnail", "content_type": 22, "name": "Can delete thumbnail"}}, {"pk": 67, "model": "auth.permission", "fields": {"codename": "add_thumbnaildimensions", "content_type": 23, "name": "Can add thumbnail dimensions"}}, {"pk": 68, "model": "auth.permission", "fields": {"codename": "change_thumbnaildimensions", "content_type": 23, "name": "Can change thumbnail dimensions"}}, {"pk": 69, "model": "auth.permission", "fields": {"codename": "delete_thumbnaildimensions", "content_type": 23, "name": "Can delete thumbnail dimensions"}}, {"pk": 70, "model": "auth.permission", "fields": {"codename": "add_raiting", "content_type": 24, "name": "Can add raiting"}}, {"pk": 71, "model": "auth.permission", "fields": {"codename": "change_raiting", "content_type": 24, "name": "Can change raiting"}}, {"pk": 72, "model": "auth.permission", "fields": {"codename": "delete_raiting", "content_type": 24, "name": "Can delete raiting"}}, {"pk": 1, "model": "auth.user", "fields": {"user_permissions": [], "is_staff": true, "username": "ctulhu", "is_superuser": true, "groups": [], "last_name": "", "first_name": "", "last_login": "2014-07-07T02:03:37.324Z", "date_joined": "2014-07-02T09:55:41.177Z", "password": "pbkdf2_sha256$12000$rGAvbZu9FAhO$fGIzCf3viePy31Q3Dl5vi4FZu9/09XTfLSDTS15ODRQ=", "is_active": true, "email": "sh@ya.ru"}}, {"pk": 2, "model": "myapp.userlist", "fields": {"status": 3, "product": 1, "user": 1, "score": null}}, {"pk": 3, "model": "myapp.userlist", "fields": {"status": 2, "product": 3, "user": 1, "score": null}}, {"pk": 4, "model": "myapp.userlist", "fields": {"status": 2, "product": 4, "user": 1, "score": null}}, {"pk": 5, "model": "myapp.userlist", "fields": {"status": 2, "product": 5, "user": 1, "score": null}}, {"pk": 6, "model": "myapp.userlist", "fields": {"status": 2, "product": 7, "user": 1, "score": null}}, {"pk": 1, "model": "admin.logentry", "fields": {"object_id": "1", "change_message": "", "action_time": "2014-07-02T09:57:12.859Z", "action_flag": 1, "object_repr": "Japanese", "user": 1, "content_type": 7}}, {"pk": 2, "model": "admin.logentry", "fields": {"object_id": "1", "change_message": "", "action_time": "2014-07-02T09:57:14.440Z", "action_flag": 1, "object_repr": "Anime", "user": 1, "content_type": 8}}, {"pk": 3, "model": "admin.logentry", "fields": {"object_id": "2", "change_message": "", "action_time": "2014-07-02T09:57:29.116Z", "action_flag": 1, "object_repr": "Manga", "user": 1, "content_type": 8}}, {"pk": 4, "model": "admin.logentry", "fields": {"object_id": "2", "change_message": "", "action_time": "2014-07-02T09:57:51.328Z", "action_flag": 1, "object_repr": "Detectives", "user": 1, "content_type": 7}}, {"pk": 5, "model": "admin.logentry", "fields": {"object_id": "3", "change_message": "", "action_time": "2014-07-02T09:57:52.574Z", "action_flag": 1, "object_repr": "Detective Serial", "user": 1, "content_type": 8}}, {"pk": 6, "model": "admin.logentry", "fields": {"object_id": "1", "change_message": "", "action_time": "2014-07-02T10:13:09.667Z", "action_flag": 1, "object_repr": "Shounen", "user": 1, "content_type": 10}}, {"pk": 7, "model": "admin.logentry", "fields": {"object_id": "2", "change_message": "", "action_time": "2014-07-02T10:13:15.835Z", "action_flag": 1, "object_repr": "Shoujo", "user": 1, "content_type": 10}}, {"pk": 8, "model": "admin.logentry", "fields": {"object_id": "3", "change_message": "", "action_time": "2014-07-02T10:13:23.272Z", "action_flag": 1, "object_repr": "Seinen", "user": 1, "content_type": 10}}, {"pk": 9, "model": "admin.logentry", "fields": {"object_id": "4", "change_message": "", "action_time": "2014-07-02T10:13:30.317Z", "action_flag": 1, "object_repr": "Shoujo Ai", "user": 1, "content_type": 10}}, {"pk": 10, "model": "admin.logentry", "fields": {"object_id": "5", "change_message": "", "action_time": "2014-07-02T10:14:17.833Z", "action_flag": 1, "object_repr": "Shounen Ai", "user": 1, "content_type": 10}}, {"pk": 11, "model": "admin.logentry", "fields": {"object_id": "1", "change_message": "", "action_time": "2014-07-02T10:14:46.457Z", "action_flag": 1, "object_repr": "Anime Male", "user": 1, "content_type": 9}}, {"pk": 12, "model": "admin.logentry", "fields": {"object_id": "6", "change_message": "", "action_time": "2014-07-02T10:28:33.605Z", "action_flag": 1, "object_repr": "Djosay", "user": 1, "content_type": 10}}, {"pk": 13, "model": "admin.logentry", "fields": {"object_id": "2", "change_message": "", "action_time": "2014-07-02T10:28:56.687Z", "action_flag": 1, "object_repr": "Anime Female", "user": 1, "content_type": 9}}, {"pk": 14, "model": "admin.logentry", "fields": {"object_id": "1", "change_message": "", "action_time": "2014-07-02T23:30:56.109Z", "action_flag": 1, "object_repr": "G", "user": 1, "content_type": 24}}, {"pk": 15, "model": "admin.logentry", "fields": {"object_id": "2", "change_message": "", "action_time": "2014-07-02T23:31:02.100Z", "action_flag": 1, "object_repr": "PG", "user": 1, "content_type": 24}}, {"pk": 16, "model": "admin.logentry", "fields": {"object_id": "3", "change_message": "", "action_time": "2014-07-02T23:31:08.836Z", "action_flag": 1, "object_repr": "PG-13", "user": 1, "content_type": 24}}, {"pk": 17, "model": "admin.logentry", "fields": {"object_id": "4", "change_message": "", "action_time": "2014-07-02T23:31:13.728Z", "action_flag": 1, "object_repr": "R", "user": 1, "content_type": 24}}, {"pk": 18, "model": "admin.logentry", "fields": {"object_id": "5", "change_message": "", "action_time": "2014-07-02T23:31:22.729Z", "action_flag": 1, "object_repr": "NC-17", "user": 1, "content_type": 24}}, {"pk": 19, "model": "admin.logentry", "fields": {"object_id": "7", "change_message": "", "action_time": "2014-07-02T23:57:07.734Z", "action_flag": 1, "object_repr": "School", "user": 1, "content_type": 10}}, {"pk": 20, "model": "admin.logentry", "fields": {"object_id": "8", "change_message": "", "action_time": "2014-07-02T23:57:14.675Z", "action_flag": 1, "object_repr": "Harem", "user": 1, "content_type": 10}}, {"pk": 21, "model": "admin.logentry", "fields": {"object_id": "9", "change_message": "", "action_time": "2014-07-02T23:57:22.469Z", "action_flag": 1, "object_repr": "Comedy", "user": 1, "content_type": 10}}, {"pk": 22, "model": "admin.logentry", "fields": {"object_id": "10", "change_message": "", "action_time": "2014-07-02T23:57:32.648Z", "action_flag": 1, "object_repr": "Romantic", "user": 1, "content_type": 10}}, {"pk": 23, "model": "admin.logentry", "fields": {"object_id": "3", "change_message": "", "action_time": "2014-07-02T23:57:56.668Z", "action_flag": 1, "object_repr": "Anime School", "user": 1, "content_type": 9}}, {"pk": 24, "model": "admin.logentry", "fields": {"object_id": "1", "change_message": "", "action_time": "2014-07-03T03:31:03.826Z", "action_flag": 1, "object_repr": "Planned", "user": 1, "content_type": 17}}, {"pk": 25, "model": "admin.logentry", "fields": {"object_id": "2", "change_message": "", "action_time": "2014-07-03T03:31:20.061Z", "action_flag": 1, "object_repr": "Watch", "user": 1, "content_type": 17}}, {"pk": 26, "model": "admin.logentry", "fields": {"object_id": "3", "change_message": "", "action_time": "2014-07-03T03:31:34.793Z", "action_flag": 1, "object_repr": "ReWatching", "user": 1, "content_type": 17}}, {"pk": 27, "model": "admin.logentry", "fields": {"object_id": "4", "change_message": "", "action_time": "2014-07-03T03:32:09.030Z", "action_flag": 1, "object_repr": "Watched", "user": 1, "content_type": 17}}, {"pk": 28, "model": "admin.logentry", "fields": {"object_id": "5", "change_message": "", "action_time": "2014-07-03T03:32:22.779Z", "action_flag": 1, "object_repr": "Deffered", "user": 1, "content_type": 17}}, {"pk": 29, "model": "admin.logentry", "fields": {"object_id": "6", "change_message": "", "action_time": "2014-07-03T03:32:30.822Z", "action_flag": 1, "object_repr": "Dropped", "user": 1, "content_type": 17}}, {"pk": 30, "model": "admin.logentry", "fields": {"object_id": "1", "change_message": "", "action_time": "2014-07-05T11:24:37.294Z", "action_flag": 1, "object_repr": "Seyu", "user": 1, "content_type": 12}}, {"pk": 31, "model": "admin.logentry", "fields": {"object_id": "2", "change_message": "", "action_time": "2014-07-05T11:24:43.412Z", "action_flag": 1, "object_repr": "Produccer", "user": 1, "content_type": 12}}, {"pk": 32, "model": "admin.logentry", "fields": {"object_id": "3", "change_message": "", "action_time": "2014-07-05T11:24:48.218Z", "action_flag": 1, "object_repr": "Scenario", "user": 1, "content_type": 12}}, {"pk": 33, "model": "admin.logentry", "fields": {"object_id": "4", "change_message": "", "action_time": "2014-07-05T11:24:57.138Z", "action_flag": 1, "object_repr": "Original Autor", "user": 1, "content_type": 12}}, {"pk": 34, "model": "admin.logentry", "fields": {"object_id": "11", "change_message": "", "action_time": "2014-07-07T12:41:10.459Z", "action_flag": 1, "object_repr": "Techno Detective", "user": 1, "content_type": 10}}, {"pk": 35, "model": "admin.logentry", "fields": {"object_id": "12", "change_message": "", "action_time": "2014-07-07T12:41:18.460Z", "action_flag": 1, "object_repr": "Nour Detective", "user": 1, "content_type": 10}}, {"pk": 36, "model": "admin.logentry", "fields": {"object_id": "13", "change_message": "", "action_time": "2014-07-07T12:41:25.179Z", "action_flag": 1, "object_repr": "Criminalystic", "user": 1, "content_type": 10}}, {"pk": 37, "model": "admin.logentry", "fields": {"object_id": "14", "change_message": "", "action_time": "2014-07-07T12:41:32.888Z", "action_flag": 1, "object_repr": "Detective", "user": 1, "content_type": 10}}, {"pk": 38, "model": "admin.logentry", "fields": {"object_id": "4", "change_message": "", "action_time": "2014-07-07T12:41:51.198Z", "action_flag": 1, "object_repr": "Detectives", "user": 1, "content_type": 9}}, {"pk": 39, "model": "admin.logentry", "fields": {"object_id": "15", "change_message": "", "action_time": "2014-07-07T13:07:58.843Z", "action_flag": 1, "object_repr": "Sci-Fi", "user": 1, "content_type": 10}}, {"pk": 40, "model": "admin.logentry", "fields": {"object_id": "16", "change_message": "", "action_time": "2014-07-07T13:08:09.621Z", "action_flag": 1, "object_repr": "Fantstic", "user": 1, "content_type": 10}}, {"pk": 41, "model": "admin.logentry", "fields": {"object_id": "17", "change_message": "", "action_time": "2014-07-07T13:08:19.234Z", "action_flag": 1, "object_repr": "Psycology", "user": 1, "content_type": 10}}, {"pk": 42, "model": "admin.logentry", "fields": {"object_id": "5", "change_message": "", "action_time": "2014-07-07T13:09:00.687Z", "action_flag": 1, "object_repr": "Anime Standart", "user": 1, "content_type": 9}}, {"pk": 43, "model": "admin.logentry", "fields": {"object_id": "18", "change_message": "", "action_time": "2014-07-07T13:17:06.918Z", "action_flag": 1, "object_repr": "Horror", "user": 1, "content_type": 10}}, {"pk": 44, "model": "admin.logentry", "fields": {"object_id": "19", "change_message": "", "action_time": "2014-07-07T13:17:12.455Z", "action_flag": 1, "object_repr": "Supernatural", "user": 1, "content_type": 10}}, {"pk": 45, "model": "admin.logentry", "fields": {"object_id": "5", "change_message": "Changed genres.", "action_time": "2014-07-07T13:17:43.272Z", "action_flag": 2, "object_repr": "Anime Standart", "user": 1, "content_type": 9}}, {"pk": 46, "model": "admin.logentry", "fields": {"object_id": "20", "change_message": "", "action_time": "2014-07-07T13:19:27.524Z", "action_flag": 1, "object_repr": "Triller", "user": 1, "content_type": 10}}, {"pk": 47, "model": "admin.logentry", "fields": {"object_id": "5", "change_message": "Changed genres.", "action_time": "2014-07-07T13:19:44.610Z", "action_flag": 2, "object_repr": "Anime Standart", "user": 1, "content_type": 9}}, {"pk": 48, "model": "admin.logentry", "fields": {"object_id": "21", "change_message": "", "action_time": "2014-07-07T13:20:42.591Z", "action_flag": 1, "object_repr": "Drama", "user": 1, "content_type": 10}}, {"pk": 49, "model": "admin.logentry", "fields": {"object_id": "5", "change_message": "Changed genres.", "action_time": "2014-07-07T13:20:51.815Z", "action_flag": 2, "object_repr": "Anime Standart", "user": 1, "content_type": 9}}]