[{"fields": {"app_label": "admin", "name": "log entry", "model": "logentry"}, "pk": 1, "model": "contenttypes.contenttype"}, {"fields": {"app_label": "auth", "name": "permission", "model": "permission"}, "pk": 2, "model": "contenttypes.contenttype"}, {"fields": {"app_label": "auth", "name": "group", "model": "group"}, "pk": 3, "model": "contenttypes.contenttype"}, {"fields": {"app_label": "auth", "name": "user", "model": "user"}, "pk": 4, "model": "contenttypes.contenttype"}, {"fields": {"app_label": "contenttypes", "name": "content type", "model": "contenttype"}, "pk": 5, "model": "contenttypes.contenttype"}, {"fields": {"app_label": "sessions", "name": "session", "model": "session"}, "pk": 6, "model": "contenttypes.contenttype"}, {"fields": {"app_label": "myapp", "name": "category group", "model": "categorygroup"}, "pk": 7, "model": "contenttypes.contenttype"}, {"fields": {"app_label": "myapp", "name": "category", "model": "category"}, "pk": 8, "model": "contenttypes.contenttype"}, {"fields": {"app_label": "myapp", "name": "genre group", "model": "genregroup"}, "pk": 9, "model": "contenttypes.contenttype"}, {"fields": {"app_label": "myapp", "name": "genre", "model": "genre"}, "pk": 10, "model": "contenttypes.contenttype"}, {"fields": {"app_label": "myapp", "name": "alt name", "model": "altname"}, "pk": 11, "model": "contenttypes.contenttype"}, {"fields": {"app_label": "myapp", "name": "employ", "model": "employ"}, "pk": 12, "model": "contenttypes.contenttype"}, {"fields": {"app_label": "myapp", "name": "creator", "model": "creator"}, "pk": 13, "model": "contenttypes.contenttype"}, {"fields": {"app_label": "myapp", "name": "hero", "model": "hero"}, "pk": 14, "model": "contenttypes.contenttype"}, {"fields": {"app_label": "myapp", "name": "product", "model": "product"}, "pk": 15, "model": "contenttypes.contenttype"}, {"fields": {"app_label": "myapp", "name": "serie", "model": "serie"}, "pk": 16, "model": "contenttypes.contenttype"}, {"fields": {"app_label": "myapp", "name": "status", "model": "status"}, "pk": 17, "model": "contenttypes.contenttype"}, {"fields": {"app_label": "myapp", "name": "user list", "model": "userlist"}, "pk": 18, "model": "contenttypes.contenttype"}, {"fields": {"app_label": "myapp", "name": "serie list", "model": "serielist"}, "pk": 19, "model": "contenttypes.contenttype"}, {"fields": {"app_label": "south", "name": "migration history", "model": "migrationhistory"}, "pk": 20, "model": "contenttypes.contenttype"}, {"fields": {"app_label": "easy_thumbnails", "name": "source", "model": "source"}, "pk": 21, "model": "contenttypes.contenttype"}, {"fields": {"app_label": "easy_thumbnails", "name": "thumbnail", "model": "thumbnail"}, "pk": 22, "model": "contenttypes.contenttype"}, {"fields": {"app_label": "easy_thumbnails", "name": "thumbnail dimensions", "model": "thumbnaildimensions"}, "pk": 23, "model": "contenttypes.contenttype"}, {"fields": {"app_label": "myapp", "name": "raiting", "model": "raiting"}, "pk": 24, "model": "contenttypes.contenttype"}, {"fields": {"app_label": "authtoken", "name": "token", "model": "token"}, "pk": 25, "model": "contenttypes.contenttype"}, {"fields": {"app_label": "myapp", "name": "series group", "model": "seriesgroup"}, "pk": 26, "model": "contenttypes.contenttype"}, {"fields": {"app_label": "myapp", "name": "creator employs", "model": "creatoremploys"}, "pk": 27, "model": "contenttypes.contenttype"}, {"fields": {"expire_date": "2014-08-04T08:35:19.163Z", "session_data": "NzE3ZTkzYjllZjljZjU0YzA2YTEwNzZlZGZlOTk5YTBkMTc5ZDRjMTp7fQ=="}, "pk": "e6kyg8y4k4tlqxd3vwjc1pe4c8s232pt", "model": "sessions.session"}, {"fields": {"expire_date": "2014-07-28T08:13:28.367Z", "session_data": "ZDVkMzViOWJmZjVhOGQ4ZDY0NmFjOGE5ZjE4MjE4ZTVhMDNiYzQwMzp7Il9hdXRoX3VzZXJfYmFja2VuZCI6ImRqYW5nby5jb250cmliLmF1dGguYmFja2VuZHMuTW9kZWxCYWNrZW5kIiwiX2F1dGhfdXNlcl9pZCI6MX0="}, "pk": "g39avyq1j5cvr2x7k4of5yldn3hbpun1", "model": "sessions.session"}, {"fields": {"expire_date": "2014-08-23T11:25:20.407Z", "session_data": "ZDVkMzViOWJmZjVhOGQ4ZDY0NmFjOGE5ZjE4MjE4ZTVhMDNiYzQwMzp7Il9hdXRoX3VzZXJfYmFja2VuZCI6ImRqYW5nby5jb250cmliLmF1dGguYmFja2VuZHMuTW9kZWxCYWNrZW5kIiwiX2F1dGhfdXNlcl9pZCI6MX0="}, "pk": "nkvdvzvo27cseilgttp0tgh0ltx5grgu", "model": "sessions.session"}, {"fields": {"expire_date": "2014-08-19T20:16:46.578Z", "session_data": "ZDVkMzViOWJmZjVhOGQ4ZDY0NmFjOGE5ZjE4MjE4ZTVhMDNiYzQwMzp7Il9hdXRoX3VzZXJfYmFja2VuZCI6ImRqYW5nby5jb250cmliLmF1dGguYmFja2VuZHMuTW9kZWxCYWNrZW5kIiwiX2F1dGhfdXNlcl9pZCI6MX0="}, "pk": "pvlfe0f6pogcn4irvp4ci49jig3ul8b9", "model": "sessions.session"}, {"fields": {"app_name": "easy_thumbnails", "applied": "2014-07-02T09:56:14.028Z", "migration": "0001_initial"}, "pk": 1, "model": "south.migrationhistory"}, {"fields": {"app_name": "easy_thumbnails", "applied": "2014-07-02T09:56:14.161Z", "migration": "0002_filename_indexes"}, "pk": 2, "model": "south.migrationhistory"}, {"fields": {"app_name": "easy_thumbnails", "applied": "2014-07-02T09:56:14.330Z", "migration": "0003_auto__add_storagenew"}, "pk": 3, "model": "south.migrationhistory"}, {"fields": {"app_name": "easy_thumbnails", "applied": "2014-07-02T09:56:14.431Z", "migration": "0004_auto__add_field_source_storage_new__add_field_thumbnail_storage_new"}, "pk": 4, "model": "south.migrationhistory"}, {"fields": {"app_name": "easy_thumbnails", "applied": "2014-07-02T09:56:14.568Z", "migration": "0005_storage_fks_null"}, "pk": 5, "model": "south.migrationhistory"}, {"fields": {"app_name": "easy_thumbnails", "applied": "2014-07-02T09:56:14.590Z", "migration": "0006_copy_storage"}, "pk": 6, "model": "south.migrationhistory"}, {"fields": {"app_name": "easy_thumbnails", "applied": "2014-07-02T09:56:14.715Z", "migration": "0007_storagenew_fks_not_null"}, "pk": 7, "model": "south.migrationhistory"}, {"fields": {"app_name": "easy_thumbnails", "applied": "2014-07-02T09:56:14.734Z", "migration": "0008_auto__del_field_source_storage__del_field_thumbnail_storage"}, "pk": 8, "model": "south.migrationhistory"}, {"fields": {"app_name": "easy_thumbnails", "applied": "2014-07-02T09:56:14.754Z", "migration": "0009_auto__del_storage"}, "pk": 9, "model": "south.migrationhistory"}, {"fields": {"app_name": "easy_thumbnails", "applied": "2014-07-02T09:56:14.781Z", "migration": "0010_rename_storage"}, "pk": 10, "model": "south.migrationhistory"}, {"fields": {"app_name": "easy_thumbnails", "applied": "2014-07-02T09:56:15.159Z", "migration": "0011_auto__add_field_source_storage_hash__add_field_thumbnail_storage_hash"}, "pk": 11, "model": "south.migrationhistory"}, {"fields": {"app_name": "easy_thumbnails", "applied": "2014-07-02T09:56:15.188Z", "migration": "0012_build_storage_hashes"}, "pk": 12, "model": "south.migrationhistory"}, {"fields": {"app_name": "easy_thumbnails", "applied": "2014-07-02T09:56:15.314Z", "migration": "0013_auto__del_storage__del_field_source_storage__del_field_thumbnail_stora"}, "pk": 13, "model": "south.migrationhistory"}, {"fields": {"app_name": "easy_thumbnails", "applied": "2014-07-02T09:56:15.437Z", "migration": "0014_auto__add_unique_source_name_storage_hash__add_unique_thumbnail_name_s"}, "pk": 14, "model": "south.migrationhistory"}, {"fields": {"app_name": "easy_thumbnails", "applied": "2014-07-02T09:56:15.539Z", "migration": "0015_auto__del_unique_thumbnail_name_storage_hash__add_unique_thumbnail_sou"}, "pk": 15, "model": "south.migrationhistory"}, {"fields": {"app_name": "easy_thumbnails", "applied": "2014-07-02T09:56:15.653Z", "migration": "0016_auto__add_thumbnaildimensions"}, "pk": 16, "model": "south.migrationhistory"}, {"fields": {"app_name": "myapp", "applied": "2014-07-02T10:06:34.092Z", "migration": "0001_initial"}, "pk": 17, "model": "south.migrationhistory"}, {"fields": {"app_name": "myapp", "applied": "2014-07-02T10:08:24.450Z", "migration": "0002_auto__del_field_genre_group"}, "pk": 18, "model": "south.migrationhistory"}, {"fields": {"app_name": "myapp", "applied": "2014-07-02T20:15:42.793Z", "migration": "0003_auto__add_field_serie_length"}, "pk": 19, "model": "south.migrationhistory"}, {"fields": {"app_name": "myapp", "applied": "2014-07-02T23:10:12.828Z", "migration": "0004_auto__add_raiting__add_field_product_old_limit"}, "pk": 20, "model": "south.migrationhistory"}, {"fields": {"app_name": "myapp", "applied": "2014-07-03T13:08:47.294Z", "migration": "0005_auto__chg_field_userlist_score"}, "pk": 21, "model": "south.migrationhistory"}, {"fields": {"app_name": "myapp", "applied": "2014-07-04T13:56:55.589Z", "migration": "0006_auto__del_field_serielist_user_list__add_field_serielist_user"}, "pk": 22, "model": "south.migrationhistory"}, {"fields": {"app_name": "myapp", "applied": "2014-07-04T13:58:28.234Z", "migration": "0007_auto__del_field_serielist_user__add_field_serielist_user_list"}, "pk": 23, "model": "south.migrationhistory"}, {"fields": {"app_name": "authtoken", "applied": "2014-07-23T12:28:55.402Z", "migration": "0001_initial"}, "pk": 24, "model": "south.migrationhistory"}, {"fields": {"app_name": "myapp", "applied": "2014-07-26T11:59:43.302Z", "migration": "0008_auto__add_seriesgroup__chg_field_serie_length__chg_field_serie_num_sea"}, "pk": 25, "model": "south.migrationhistory"}, {"fields": {"app_name": "myapp", "applied": "2014-07-29T08:30:25.257Z", "migration": "0009_auto__del_field_serie_product__add_field_seriesgroup_product"}, "pk": 26, "model": "south.migrationhistory"}, {"fields": {"app_name": "myapp", "applied": "2014-07-29T08:32:13.390Z", "migration": "0010_auto__del_field_serie_num_season__add_field_serie_season"}, "pk": 27, "model": "south.migrationhistory"}, {"fields": {"app_name": "django_extensions", "applied": "2014-08-07T09:23:49.573Z", "migration": "0001_empty"}, "pk": 28, "model": "south.migrationhistory"}, {"fields": {"app_name": "myapp", "applied": "2014-08-12T06:27:23.579Z", "migration": "0011_auto__add_creatoremploys"}, "pk": 29, "model": "south.migrationhistory"}, {"fields": {"app_name": "myapp", "applied": "2014-08-12T06:29:26.568Z", "migration": "0012_auto__del_field_creator_employ"}, "pk": 30, "model": "south.migrationhistory"}, {"fields": {"app_name": "myapp", "applied": "2014-08-12T06:38:08.200Z", "migration": "0013_auto"}, "pk": 31, "model": "south.migrationhistory"}, {"fields": {"app_name": "myapp", "applied": "2014-08-12T06:55:56.269Z", "migration": "0014_auto"}, "pk": 32, "model": "south.migrationhistory"}, {"fields": {"app_name": "myapp", "applied": "2014-08-12T13:54:51.071Z", "migration": "0015_auto__del_field_hero_actor"}, "pk": 33, "model": "south.migrationhistory"}, {"fields": {"app_name": "myapp", "applied": "2014-08-12T13:57:12.351Z", "migration": "0016_auto__add_field_hero_actors__chg_field_hero_avatar"}, "pk": 34, "model": "south.migrationhistory"}, {"fields": {"app_name": "myapp", "applied": "2014-08-12T13:57:39.965Z", "migration": "0017_auto__chg_field_hero_actors"}, "pk": 35, "model": "south.migrationhistory"}, {"fields": {"app_name": "myapp", "applied": "2014-08-12T17:57:30.924Z", "migration": "0018_auto__del_field_hero_actors__add_field_hero_actor"}, "pk": 36, "model": "south.migrationhistory"}, {"fields": {"modified": "2014-07-07T18:45:44.525Z", "storage_hash": "f9bde26a1556cd667f742bd34ec7c55e", "name": "/home/ctulhu/anylist/anylist/media/img000030.gif_res_1.jpg"}, "pk": 1, "model": "easy_thumbnails.source"}, {"fields": {"modified": "2014-07-07T18:45:44.591Z", "storage_hash": "f9bde26a1556cd667f742bd34ec7c55e", "name": "/home/ctulhu/anylist/anylist/media/095bb7110ab59582f7c668e7fe259e41_bp_1.jpg"}, "pk": 2, "model": "easy_thumbnails.source"}, {"fields": {"modified": "2014-07-14T08:12:18.931Z", "storage_hash": "f9bde26a1556cd667f742bd34ec7c55e", "name": "/home/ctulhu/anylist/anylist/media/images.duckduckgo.com_1.jpeg"}, "pk": 3, "model": "easy_thumbnails.source"}, {"fields": {"modified": "2014-07-14T08:14:18.003Z", "storage_hash": "f9bde26a1556cd667f742bd34ec7c55e", "name": "/home/ctulhu/anylist/anylist/media/manga_1.jpg"}, "pk": 4, "model": "easy_thumbnails.source"}, {"fields": {"modified": "2014-07-14T08:14:40.101Z", "storage_hash": "f9bde26a1556cd667f742bd34ec7c55e", "name": "/home/ctulhu/anylist/anylist/media/anime_2.jpg"}, "pk": 5, "model": "easy_thumbnails.source"}, {"fields": {"modified": "2014-07-19T13:36:56.894Z", "storage_hash": "f9bde26a1556cd667f742bd34ec7c55e", "name": "/home/ctulhu/anylist/anylist/media/novells_1.jpg"}, "pk": 6, "model": "easy_thumbnails.source"}, {"fields": {"modified": "2014-07-19T13:37:49.638Z", "storage_hash": "f9bde26a1556cd667f742bd34ec7c55e", "name": "/home/ctulhu/anylist/anylist/media/visualkey_1.jpg"}, "pk": 7, "model": "easy_thumbnails.source"}, {"fields": {"modified": "2014-07-19T13:38:48.553Z", "storage_hash": "f9bde26a1556cd667f742bd34ec7c55e", "name": "/home/ctulhu/anylist/anylist/media/d_books_1.jpg"}, "pk": 8, "model": "easy_thumbnails.source"}, {"fields": {"modified": "2014-07-19T13:44:14.976Z", "storage_hash": "f9bde26a1556cd667f742bd34ec7c55e", "name": "/home/ctulhu/anylist/anylist/media/comix_1.jpg"}, "pk": 9, "model": "easy_thumbnails.source"}, {"fields": {"modified": "2014-07-19T13:44:15.075Z", "storage_hash": "f9bde26a1556cd667f742bd34ec7c55e", "name": "/home/ctulhu/anylist/anylist/media/jp_games_1.jpg"}, "pk": 10, "model": "easy_thumbnails.source"}, {"fields": {"modified": "2014-07-19T13:45:23.142Z", "storage_hash": "f9bde26a1556cd667f742bd34ec7c55e", "name": "/home/ctulhu/anylist/anylist/media/f_books_1.jpg"}, "pk": 11, "model": "easy_thumbnails.source"}, {"fields": {"modified": "2014-07-19T13:45:23.198Z", "storage_hash": "f9bde26a1556cd667f742bd34ec7c55e", "name": "/home/ctulhu/anylist/anylist/media/f_serial_1.jpg"}, "pk": 12, "model": "easy_thumbnails.source"}, {"fields": {"modified": "2014-08-09T17:30:52.748Z", "storage_hash": "f9bde26a1556cd667f742bd34ec7c55e", "name": "/home/ctulhu/anylist/anylist/media/23079.jpg"}, "pk": 13, "model": "easy_thumbnails.source"}, {"fields": {"modified": "2014-08-09T17:30:52.749Z", "storage_hash": "f9bde26a1556cd667f742bd34ec7c55e", "name": "/home/ctulhu/anylist/anylist/media/50.jpg"}, "pk": 14, "model": "easy_thumbnails.source"}, {"fields": {"modified": "2014-08-09T17:30:53.157Z", "storage_hash": "f9bde26a1556cd667f742bd34ec7c55e", "name": "/home/ctulhu/anylist/anylist/media/11759.jpg"}, "pk": 15, "model": "easy_thumbnails.source"}, {"fields": {"modified": "2014-08-09T17:30:53.210Z", "storage_hash": "f9bde26a1556cd667f742bd34ec7c55e", "name": "/home/ctulhu/anylist/anylist/media/20785.jpg"}, "pk": 16, "model": "easy_thumbnails.source"}, {"fields": {"modified": "2014-08-09T17:30:53.227Z", "storage_hash": "f9bde26a1556cd667f742bd34ec7c55e", "name": "/home/ctulhu/anylist/anylist/media/857.jpg"}, "pk": 17, "model": "easy_thumbnails.source"}, {"fields": {"modified": "2014-08-09T17:30:53.251Z", "storage_hash": "f9bde26a1556cd667f742bd34ec7c55e", "name": "/home/ctulhu/anylist/anylist/media/22199.jpg"}, "pk": 18, "model": "easy_thumbnails.source"}, {"fields": {"modified": "2014-08-09T17:30:53.317Z", "storage_hash": "f9bde26a1556cd667f742bd34ec7c55e", "name": "/home/ctulhu/anylist/anylist/media/12149.jpg"}, "pk": 19, "model": "easy_thumbnails.source"}, {"fields": {"modified": "2014-08-09T17:30:53.319Z", "storage_hash": "f9bde26a1556cd667f742bd34ec7c55e", "name": "/home/ctulhu/anylist/anylist/media/23283.jpg"}, "pk": 20, "model": "easy_thumbnails.source"}, {"fields": {"modified": "2014-08-09T17:30:53.376Z", "storage_hash": "f9bde26a1556cd667f742bd34ec7c55e", "name": "/home/ctulhu/anylist/anylist/media/14941.jpg"}, "pk": 21, "model": "easy_thumbnails.source"}, {"fields": {"modified": "2014-08-09T17:30:53.437Z", "storage_hash": "f9bde26a1556cd667f742bd34ec7c55e", "name": "/home/ctulhu/anylist/anylist/media/14669.jpg"}, "pk": 22, "model": "easy_thumbnails.source"}, {"fields": {"modified": "2014-08-09T17:30:53.438Z", "storage_hash": "f9bde26a1556cd667f742bd34ec7c55e", "name": "/home/ctulhu/anylist/anylist/media/19429.jpg"}, "pk": 23, "model": "easy_thumbnails.source"}, {"fields": {"modified": "2014-08-09T17:30:53.490Z", "storage_hash": "f9bde26a1556cd667f742bd34ec7c55e", "name": "/home/ctulhu/anylist/anylist/media/10196.jpg"}, "pk": 24, "model": "easy_thumbnails.source"}, {"fields": {"modified": "2014-08-09T17:30:53.511Z", "storage_hash": "f9bde26a1556cd667f742bd34ec7c55e", "name": "/home/ctulhu/anylist/anylist/media/15085.jpg"}, "pk": 25, "model": "easy_thumbnails.source"}, {"fields": {"modified": "2014-08-09T17:30:53.567Z", "storage_hash": "f9bde26a1556cd667f742bd34ec7c55e", "name": "/home/ctulhu/anylist/anylist/media/6547.jpg"}, "pk": 26, "model": "easy_thumbnails.source"}, {"fields": {"modified": "2014-08-09T17:30:53.610Z", "storage_hash": "f9bde26a1556cd667f742bd34ec7c55e", "name": "/home/ctulhu/anylist/anylist/media/11111.jpg"}, "pk": 27, "model": "easy_thumbnails.source"}, {"fields": {"modified": "2014-08-09T17:30:53.651Z", "storage_hash": "f9bde26a1556cd667f742bd34ec7c55e", "name": "/home/ctulhu/anylist/anylist/media/11701.jpg"}, "pk": 28, "model": "easy_thumbnails.source"}, {"fields": {"modified": "2014-08-09T17:30:53.691Z", "storage_hash": "f9bde26a1556cd667f742bd34ec7c55e", "name": "/home/ctulhu/anylist/anylist/media/18893.jpg"}, "pk": 29, "model": "easy_thumbnails.source"}, {"fields": {"modified": "2014-08-09T17:30:53.736Z", "storage_hash": "f9bde26a1556cd667f742bd34ec7c55e", "name": "/home/ctulhu/anylist/anylist/media/14373.jpg"}, "pk": 30, "model": "easy_thumbnails.source"}, {"fields": {"modified": "2014-08-09T17:30:53.768Z", "storage_hash": "f9bde26a1556cd667f742bd34ec7c55e", "name": "/home/ctulhu/anylist/anylist/media/12967.jpg"}, "pk": 31, "model": "easy_thumbnails.source"}, {"fields": {"modified": "2014-08-09T17:30:53.860Z", "storage_hash": "f9bde26a1556cd667f742bd34ec7c55e", "name": "/home/ctulhu/anylist/anylist/media/5081.jpg"}, "pk": 32, "model": "easy_thumbnails.source"}, {"fields": {"modified": "2014-08-09T17:30:53.901Z", "storage_hash": "f9bde26a1556cd667f742bd34ec7c55e", "name": "/home/ctulhu/anylist/anylist/media/10030.jpg"}, "pk": 33, "model": "easy_thumbnails.source"}, {"fields": {"modified": "2014-08-09T17:30:53.947Z", "storage_hash": "f9bde26a1556cd667f742bd34ec7c55e", "name": "/home/ctulhu/anylist/anylist/media/12365.jpg"}, "pk": 34, "model": "easy_thumbnails.source"}, {"fields": {"modified": "2014-08-09T17:30:53.998Z", "storage_hash": "f9bde26a1556cd667f742bd34ec7c55e", "name": "/home/ctulhu/anylist/anylist/media/7674.jpg"}, "pk": 35, "model": "easy_thumbnails.source"}, {"fields": {"modified": "2014-08-09T17:33:36.965Z", "storage_hash": "f9bde26a1556cd667f742bd34ec7c55e", "name": "/home/ctulhu/anylist/anylist/media/d_books.jpg"}, "pk": 36, "model": "easy_thumbnails.source"}, {"fields": {"modified": "2014-08-09T17:33:37.170Z", "storage_hash": "f9bde26a1556cd667f742bd34ec7c55e", "name": "/home/ctulhu/anylist/anylist/media/images.duckduckgo.com.jpeg"}, "pk": 37, "model": "easy_thumbnails.source"}, {"fields": {"modified": "2014-08-09T17:33:37.340Z", "storage_hash": "f9bde26a1556cd667f742bd34ec7c55e", "name": "/home/ctulhu/anylist/anylist/media/comix.jpg"}, "pk": 38, "model": "easy_thumbnails.source"}, {"fields": {"modified": "2014-08-09T17:33:37.381Z", "storage_hash": "f9bde26a1556cd667f742bd34ec7c55e", "name": "/home/ctulhu/anylist/anylist/media/f_books.jpg"}, "pk": 39, "model": "easy_thumbnails.source"}, {"fields": {"modified": "2014-08-09T17:33:37.415Z", "storage_hash": "f9bde26a1556cd667f742bd34ec7c55e", "name": "/home/ctulhu/anylist/anylist/media/f_serial.jpg"}, "pk": 40, "model": "easy_thumbnails.source"}, {"fields": {"modified": "2014-08-09T17:33:37.540Z", "storage_hash": "f9bde26a1556cd667f742bd34ec7c55e", "name": "/home/ctulhu/anylist/anylist/media/jp_games.jpg"}, "pk": 41, "model": "easy_thumbnails.source"}, {"fields": {"modified": "2014-08-09T17:33:37.602Z", "storage_hash": "f9bde26a1556cd667f742bd34ec7c55e", "name": "/home/ctulhu/anylist/anylist/media/anime_1.jpg"}, "pk": 42, "model": "easy_thumbnails.source"}, {"fields": {"modified": "2014-08-09T17:33:37.805Z", "storage_hash": "f9bde26a1556cd667f742bd34ec7c55e", "name": "/home/ctulhu/anylist/anylist/media/manga.jpg"}, "pk": 43, "model": "easy_thumbnails.source"}, {"fields": {"modified": "2014-08-09T17:33:37.839Z", "storage_hash": "f9bde26a1556cd667f742bd34ec7c55e", "name": "/home/ctulhu/anylist/anylist/media/novells.jpg"}, "pk": 44, "model": "easy_thumbnails.source"}, {"fields": {"modified": "2014-08-09T17:33:37.942Z", "storage_hash": "f9bde26a1556cd667f742bd34ec7c55e", "name": "/home/ctulhu/anylist/anylist/media/visualkey.jpg"}, "pk": 45, "model": "easy_thumbnails.source"}, {"fields": {"modified": "2014-07-07T18:45:44.546Z", "source": 1, "storage_hash": "d26becbf46ac48eda79c7a39a13a02dd", "name": "/home/ctulhu/anylist/anylist/media/img000030.gif_res_1.jpg.75x75_q85_crop.jpg"}, "pk": 1, "model": "easy_thumbnails.thumbnail"}, {"fields": {"modified": "2014-07-07T18:45:44.601Z", "source": 2, "storage_hash": "d26becbf46ac48eda79c7a39a13a02dd", "name": "/home/ctulhu/anylist/anylist/media/095bb7110ab59582f7c668e7fe259e41_bp_1.jpg.75x75_q85_crop.jpg"}, "pk": 2, "model": "easy_thumbnails.thumbnail"}, {"fields": {"modified": "2014-07-14T08:12:19.084Z", "source": 3, "storage_hash": "d26becbf46ac48eda79c7a39a13a02dd", "name": "/home/ctulhu/anylist/anylist/media/images.duckduckgo.com_1.jpeg.75x75_q85_crop.jpg"}, "pk": 3, "model": "easy_thumbnails.thumbnail"}, {"fields": {"modified": "2014-07-14T08:14:18.035Z", "source": 4, "storage_hash": "d26becbf46ac48eda79c7a39a13a02dd", "name": "/home/ctulhu/anylist/anylist/media/manga_1.jpg.75x75_q85_crop.jpg"}, "pk": 4, "model": "easy_thumbnails.thumbnail"}, {"fields": {"modified": "2014-07-14T08:14:40.125Z", "source": 5, "storage_hash": "d26becbf46ac48eda79c7a39a13a02dd", "name": "/home/ctulhu/anylist/anylist/media/anime_2.jpg.75x75_q85_crop.jpg"}, "pk": 5, "model": "easy_thumbnails.thumbnail"}, {"fields": {"modified": "2014-07-19T13:36:57.035Z", "source": 6, "storage_hash": "d26becbf46ac48eda79c7a39a13a02dd", "name": "/home/ctulhu/anylist/anylist/media/novells_1.jpg.75x75_q85_crop.jpg"}, "pk": 6, "model": "easy_thumbnails.thumbnail"}, {"fields": {"modified": "2014-07-19T13:37:49.660Z", "source": 7, "storage_hash": "d26becbf46ac48eda79c7a39a13a02dd", "name": "/home/ctulhu/anylist/anylist/media/visualkey_1.jpg.75x75_q85_crop.jpg"}, "pk": 7, "model": "easy_thumbnails.thumbnail"}, {"fields": {"modified": "2014-07-19T13:38:48.574Z", "source": 8, "storage_hash": "d26becbf46ac48eda79c7a39a13a02dd", "name": "/home/ctulhu/anylist/anylist/media/d_books_1.jpg.75x75_q85_crop.jpg"}, "pk": 8, "model": "easy_thumbnails.thumbnail"}, {"fields": {"modified": "2014-07-19T13:44:15.001Z", "source": 9, "storage_hash": "d26becbf46ac48eda79c7a39a13a02dd", "name": "/home/ctulhu/anylist/anylist/media/comix_1.jpg.75x75_q85_crop.jpg"}, "pk": 9, "model": "easy_thumbnails.thumbnail"}, {"fields": {"modified": "2014-07-19T13:44:15.079Z", "source": 10, "storage_hash": "d26becbf46ac48eda79c7a39a13a02dd", "name": "/home/ctulhu/anylist/anylist/media/jp_games_1.jpg.75x75_q85_crop.jpg"}, "pk": 10, "model": "easy_thumbnails.thumbnail"}, {"fields": {"modified": "2014-07-19T13:45:23.160Z", "source": 11, "storage_hash": "d26becbf46ac48eda79c7a39a13a02dd", "name": "/home/ctulhu/anylist/anylist/media/f_books_1.jpg.75x75_q85_crop.jpg"}, "pk": 11, "model": "easy_thumbnails.thumbnail"}, {"fields": {"modified": "2014-07-19T13:45:23.205Z", "source": 12, "storage_hash": "d26becbf46ac48eda79c7a39a13a02dd", "name": "/home/ctulhu/anylist/anylist/media/f_serial_1.jpg.75x75_q85_crop.jpg"}, "pk": 12, "model": "easy_thumbnails.thumbnail"}, {"fields": {"modified": "2014-08-09T17:30:53.002Z", "source": 14, "storage_hash": "d26becbf46ac48eda79c7a39a13a02dd", "name": "/home/ctulhu/anylist/anylist/media/50.jpg.240x320_q85_crop.jpg"}, "pk": 13, "model": "easy_thumbnails.thumbnail"}, {"fields": {"modified": "2014-08-09T17:30:53.013Z", "source": 13, "storage_hash": "d26becbf46ac48eda79c7a39a13a02dd", "name": "/home/ctulhu/anylist/anylist/media/23079.jpg.240x320_q85_crop.jpg"}, "pk": 14, "model": "easy_thumbnails.thumbnail"}, {"fields": {"modified": "2014-08-09T17:30:53.191Z", "source": 15, "storage_hash": "d26becbf46ac48eda79c7a39a13a02dd", "name": "/home/ctulhu/anylist/anylist/media/11759.jpg.240x320_q85_crop.jpg"}, "pk": 15, "model": "easy_thumbnails.thumbnail"}, {"fields": {"modified": "2014-08-09T17:30:53.224Z", "source": 16, "storage_hash": "d26becbf46ac48eda79c7a39a13a02dd", "name": "/home/ctulhu/anylist/anylist/media/20785.jpg.240x320_q85_crop.jpg"}, "pk": 16, "model": "easy_thumbnails.thumbnail"}, {"fields": {"modified": "2014-08-09T17:30:53.248Z", "source": 17, "storage_hash": "d26becbf46ac48eda79c7a39a13a02dd", "name": "/home/ctulhu/anylist/anylist/media/857.jpg.240x320_q85_crop.jpg"}, "pk": 17, "model": "easy_thumbnails.thumbnail"}, {"fields": {"modified": "2014-08-09T17:30:53.268Z", "source": 18, "storage_hash": "d26becbf46ac48eda79c7a39a13a02dd", "name": "/home/ctulhu/anylist/anylist/media/22199.jpg.240x320_q85_crop.jpg"}, "pk": 18, "model": "easy_thumbnails.thumbnail"}, {"fields": {"modified": "2014-08-09T17:30:53.335Z", "source": 19, "storage_hash": "d26becbf46ac48eda79c7a39a13a02dd", "name": "/home/ctulhu/anylist/anylist/media/12149.jpg.240x320_q85_crop.jpg"}, "pk": 19, "model": "easy_thumbnails.thumbnail"}, {"fields": {"modified": "2014-08-09T17:30:53.347Z", "source": 20, "storage_hash": "d26becbf46ac48eda79c7a39a13a02dd", "name": "/home/ctulhu/anylist/anylist/media/23283.jpg.240x320_q85_crop.jpg"}, "pk": 20, "model": "easy_thumbnails.thumbnail"}, {"fields": {"modified": "2014-08-09T17:30:53.392Z", "source": 21, "storage_hash": "d26becbf46ac48eda79c7a39a13a02dd", "name": "/home/ctulhu/anylist/anylist/media/14941.jpg.240x320_q85_crop.jpg"}, "pk": 21, "model": "easy_thumbnails.thumbnail"}, {"fields": {"modified": "2014-08-09T17:30:53.446Z", "source": 22, "storage_hash": "d26becbf46ac48eda79c7a39a13a02dd", "name": "/home/ctulhu/anylist/anylist/media/14669.jpg.240x320_q85_crop.jpg"}, "pk": 22, "model": "easy_thumbnails.thumbnail"}, {"fields": {"modified": "2014-08-09T17:30:53.457Z", "source": 23, "storage_hash": "d26becbf46ac48eda79c7a39a13a02dd", "name": "/home/ctulhu/anylist/anylist/media/19429.jpg.240x320_q85_crop.jpg"}, "pk": 23, "model": "easy_thumbnails.thumbnail"}, {"fields": {"modified": "2014-08-09T17:30:53.502Z", "source": 24, "storage_hash": "d26becbf46ac48eda79c7a39a13a02dd", "name": "/home/ctulhu/anylist/anylist/media/10196.jpg.240x320_q85_crop.jpg"}, "pk": 24, "model": "easy_thumbnails.thumbnail"}, {"fields": {"modified": "2014-08-09T17:30:53.535Z", "source": 25, "storage_hash": "d26becbf46ac48eda79c7a39a13a02dd", "name": "/home/ctulhu/anylist/anylist/media/15085.jpg.240x320_q85_crop.jpg"}, "pk": 25, "model": "easy_thumbnails.thumbnail"}, {"fields": {"modified": "2014-08-09T17:30:53.580Z", "source": 26, "storage_hash": "d26becbf46ac48eda79c7a39a13a02dd", "name": "/home/ctulhu/anylist/anylist/media/6547.jpg.240x320_q85_crop.jpg"}, "pk": 26, "model": "easy_thumbnails.thumbnail"}, {"fields": {"modified": "2014-08-09T17:30:53.624Z", "source": 27, "storage_hash": "d26becbf46ac48eda79c7a39a13a02dd", "name": "/home/ctulhu/anylist/anylist/media/11111.jpg.240x320_q85_crop.jpg"}, "pk": 27, "model": "easy_thumbnails.thumbnail"}, {"fields": {"modified": "2014-08-09T17:30:53.658Z", "source": 28, "storage_hash": "d26becbf46ac48eda79c7a39a13a02dd", "name": "/home/ctulhu/anylist/anylist/media/11701.jpg.240x320_q85_crop.jpg"}, "pk": 28, "model": "easy_thumbnails.thumbnail"}, {"fields": {"modified": "2014-08-09T17:30:53.702Z", "source": 29, "storage_hash": "d26becbf46ac48eda79c7a39a13a02dd", "name": "/home/ctulhu/anylist/anylist/media/18893.jpg.240x320_q85_crop.jpg"}, "pk": 29, "model": "easy_thumbnails.thumbnail"}, {"fields": {"modified": "2014-08-09T17:30:53.746Z", "source": 30, "storage_hash": "d26becbf46ac48eda79c7a39a13a02dd", "name": "/home/ctulhu/anylist/anylist/media/14373.jpg.240x320_q85_crop.jpg"}, "pk": 30, "model": "easy_thumbnails.thumbnail"}, {"fields": {"modified": "2014-08-09T17:30:53.813Z", "source": 31, "storage_hash": "d26becbf46ac48eda79c7a39a13a02dd", "name": "/home/ctulhu/anylist/anylist/media/12967.jpg.240x320_q85_crop.jpg"}, "pk": 31, "model": "easy_thumbnails.thumbnail"}, {"fields": {"modified": "2014-08-09T17:30:53.869Z", "source": 32, "storage_hash": "d26becbf46ac48eda79c7a39a13a02dd", "name": "/home/ctulhu/anylist/anylist/media/5081.jpg.240x320_q85_crop.jpg"}, "pk": 32, "model": "easy_thumbnails.thumbnail"}, {"fields": {"modified": "2014-08-09T17:30:53.914Z", "source": 33, "storage_hash": "d26becbf46ac48eda79c7a39a13a02dd", "name": "/home/ctulhu/anylist/anylist/media/10030.jpg.240x320_q85_crop.jpg"}, "pk": 33, "model": "easy_thumbnails.thumbnail"}, {"fields": {"modified": "2014-08-09T17:30:53.958Z", "source": 34, "storage_hash": "d26becbf46ac48eda79c7a39a13a02dd", "name": "/home/ctulhu/anylist/anylist/media/12365.jpg.240x320_q85_crop.jpg"}, "pk": 34, "model": "easy_thumbnails.thumbnail"}, {"fields": {"modified": "2014-08-09T17:30:54.013Z", "source": 35, "storage_hash": "d26becbf46ac48eda79c7a39a13a02dd", "name": "/home/ctulhu/anylist/anylist/media/7674.jpg.240x320_q85_crop.jpg"}, "pk": 35, "model": "easy_thumbnails.thumbnail"}, {"fields": {"modified": "2014-08-09T17:33:36.977Z", "source": 36, "storage_hash": "d26becbf46ac48eda79c7a39a13a02dd", "name": "/home/ctulhu/anylist/anylist/media/d_books.jpg.320x480_q85_crop.jpg"}, "pk": 36, "model": "easy_thumbnails.thumbnail"}, {"fields": {"modified": "2014-08-09T17:33:37.188Z", "source": 37, "storage_hash": "d26becbf46ac48eda79c7a39a13a02dd", "name": "/home/ctulhu/anylist/anylist/media/images.duckduckgo.com.jpeg.320x480_q85_crop.jpg"}, "pk": 37, "model": "easy_thumbnails.thumbnail"}, {"fields": {"modified": "2014-08-09T17:33:37.355Z", "source": 38, "storage_hash": "d26becbf46ac48eda79c7a39a13a02dd", "name": "/home/ctulhu/anylist/anylist/media/comix.jpg.320x480_q85_crop.jpg"}, "pk": 38, "model": "easy_thumbnails.thumbnail"}, {"fields": {"modified": "2014-08-09T17:33:37.388Z", "source": 39, "storage_hash": "d26becbf46ac48eda79c7a39a13a02dd", "name": "/home/ctulhu/anylist/anylist/media/f_books.jpg.320x480_q85_crop.jpg"}, "pk": 39, "model": "easy_thumbnails.thumbnail"}, {"fields": {"modified": "2014-08-09T17:33:37.421Z", "source": 40, "storage_hash": "d26becbf46ac48eda79c7a39a13a02dd", "name": "/home/ctulhu/anylist/anylist/media/f_serial.jpg.320x480_q85_crop.jpg"}, "pk": 40, "model": "easy_thumbnails.thumbnail"}, {"fields": {"modified": "2014-08-09T17:33:37.555Z", "source": 41, "storage_hash": "d26becbf46ac48eda79c7a39a13a02dd", "name": "/home/ctulhu/anylist/anylist/media/jp_games.jpg.320x480_q85_crop.jpg"}, "pk": 41, "model": "easy_thumbnails.thumbnail"}, {"fields": {"modified": "2014-08-09T17:33:37.622Z", "source": 42, "storage_hash": "d26becbf46ac48eda79c7a39a13a02dd", "name": "/home/ctulhu/anylist/anylist/media/anime_1.jpg.320x480_q85_crop.jpg"}, "pk": 42, "model": "easy_thumbnails.thumbnail"}, {"fields": {"modified": "2014-08-09T17:33:37.810Z", "source": 43, "storage_hash": "d26becbf46ac48eda79c7a39a13a02dd", "name": "/home/ctulhu/anylist/anylist/media/manga.jpg.320x480_q85_crop.jpg"}, "pk": 43, "model": "easy_thumbnails.thumbnail"}, {"fields": {"modified": "2014-08-09T17:33:37.844Z", "source": 44, "storage_hash": "d26becbf46ac48eda79c7a39a13a02dd", "name": "/home/ctulhu/anylist/anylist/media/novells.jpg.320x480_q85_crop.jpg"}, "pk": 44, "model": "easy_thumbnails.thumbnail"}, {"fields": {"modified": "2014-08-09T17:33:37.955Z", "source": 45, "storage_hash": "d26becbf46ac48eda79c7a39a13a02dd", "name": "/home/ctulhu/anylist/anylist/media/visualkey.jpg.320x480_q85_crop.jpg"}, "pk": 45, "model": "easy_thumbnails.thumbnail"}, {"fields": {"name": "Japanese"}, "pk": 1, "model": "myapp.categorygroup"}, {"fields": {"name": "Detectives"}, "pk": 2, "model": "myapp.categorygroup"}, {"fields": {"name": "Fantstic"}, "pk": 3, "model": "myapp.categorygroup"}, {"fields": {"name": "Games"}, "pk": 4, "model": "myapp.categorygroup"}, {"fields": {"name": "G"}, "pk": 1, "model": "myapp.raiting"}, {"fields": {"name": "PG"}, "pk": 2, "model": "myapp.raiting"}, {"fields": {"name": "PG-13"}, "pk": 3, "model": "myapp.raiting"}, {"fields": {"name": "R"}, "pk": 4, "model": "myapp.raiting"}, {"fields": {"name": "NC-17"}, "pk": 5, "model": "myapp.raiting"}, {"fields": {"icon": "/home/ctulhu/anylist/anylist/media/anime_2.jpg", "name": "Anime", "avatar": "/home/ctulhu/anylist/anylist/media/anime_1.jpg", "group": 1}, "pk": 1, "model": "myapp.category"}, {"fields": {"icon": "/home/ctulhu/anylist/anylist/media/manga_1.jpg", "name": "Manga", "avatar": "/home/ctulhu/anylist/anylist/media/manga.jpg", "group": 1}, "pk": 2, "model": "myapp.category"}, {"fields": {"icon": "/home/ctulhu/anylist/anylist/media/images.duckduckgo.com_1.jpeg", "name": "Detective Serial", "avatar": "/home/ctulhu/anylist/anylist/media/images.duckduckgo.com.jpeg", "group": 2}, "pk": 3, "model": "myapp.category"}, {"fields": {"icon": "/home/ctulhu/anylist/anylist/media/novells_1.jpg", "name": "Novells", "avatar": "/home/ctulhu/anylist/anylist/media/novells.jpg", "group": 1}, "pk": 4, "model": "myapp.category"}, {"fields": {"icon": "/home/ctulhu/anylist/anylist/media/visualkey_1.jpg", "name": "Visual Kei", "avatar": "/home/ctulhu/anylist/anylist/media/visualkey.jpg", "group": 1}, "pk": 5, "model": "myapp.category"}, {"fields": {"icon": "/home/ctulhu/anylist/anylist/media/d_books_1.jpg", "name": "Detective Books", "avatar": "/home/ctulhu/anylist/anylist/media/d_books.jpg", "group": 2}, "pk": 6, "model": "myapp.category"}, {"fields": {"icon": "/home/ctulhu/anylist/anylist/media/comix_1.jpg", "name": "Comix", "avatar": "/home/ctulhu/anylist/anylist/media/comix.jpg", "group": 3}, "pk": 7, "model": "myapp.category"}, {"fields": {"icon": "/home/ctulhu/anylist/anylist/media/jp_games_1.jpg", "name": "Games", "avatar": "/home/ctulhu/anylist/anylist/media/jp_games.jpg", "group": 4}, "pk": 8, "model": "myapp.category"}, {"fields": {"icon": "/home/ctulhu/anylist/anylist/media/f_serial_1.jpg", "name": "Fantstic Films", "avatar": "/home/ctulhu/anylist/anylist/media/f_serial.jpg", "group": 3}, "pk": 9, "model": "myapp.category"}, {"fields": {"icon": "/home/ctulhu/anylist/anylist/media/f_books_1.jpg", "name": "Fantstic Books", "avatar": "/home/ctulhu/anylist/anylist/media/f_books.jpg", "group": 3}, "pk": 10, "model": "myapp.category"}, {"fields": {"name": "Shounen"}, "pk": 1, "model": "myapp.genre"}, {"fields": {"name": "Shoujo"}, "pk": 2, "model": "myapp.genre"}, {"fields": {"name": "Seinen"}, "pk": 3, "model": "myapp.genre"}, {"fields": {"name": "Shoujo Ai"}, "pk": 4, "model": "myapp.genre"}, {"fields": {"name": "Shounen Ai"}, "pk": 5, "model": "myapp.genre"}, {"fields": {"name": "Djosay"}, "pk": 6, "model": "myapp.genre"}, {"fields": {"name": "School"}, "pk": 7, "model": "myapp.genre"}, {"fields": {"name": "Harem"}, "pk": 8, "model": "myapp.genre"}, {"fields": {"name": "Comedy"}, "pk": 9, "model": "myapp.genre"}, {"fields": {"name": "Romantic"}, "pk": 10, "model": "myapp.genre"}, {"fields": {"name": "Techno Detective"}, "pk": 11, "model": "myapp.genre"}, {"fields": {"name": "Nour Detective"}, "pk": 12, "model": "myapp.genre"}, {"fields": {"name": "Criminalystic"}, "pk": 13, "model": "myapp.genre"}, {"fields": {"name": "Detective"}, "pk": 14, "model": "myapp.genre"}, {"fields": {"name": "Sci-Fi"}, "pk": 15, "model": "myapp.genre"}, {"fields": {"name": "Fantstic"}, "pk": 16, "model": "myapp.genre"}, {"fields": {"name": "Psycology"}, "pk": 17, "model": "myapp.genre"}, {"fields": {"name": "Horror"}, "pk": 18, "model": "myapp.genre"}, {"fields": {"name": "Supernatural"}, "pk": 19, "model": "myapp.genre"}, {"fields": {"name": "Triller"}, "pk": 20, "model": "myapp.genre"}, {"fields": {"name": "Drama"}, "pk": 21, "model": "myapp.genre"}, {"fields": {"name": "Action"}, "pk": 22, "model": "myapp.genre"}, {"fields": {"name": "Adventure"}, "pk": 23, "model": "myapp.genre"}, {"fields": {"name": "Fantasy"}, "pk": 24, "model": "myapp.genre"}, {"fields": {"name": "Slice of Life"}, "pk": 25, "model": "myapp.genre"}, {"fields": {"name": "Games"}, "pk": 26, "model": "myapp.genre"}, {"fields": {"name": "Magic"}, "pk": 27, "model": "myapp.genre"}, {"fields": {"name": "Sport"}, "pk": 28, "model": "myapp.genre"}, {"fields": {"name": "Etti"}, "pk": 29, "model": "myapp.genre"}, {"fields": {"name": "Music"}, "pk": 30, "model": "myapp.genre"}, {"fields": {"name": "Mysctic"}, "pk": 31, "model": "myapp.genre"}, {"fields": {"name": "Vampires"}, "pk": 32, "model": "myapp.genre"}, {"fields": {"name": "Historical"}, "pk": 33, "model": "myapp.genre"}, {"fields": {"genres": [3, 1, 5], "category": 1, "name": "Anime Male"}, "pk": 1, "model": "myapp.genregroup"}, {"fields": {"genres": [6, 2, 4], "category": 1, "name": "Anime Female"}, "pk": 2, "model": "myapp.genregroup"}, {"fields": {"genres": [9, 29, 8, 10, 7], "category": 1, "name": "Anime School"}, "pk": 3, "model": "myapp.genregroup"}, {"fields": {"genres": [13, 14, 12, 11], "category": 2, "name": "Detectives"}, "pk": 4, "model": "myapp.genregroup"}, {"fields": {"genres": [22, 23, 14, 21, 24, 16, 26, 33, 18, 27, 30, 31, 17, 15, 25, 28, 19, 20, 32], "category": 1, "name": "Anime Standart"}, "pk": 5, "model": "myapp.genregroup"}, {"fields": {"name": "Seyu"}, "pk": 1, "model": "myapp.employ"}, {"fields": {"name": "Produccer"}, "pk": 2, "model": "myapp.employ"}, {"fields": {"name": "Scenario"}, "pk": 3, "model": "myapp.employ"}, {"fields": {"name": "Original Autor"}, "pk": 4, "model": "myapp.employ"}, {"fields": {"name": "Director"}, "pk": 5, "model": "myapp.employ"}, {"fields": {"name": "Compositor"}, "pk": 6, "model": "myapp.employ"}, {"fields": {"name": "Soundtrack"}, "pk": 7, "model": "myapp.employ"}, {"fields": {"name": "Sound Director"}, "pk": 8, "model": "myapp.employ"}, {"fields": {"name": "Opening"}, "pk": 9, "model": "myapp.employ"}, {"fields": {"name": "Ending"}, "pk": 10, "model": "myapp.employ"}, {"fields": {"name": "Yoshimasa Hosoya", "avatar": "/home/ctulhu/anylist/anylist/media/5626.jpg"}, "pk": 1, "model": "myapp.creator"}, {"fields": {"name": "Yuuichi Nakamura", "avatar": "/home/ctulhu/anylist/anylist/media/513.jpg"}, "pk": 5, "model": "myapp.creator"}, {"fields": {"name": "Kana Hanazawa", "avatar": "/home/ctulhu/anylist/anylist/media/185.jpg"}, "pk": 6, "model": "myapp.creator"}, {"fields": {"name": "Mai Nakahara", "avatar": "/home/ctulhu/anylist/anylist/media/31.jpg"}, "pk": 7, "model": "myapp.creator"}, {"fields": {"name": "Saori Hayami", "avatar": "/home/ctulhu/anylist/anylist/media/869.jpg"}, "pk": 8, "model": "myapp.creator"}, {"fields": {"name": "Yoshitsugu Matsuoka", "avatar": "/home/ctulhu/anylist/anylist/media/11817.jpg"}, "pk": 9, "model": "myapp.creator"}, {"fields": {"name": "Miyuki Sawashiro", "avatar": "/home/ctulhu/anylist/anylist/media/99.jpg"}, "pk": 10, "model": "myapp.creator"}, {"fields": {"name": "Reki Kawahara", "avatar": "/home/ctulhu/anylist/anylist/media/11466.jpg"}, "pk": 11, "model": "myapp.creator"}, {"fields": {"name": "Tomohiko Itou", "avatar": "/home/ctulhu/anylist/anylist/media/10801.jpg"}, "pk": 12, "model": "myapp.creator"}, {"fields": {"name": "Yuki Kajiura", "avatar": "/home/ctulhu/anylist/anylist/media/5077.jpg"}, "pk": 13, "model": "myapp.creator"}, {"fields": {"name": "Eir Aoi", "avatar": "/home/ctulhu/anylist/anylist/media/13693.jpg"}, "pk": 14, "model": "myapp.creator"}, {"fields": {"name": "Luna Haruna", "avatar": "/home/ctulhu/anylist/anylist/media/15651.jpg"}, "pk": 15, "model": "myapp.creator"}, {"fields": {"name": "Yoshikazu Iwanami", "avatar": "/home/ctulhu/anylist/anylist/media/6016.jpg"}, "pk": 16, "model": "myapp.creator"}, {"fields": {"name": "Miku Sawai", "avatar": "/home/ctulhu/anylist/anylist/media/15319.jpg"}, "pk": 17, "model": "myapp.creator"}, {"fields": {"name": "Haruka Tomatsu", "avatar": "/home/ctulhu/anylist/anylist/media/890.jpg"}, "pk": 18, "model": "myapp.creator"}, {"fields": {"name": "Kenichirou Matsuda", "avatar": "/home/ctulhu/anylist/anylist/media/10273.jpg"}, "pk": 19, "model": "myapp.creator"}, {"fields": {"name": "Satoshi Tsuruoka", "avatar": "/home/ctulhu/anylist/anylist/media/5539.jpg"}, "pk": 20, "model": "myapp.creator"}, {"fields": {"name": "Anri Katsu", "avatar": "/home/ctulhu/anylist/anylist/media/756.jpg"}, "pk": 21, "model": "myapp.creator"}, {"fields": {"name": "Rina Hidaka", "avatar": "/home/ctulhu/anylist/anylist/media/5250.jpg"}, "pk": 22, "model": "myapp.creator"}, {"fields": {"name": "Natsuki Hanae", "avatar": "/home/ctulhu/anylist/anylist/media/16635.jpg"}, "pk": 23, "model": "myapp.creator"}, {"fields": {"name": "Ayako Kawasumi", "avatar": "/home/ctulhu/anylist/anylist/media/13.jpg"}, "pk": 24, "model": "myapp.creator"}, {"fields": {"name": "Toshiyuki Morikawa", "avatar": "/home/ctulhu/anylist/anylist/media/6.jpg"}, "pk": 25, "model": "myapp.creator"}, {"fields": {"name": "Soichiro Hoshi", "avatar": "/home/ctulhu/anylist/anylist/media/30.jpg"}, "pk": 26, "model": "myapp.creator"}, {"fields": {"name": "KOTOKO", "avatar": "/home/ctulhu/anylist/anylist/media/5076.jpg"}, "pk": 27, "model": "myapp.creator"}, {"fields": {"name": "ALTIMA", "avatar": "/home/ctulhu/anylist/anylist/media/14511.jpg"}, "pk": 28, "model": "myapp.creator"}, {"fields": {"name": "Sachika Misawa", "avatar": "/home/ctulhu/anylist/anylist/media/7337.jpg"}, "pk": 29, "model": "myapp.creator"}, {"fields": {"employ": 1, "creator": 1}, "pk": 1, "model": "myapp.creatoremploys"}, {"fields": {"employ": 1, "creator": 10}, "pk": 2, "model": "myapp.creatoremploys"}, {"fields": {"employ": 1, "creator": 9}, "pk": 3, "model": "myapp.creatoremploys"}, {"fields": {"employ": 5, "creator": 12}, "pk": 4, "model": "myapp.creatoremploys"}, {"fields": {"employ": 6, "creator": 13}, "pk": 5, "model": "myapp.creatoremploys"}, {"fields": {"employ": 4, "creator": 11}, "pk": 6, "model": "myapp.creatoremploys"}, {"fields": {"employ": 8, "creator": 16}, "pk": 7, "model": "myapp.creatoremploys"}, {"fields": {"employ": 9, "creator": 14}, "pk": 8, "model": "myapp.creatoremploys"}, {"fields": {"employ": 10, "creator": 15}, "pk": 9, "model": "myapp.creatoremploys"}, {"fields": {"employ": 1, "creator": 18}, "pk": 10, "model": "myapp.creatoremploys"}, {"fields": {"employ": 1, "creator": 19}, "pk": 11, "model": "myapp.creatoremploys"}, {"fields": {"employ": 1, "creator": 20}, "pk": 12, "model": "myapp.creatoremploys"}, {"fields": {"employ": 1, "creator": 21}, "pk": 13, "model": "myapp.creatoremploys"}, {"fields": {"employ": 1, "creator": 22}, "pk": 15, "model": "myapp.creatoremploys"}, {"fields": {"employ": 1, "creator": 23}, "pk": 16, "model": "myapp.creatoremploys"}, {"fields": {"employ": 1, "creator": 24}, "pk": 17, "model": "myapp.creatoremploys"}, {"fields": {"employ": 1, "creator": 25}, "pk": 18, "model": "myapp.creatoremploys"}, {"fields": {"employ": 1, "creator": 26}, "pk": 19, "model": "myapp.creatoremploys"}, {"fields": {"employ": 1, "creator": 6}, "pk": 20, "model": "myapp.creatoremploys"}, {"fields": {"employ": 7, "creator": 27}, "pk": 21, "model": "myapp.creatoremploys"}, {"fields": {"employ": 7, "creator": 28}, "pk": 22, "model": "myapp.creatoremploys"}, {"fields": {"employ": 1, "creator": 29}, "pk": 23, "model": "myapp.creatoremploys"}, {"fields": {"description": "<p>\u0413\u043b\u0430\u0432\u043d\u044b\u0439 \u0433\u0435\u0440\u043e\u0439 \u0438\u0441\u0442\u043e\u0440\u0438\u0438. \u0423\u0447\u0435\u043d\u0438\u043a \u0432\u0442\u043e\u0440\u043e\u0433\u043e \u043f\u043e\u0442\u043e\u043a\u0430. \u041e\u0447\u0435\u043d\u044c \u0445\u043e\u0440\u043e\u0448 \u0432 \u0442\u0435\u043e\u0440\u0438\u0438 \u043c\u0430\u0433\u0438\u0438, \u043d\u043e \u0441\u043b\u0430\u0431 \u0432 \u043f\u0440\u0430\u043a\u0442\u0438\u0447\u0435\u0441\u043a\u043e\u043c \u043f\u0440\u0438\u043c\u0435\u043d\u0435\u043d\u0438\u0438. \u0421\u043f\u0435\u0446\u0438\u0430\u043b\u0438\u0437\u0438\u0440\u0443\u0435\u0442\u0441\u044f \u043d\u0430 \u043f\u0440\u0435\u0440\u044b\u0432\u0430\u043d\u0438\u0438 \u0437\u0430\u043a\u043b\u0438\u043d\u0430\u043d\u0438\u0439. \u041e\u0431\u043b\u0430\u0434\u0430\u0435\u0442 \u0440\u0435\u0434\u043a\u0438\u043c \u043d\u0430\u0432\u044b\u043a\u043e\u043c \u0447\u0442\u0435\u043d\u0438\u044f \u0434\u0430\u043d\u043d\u044b\u0445 \u0437\u0430\u043a\u043b\u0438\u043d\u0430\u043d\u0438\u044f \u0447\u0442\u043e \u043f\u043e\u0437\u0432\u043e\u043b\u044f\u0435\u0442 \u0435\u043c\u0443 \u043f\u043e\u043d\u0438\u043c\u0430\u0442\u044c \u043f\u0440\u0438\u0440\u043e\u0434\u0443 \u043c\u0430\u0433\u0438\u0438 \u0434\u043e \u0442\u043e\u0433\u043e \u043a\u0430\u043a \u0437\u0430\u043a\u043b\u0438\u043d\u0430\u043d\u0438\u0435 \u0431\u0443\u0434\u0435\u0442 \u0437\u0430\u0432\u0435\u0440\u0448\u0435\u043d\u043e. \u0423\u0447\u0435\u043d\u0438\u043a \u041a\u043e\u043a\u043e\u043d\u043e\u044d \u042f\u043a\u0443\u043c\u043e.<br />\u0420\u043e\u0434\u0438\u043b\u0441\u044f \u0441 \u043e\u0447\u0435\u043d\u044c \u0441\u043b\u0430\u0431\u044b\u043c\u0438 \u0441\u043f\u043e\u0441\u043e\u0431\u043d\u043e\u0441\u0442\u044f\u043c\u0438 \u043a \u043c\u0430\u0433\u0438\u0438</p>", "is_main_hero": null, "name": "Tatsuya Shiba", "avatar": "/home/ctulhu/anylist/anylist/media/55743_4.jpg", "actor": 1}, "pk": 5, "model": "myapp.hero"}, {"fields": {"description": "<p>\u0421\u0435\u0441\u0442\u0440\u0430 \u0422\u0430\u0446\u0443\u0438. \u041f\u0440\u0435\u043a\u0440\u0430\u0441\u043d\u0430\u044f \u0434\u0435\u0432\u0443\u0448\u043a\u0430, \u043a\u043e\u0442\u043e\u0440\u043e\u0439 \u0432\u043e\u0441\u0445\u0438\u0449\u0430\u044e\u0442\u0441\u044f \u0432\u0441\u0435. \u041e\u0434\u043d\u0430 \u0438\u0437 \u043a\u0430\u043d\u0434\u0438\u0434\u0430\u0442\u043e\u0432 \u043d\u0430 \u0437\u0432\u0430\u043d\u0438\u0435 \u0431\u0443\u0434\u0443\u0449\u0435\u0433\u043e \u0433\u043b\u0430\u0432\u044b \u0421\u0435\u043c\u044c\u0438 \u0401\u0446\u0443\u0431\u0430. \u0421\u043f\u0435\u0446\u0438\u0430\u043b\u0438\u0437\u0438\u0440\u0443\u0435\u0442\u0441\u044f \u043d\u0430 \u0441\u043a\u043e\u0440\u043e\u0441\u0442\u0438 \u043f\u0440\u0438\u043c\u0435\u043d\u0435\u043d\u0438\u044f \u0437\u0430\u043a\u043b\u0438\u043d\u0430\u043d\u0438\u0439 \u0438 \u043c\u0430\u0433\u0438\u0438 \u0437\u0430\u043c\u043e\u0440\u043e\u0437\u043a\u0438. \u041b\u044e\u0431\u0438\u0442 \u0441\u0432\u043e\u0435\u0433\u043e \u0431\u0440\u0430\u0442\u0430 \u0438 \u0440\u0435\u0432\u043d\u0443\u0435\u0442 \u0435\u0433\u043e \u043a \u0430\u0431\u0441\u043e\u043b\u044e\u0442\u043d\u043e \u0432\u0441\u0435\u043c \u0434\u0435\u0432\u0443\u0448\u043a\u0430\u043c. \u0418\u0441\u043f\u044b\u0442\u044b\u0432\u0430\u0435\u0442 \u043d\u0435\u043f\u0440\u0438\u044f\u0437\u043d\u044c \u043a\u043e \u0432\u0441\u0435\u043c \u043c\u0443\u0436\u0447\u0438\u043d\u0430\u043c \u043a\u0440\u043e\u043c\u0435 \u0422\u0430\u0446\u0443\u0438, \u043d\u043e \u043d\u0438\u043a\u043e\u0433\u0434\u0430 \u044d\u0442\u043e\u0433\u043e \u043d\u0435 \u043f\u043e\u043a\u0430\u0437\u044b\u0432\u0430\u0435\u0442. \u0422\u0430\u043a \u043a\u0430\u043a \u0431\u0440\u0430\u0442 \u0435\u0451 \u043d\u0435 \u043c\u043e\u0436\u0435\u0442 \u0437\u043b\u0438\u0442\u044c\u0441\u044f, \u043e\u043d\u0430 \u0437\u043b\u0438\u0442\u0441\u044f \u0432\u043c\u0435\u0441\u0442\u043e \u043d\u0435\u0433\u043e. \u0412\u0441\u0435 \u0434\u043e\u043c\u0430\u0448\u043d\u0438\u0435 \u0434\u0435\u043b\u0430 \u043a\u043e\u0442\u043e\u0440\u044b\u0435 \u043a\u0430\u0441\u0430\u044e\u0442\u0441\u044f \u0422\u0430\u0446\u0443\u0438 \u0434\u0435\u043b\u0430\u0435\u0442 \u0441\u0430\u043c\u0430, \u0430 \u043d\u0435 \u0414\u0410\u0420 (\u0414\u043e\u043c\u0430\u0448\u043d\u0438\u0439 \u0410\u0432\u0442\u043e\u043c\u0430\u0442\u0438\u0447\u0435\u0441\u043a\u0438\u0439 \u0420\u043e\u0431\u043e\u0442). \u041f\u043e \u0438\u0442\u043e\u0433\u0430\u043c \u043f\u0440\u0430\u043a\u0442\u0438\u0447\u0435\u0441\u043a\u0438\u0445 \u0442\u0435\u0441\u0442\u043e\u0432 \u0438 \u043e\u0431\u0449\u0438\u043c \u0438\u0442\u043e\u0433\u0430\u043c \u0441\u0442\u0430\u043b\u0430 \u043b\u0443\u0447\u0448\u0435\u0439 \u043f\u0435\u0440\u0432\u043e\u0433\u043e\u0434\u043a\u043e\u0439, \u0437\u0430\u043d\u044f\u043b\u0430 \u0432\u0442\u043e\u0440\u043e\u0435 \u043c\u0435\u0441\u0442\u043e (\u043f\u043e\u0441\u043b\u0435 \u0422\u0430\u0446\u0443\u0438) \u043f\u043e \u0442\u0435\u043e\u0440\u0435\u0442\u0438\u0447\u0435\u0441\u043a\u0438\u043c \u0442\u0435\u0441\u0442\u0430\u043c.</p>", "is_main_hero": null, "name": "Miyuki Shiba", "avatar": "/home/ctulhu/anylist/anylist/media/55741.jpg", "actor": 5}, "pk": 6, "model": "myapp.hero"}, {"fields": {"description": "\u0413\u043b\u0430\u0432\u043d\u044b\u0439 \u0433\u0435\u0440\u043e\u0439 \u0441\u0435\u0440\u0438\u0430\u043b\u0430. \u041e\u043d \u0438\u0433\u0440\u043e\u043a \u043e\u0434\u0438\u043d\u043e\u0447\u043a\u0430, \u0442\u043e \u0435\u0441\u0442\u044c \u0438\u0433\u0440\u043e\u043a, \u043a\u043e\u0442\u043e\u0440\u044b\u0439 \u043d\u0435 \u043f\u0440\u0438\u0441\u043e\u0435\u0434\u0438\u043d\u044f\u0435\u0442\u0441\u044f \u043a \u0434\u0440\u0443\u0433\u0438\u043c \u0433\u0438\u043b\u044c\u0434\u0438\u044f\u043c \u0438 \u0440\u0430\u0431\u043e\u0442\u0430\u0435\u0442 \u0432\u0441\u0435\u0433\u0434\u0430 \u043e\u0434\u0438\u043d. \u0412\u043b\u0430\u0434\u0435\u0435\u0442 \u043e\u0434\u043d\u043e\u0440\u0443\u0447\u043d\u044b\u043c \u043c\u0435\u0447\u043e\u043c \u0438 \u0432\u0441\u0435\u0433\u0434\u0430 \u043e\u0434\u0435\u0432\u0430\u0435\u0442\u0441\u044f \u0432\u043e \u0432\u0441\u0451 \u0447\u0451\u0440\u043d\u043e\u0435. \u041a\u043e\u0433\u0434\u0430 \u0432\u044b\u044f\u0441\u043d\u0438\u043b\u043e\u0441\u044c, \u0447\u0442\u043e \u0438\u0433\u0440\u043e\u043a\u0438 \u043d\u0435 \u043c\u043e\u0433\u0443\u0442 \u0440\u0430\u0437\u043b\u043e\u0433\u0438\u043d\u0438\u0442\u044c\u0441\u044f, \u041a\u0438\u0440\u0438\u0442\u043e \u0431\u044b\u0441\u0442\u0440\u043e \u043f\u0440\u0438\u0448\u0451\u043b \u0432 \u0441\u0435\u0431\u044f \u0438 \u043f\u0440\u0438\u043d\u044f\u043b \u043f\u0440\u0430\u0432\u0438\u043b\u0430 \u0438\u0433\u0440\u044b. \u0415\u0433\u043e \u043f\u0441\u0435\u0432\u0434\u043e\u043d\u0438\u043c \u041a\u0438\u0440\u0438\u0442\u043e, \u0441\u043e\u0437\u0434\u0430\u043d \u0438\u0437 \u0441\u043b\u043e\u0433\u043e\u0432 \u043f\u0435\u0440\u0432\u043e\u0433\u043e \u0438 \u043f\u043e\u0441\u043b\u0435\u0434\u043d\u0435\u0433\u043e \u043a\u0430\u043d\u0434\u0437\u0438 \u0435\u0433\u043e \u0440\u0435\u0430\u043b\u044c\u043d\u044b\u0445 \u0444\u0430\u043c\u0438\u043b\u0438\u0438 \u0438 \u0438\u043c\u0435\u043d\u0438 \u0441\u043e\u043e\u0442\u0432\u0435\u0442\u0441\u0442\u0432\u0435\u043d\u043d\u043e: (Kirigaya Kazuto). \u0412 \u0440\u0435\u0430\u043b\u044c\u043d\u043e\u043c \u043c\u0438\u0440\u0435 \u043e\u043d \u0436\u0438\u0432\u0435\u0442 \u0441\u043e \u0441\u0432\u043e\u0435\u0439 \u043c\u0430\u0442\u0435\u0440\u044c\u044e \u0438 \u043c\u043b\u0430\u0434\u0448\u0435\u0439 \u0441\u0435\u0441\u0442\u0440\u043e\u0439", "is_main_hero": true, "name": "Kazuto Kirigaya", "avatar": "/home/ctulhu/anylist/anylist/media/36765.jpg", "actor": 9}, "pk": 7, "model": "myapp.hero"}, {"fields": {"description": "\u042f\u0432\u043b\u044f\u0435\u0442\u0441\u044f \u043e\u0434\u043d\u043e\u0439 \u0438\u0437 \u043d\u0435\u043c\u043d\u043e\u0433\u0438\u0445 \u0438\u0433\u0440\u043e\u043a\u043e\u0432 \u0438\u043c\u044f \u043f\u0435\u0440\u0441\u043e\u043d\u0430\u0436\u0430 \u043a\u043e\u0442\u043e\u0440\u043e\u0433\u043e \u043f\u043e\u043b\u043d\u043e\u0441\u0442\u044c\u044e \u0441\u043e\u0432\u043f\u0430\u0434\u0430\u0435\u0442 \u0441 \u0438\u043c\u0435\u043d\u0435\u043c \u0432 \u0440\u0435\u0430\u043b\u044c\u043d\u043e\u0439 \u0436\u0438\u0437\u043d\u0438. \u0412\u043e \u0432\u0440\u0435\u043c\u044f \u0437\u0430\u0442\u043e\u0447\u0435\u043d\u0438\u044f \u0432 \u0441\u043c\u0435\u0440\u0442\u0435\u043b\u044c\u043d\u043e\u0439 \u0438\u0433\u0440\u0435 \u00abSword Art Online\u00bb \u044f\u0432\u043b\u044f\u043b\u0430\u0441\u044c \u043f\u0435\u0440\u0432\u044b\u043c \u0437\u0430\u043c\u0435\u0441\u0442\u0438\u0442\u0435\u043b\u0435\u043c \u0441\u0438\u043b\u044c\u043d\u0435\u0439\u0448\u0435\u0439 \u0433\u0438\u043b\u044c\u0434\u0438\u0438 \u00ab\u0420\u044b\u0446\u0430\u0440\u0438 \u041a\u0440\u043e\u0432\u0438\u00bb, \u0438\u043b\u0438 \u043a\u0430\u043a \u0438\u0445 \u043f\u0440\u043e\u0437\u0432\u0430\u043b\u0438 \u0434\u0440\u0443\u0433\u0438\u0435 \u0438\u0433\u0440\u043e\u043a\u0438 - \u00ab\u0420\u044b\u041a\u0438\u00bb. \u0411\u043b\u0438\u0436\u0435 \u043a \u043a\u043e\u043d\u0446\u0443 \u0438\u0433\u0440\u044b \u00abSword Art Online\u00bb, \u0437\u0430 \u0441\u0432\u043e\u0439 \u043c\u043e\u043b\u043d\u0438\u0435\u043d\u043e\u0441\u043d\u044b\u0439 \u0441\u0442\u0438\u043b\u044c \u0438\u0433\u0440\u044b, \u043f\u0440\u0438\u043e\u0431\u0440\u0435\u043b\u0430 \u043f\u0440\u043e\u0437\u0432\u0438\u0449\u0435 \u00ab\u041c\u043e\u043b\u043d\u0438\u044f\u00bb.\r\n\u0412 \u00abALfheim Online\u00bb, \u043f\u043e\u0441\u043b\u0435 \u043e\u0441\u0432\u043e\u0431\u043e\u0436\u0434\u0435\u043d\u0438\u044f \u0438\u0437 \u0437\u0430\u0442\u043e\u0447\u0435\u043d\u0438\u044f, \u043f\u043e\u043b\u0443\u0447\u0438\u043b\u0430 \u043f\u0440\u043e\u0437\u0432\u0438\u0449\u0435 \u00ab\u041b\u0435\u043a\u0430\u0440\u044c-\u0411\u0435\u0440\u0441\u0435\u0440\u043a\u00bb. \u041f\u043e\u043b\u043d\u043e\u0441\u0442\u044c\u044e \u0441\u043e\u043e\u0442\u0432\u0435\u0442\u0441\u0442\u0432\u0443\u0435\u0442 \u044d\u0442\u043e\u043c\u0443 \u043f\u0440\u043e\u0437\u0432\u0438\u0449\u0443 \u0442.\u043a. \u044f\u0432\u043b\u044f\u044f\u0441\u044c \u0423\u043d\u0434\u0438\u043d\u043e\u0439 \u043f\u043e \u0440\u0430\u0441\u0435, \u0430 \u0437\u043d\u0430\u0447\u0438\u0442 \u043b\u0435\u043a\u0430\u0440\u0435\u043c, \u0438\u0433\u0440\u0430\u0435\u0442 \u0432 \u0440\u043e\u043b\u0438 \u043d\u0430\u043f\u0430\u0434\u0430\u044e\u0449\u0435\u0433\u043e \u043d\u0435 \u0437\u0430\u0431\u044b\u0432\u0430\u044f \u043f\u0440\u0438 \u044d\u0442\u043e\u043c \u043e \u043f\u043e\u0434\u0434\u0435\u0440\u0436\u043a\u0435 \u0432\u0441\u0435\u0439 \u0433\u0440\u0443\u043f\u043f\u044b.", "is_main_hero": false, "name": "Asuna Yuuki", "avatar": "/home/ctulhu/anylist/anylist/media/36828_1.jpg", "actor": 18}, "pk": 8, "model": "myapp.hero"}, {"fields": {"description": null, "is_main_hero": false, "name": "Behemoth", "avatar": "/home/ctulhu/anylist/anylist/media/105283.jpg", "actor": 19}, "pk": 9, "model": "myapp.hero"}, {"fields": {"description": "\u0412\u043e \u0432\u0442\u043e\u0440\u043e\u0439 \u00ab\u0417\u043e\u043b\u043e\u0442\u043e\u0439 \u043f\u0443\u043b\u0435\u00bb \u043e\u043d \u0437\u0430\u043d\u044f\u043b 18 \u043c\u0435\u0441\u0442\u043e. \u0418\u0441\u043f\u043e\u043b\u044c\u0437\u0443\u0435\u0442 \u0440\u0435\u0434\u043a\u0438\u0439 \u0430\u0432\u0442\u043e\u043c\u0430\u0442 SIG SG550, \u0441\u0442\u0440\u0435\u043b\u044f\u044e\u0449\u0438\u0439 \u043f\u0443\u043b\u0438 \u043a\u0430\u043b\u0438\u0431\u0440\u0430 5.56 \u043c\u043c", "is_main_hero": false, "name": "Dyne", "avatar": "/home/ctulhu/anylist/anylist/media/105275.jpg", "actor": 20}, "pk": 10, "model": "myapp.hero"}, {"fields": {"description": "\u0414\u0435\u0432\u0443\u0448\u043a\u0430 \u0441 \u0433\u043e\u043b\u0443\u0431\u044b\u043c\u0438 \u0432\u043e\u043b\u043e\u0441\u0430\u043c\u0438 \u0438 \u043a\u043e\u0448\u0430\u0447\u044c\u0438\u043c\u0438 \u0433\u043b\u0430\u0437\u0430\u043c\u0438, \u0421\u0438\u043d\u043e\u043d \u2014 \u0430\u0432\u0430\u0442\u0430\u0440 \u0421\u0438\u043d\u043e \u0410\u0441\u0430\u0434\u044b, \u0438\u0433\u0440\u043e\u043a\u0430, \u043a\u043e\u0442\u043e\u0440\u043e\u0433\u043e \u041a\u0438\u0440\u0438\u0442\u043e \u0432\u0441\u0442\u0440\u0435\u0442\u0438\u043b \u043f\u0435\u0440\u0432\u044b\u043c \u0432 Gun Gale Online. \u0412 \u0434\u0435\u0442\u0441\u0442\u0432\u0435 \u043e\u043d\u0430 \u0443\u0431\u0438\u043b\u0430 \u0433\u0440\u0430\u0431\u0438\u0442\u0435\u043b\u044f, \u043d\u0430\u043f\u0430\u0432\u0448\u0435\u0433\u043e \u043d\u0430 \u0435\u0435 \u043c\u0430\u043c\u0443 \u0432 \u0431\u0430\u043d\u043a\u0435, \u043f\u043e\u0441\u043b\u0435 \u0447\u0435\u0433\u043e \u043f\u043e\u043b\u0443\u0447\u0438\u043b\u0430 \u0444\u043e\u0431\u0438\u044e \u043a \u043e\u0440\u0443\u0436\u0438\u044e. \u0427\u0442\u043e\u0431\u044b \u043f\u043e\u0431\u043e\u0440\u043e\u0442\u044c \u044d\u0442\u0443 \u0444\u043e\u0431\u0438\u044e, \u0435\u0435 \u0434\u0440\u0443\u0433, \u041a\u0451\u0434\u0437\u0438 \u0421\u0438\u043d\u043a\u0430\u0432\u0430, \u0438 \u043f\u043e\u0441\u043e\u0432\u0435\u0442\u043e\u0432\u0430\u043b \u0435\u0439 GGO. \u0412 \u0438\u0433\u0440\u0435 \u043e\u043d\u0430 \u0438\u0441\u043f\u043e\u043b\u044c\u0437\u0443\u0435\u0442 \u0441\u043d\u0430\u0439\u043f\u0435\u0440\u0441\u043a\u0443\u044e \u0432\u0438\u043d\u0442\u043e\u0432\u043a\u0443 \u0413\u0435\u043a\u0430\u0442\u0430 (Ultima Ratio Hecate II) \u0438 \u043d\u0435\u043e\u0434\u043e\u0431\u0440\u0438\u0442\u0435\u043b\u044c\u043d\u043e \u043e\u0442\u043d\u043e\u0441\u0438\u0442\u0441\u044f \u043a \u043c\u0435\u0447\u0443 \u041a\u0438\u0440\u0438\u0442\u043e. \u041c\u0430\u043b\u043e \u0433\u043e\u0432\u043e\u0440\u0438\u0442 \u0432 \u0438\u0433\u0440\u0435, \u0442\u0430\u043a \u043a\u0430\u043a \u0435\u0439 \u043d\u0435 \u043d\u0440\u0430\u0432\u0438\u0442\u0441\u044f \u0432\u044b\u0441\u043e\u043a\u0438\u0439 \u0433\u043e\u043b\u043e\u0441 \u0435\u0435 \u0430\u0432\u0430\u0442\u0430\u0440\u0430. \u041e\u043d\u0430 \u0445\u043e\u0442\u0435\u043b\u0430 \u0441\u043e\u0437\u0434\u0430\u0442\u044c \u0441\u0435\u0431\u0435 \u043f\u0435\u0440\u0441\u043e\u043d\u0430\u0436\u0430 \u043c\u0443\u0436\u0441\u043a\u043e\u0433\u043e \u043f\u043e\u043b\u0430, \u0431\u0440\u0443\u0442\u0430\u043b\u044c\u043d\u043e\u0433\u043e \u0438 \u043d\u0430\u0447\u0438\u0441\u0442\u043e \u043b\u0438\u0448\u0435\u043d\u043d\u043e\u0433\u043e \u043e\u0431\u0430\u044f\u043d\u0438\u044f. \u0422\u0443\u0442 \u0436\u0435 \u0432\u044b\u044f\u0441\u043d\u0438\u043b\u043e\u0441\u044c, \u0447\u0442\u043e \u043f\u043e\u043b \u043f\u0435\u0440\u0441\u043e\u043d\u0430\u0436\u0430, \u043e\u0442\u043b\u0438\u0447\u043d\u044b\u0439 \u043e\u0442 \u043f\u043e\u043b\u0430 \u0438\u0433\u0440\u043e\u043a\u0430, \u0432\u044b\u0431\u0440\u0430\u0442\u044c \u043d\u0435\u043b\u044c\u0437\u044f; \u0442\u043e\u0433\u0434\u0430 \u043e\u043d\u0430 \u043f\u043e\u0436\u0435\u043b\u0430\u043b\u0430 \u0441\u0433\u0435\u043d\u0435\u0440\u0438\u0440\u043e\u0432\u0430\u0442\u044c\u0441\u044f \u0432\u044b\u0441\u043e\u043a\u043e\u0439 \u0438 \u043c\u0443\u0441\u043a\u0443\u043b\u0438\u0441\u0442\u043e\u0439 \u2013 \u044d\u0442\u0430\u043a\u043e\u0439 \u0430\u043c\u0430\u0437\u043e\u043d\u043a\u043e\u0439. \u041e\u0434\u043d\u0430\u043a\u043e \u0433\u0435\u043d\u0435\u0440\u0430\u0442\u043e\u0440 \u0441\u043b\u0443\u0447\u0430\u0439\u043d\u044b\u0445 \u0447\u0438\u0441\u0435\u043b \u0432\u044b\u0434\u0430\u043b \u0435\u0439 \u043c\u0430\u043b\u0435\u043d\u044c\u043a\u0443\u044e, \u0445\u0440\u0443\u043f\u043a\u0443\u044e \u0438 \u0436\u0435\u043d\u0441\u0442\u0432\u0435\u043d\u043d\u0443\u044e \u0444\u0438\u0433\u0443\u0440\u0443, \u043f\u043e\u0447\u0442\u0438 \u043a\u0443\u043a\u043e\u043b\u044c\u043d\u0443\u044e. \u041e\u043d\u0430 \u0442\u0443\u0442 \u0436\u0435 \u0440\u0435\u0448\u0438\u043b\u0430 \u0443\u0434\u0430\u043b\u0438\u0442\u044c \u044d\u0442\u043e\u0442 \u0430\u043a\u043a\u0430\u0443\u043d\u0442 \u0438 \u0441\u043e\u0437\u0434\u0430\u0442\u044c \u043d\u043e\u0432\u044b\u0439. \u041e\u0434\u043d\u0430\u043a\u043e \u041a\u0451\u0434\u0437\u0438 \u0441\u043a\u0430\u0437\u0430\u043b: \u00ab\u0427\u0442\u043e \u0437\u0430 \u0440\u0430\u0441\u0442\u043e\u0447\u0438\u0442\u0435\u043b\u044c\u0441\u0442\u0432\u043e!\u00bb \u041e\u043d \u0442\u0430\u043a \u0441\u0438\u043b\u044c\u043d\u043e \u043d\u0430\u0441\u0442\u0430\u0438\u0432\u0430\u043b \u2013 \u0430 \u0421\u0438\u043d\u043e\u043d \u043f\u043e\u043a\u0430 \u0447\u0442\u043e \u0443\u0441\u043f\u0435\u043b\u0430 \u043d\u0430\u0431\u0440\u0430\u0442\u044c \u043d\u0435\u043c\u0430\u043b\u043e \u0443\u0440\u043e\u0432\u043d\u0435\u0439 \u2013 \u0432 \u043e\u0431\u0449\u0435\u043c, \u043d\u0430\u0447\u0438\u043d\u0430\u0442\u044c \u0437\u0430\u043d\u043e\u0432\u043e \u0431\u044b\u043b\u043e \u043f\u043e\u0437\u0434\u043d\u043e. \u0412 \u00ab\u0440\u0435\u0430\u043b\u0435\u00bb \u0436\u0438\u0432\u0435\u0442 \u0432 \u0441\u0432\u043e\u0435\u0439 \u043a\u0432\u0430\u0440\u0442\u0438\u0440\u0435 \u043e\u0434\u043d\u0430 \u0438, \u043d\u0435 \u0441\u0442\u0440\u0430\u0434\u0430\u044f \u043f\u043b\u043e\u0445\u0438\u043c \u0437\u0440\u0435\u043d\u0438\u0435\u043c, \u043d\u043e\u0441\u0438\u0442 \u043e\u0447\u043a\u0438, \u0442\u0430\u043a \u043a\u0430\u043a \u0432 \u043d\u0438\u0445 \u0447\u0443\u0432\u0441\u0442\u0432\u0443\u0435\u0442 \u0441\u0435\u0431\u044f \u0432 \u0431\u0435\u0437\u043e\u043f\u0430\u0441\u043d\u043e\u0441\u0442\u0438.", "is_main_hero": false, "name": "Shino Asada", "avatar": "/home/ctulhu/anylist/anylist/media/55147.jpg", "actor": 10}, "pk": 11, "model": "myapp.hero"}, {"fields": {"description": "\u0413\u043b\u0430\u0432\u043d\u0430\u044f \u0433\u0435\u0440\u043e\u0438\u043d\u044f. \u041c\u043e\u043b\u043e\u0434\u0430\u044f \u043a\u0440\u0430\u0441\u0438\u0432\u0430\u044f \u0434\u0435\u0432\u0443\u0448\u043a\u0430 \u0441 \u0434\u043b\u0438\u043d\u043d\u044b\u043c\u0438 \u0447\u0451\u0440\u043d\u044b\u043c\u0438 \u0432\u043e\u043b\u043e\u0441\u0430\u043c\u0438. \u0412\u0438\u0446\u0435-\u043f\u0440\u0435\u0437\u0438\u0434\u0435\u043d\u0442 \u0448\u043a\u043e\u043b\u044c\u043d\u043e\u0433\u043e \u0441\u043e\u0432\u0435\u0442\u0430. \u0412 \u00ab\u0423\u0441\u043a\u043e\u0440\u0435\u043d\u043d\u043e\u043c \u041c\u0438\u0440\u0435\u00bb \u0438\u0437\u0432\u0435\u0441\u0442\u043d\u0430 \u043a\u0430\u043a \u00abBlack Lotus\u00bb \u0438\u043b\u0438 \u00ab\u0427\u0451\u0440\u043d\u044b\u0439 \u041a\u043e\u0440\u043e\u043b\u044c\u00bb, \u043e\u0434\u0438\u043d \u0438\u0437 \u0441\u0435\u043c\u0438 \u0438\u0433\u0440\u043e\u043a\u043e\u0432 \u0434\u043e\u0441\u0442\u0438\u0433\u0448\u0438\u0445 \u0434\u0435\u0432\u044f\u0442\u043e\u0433\u043e \u0443\u0440\u043e\u0432\u043d\u044f. \u041a\u043e\u0433\u0434\u0430 \u043f\u0440\u043e\u0447\u0438\u0435 \u043a\u043e\u0440\u043e\u043b\u0438 \u0440\u0435\u0448\u0438\u043b\u0438 \u0437\u0430\u043a\u043b\u044e\u0447\u0438\u0442\u044c \u043c\u0438\u0440, \u0427\u0435\u0440\u043d\u043e\u0441\u043d\u0435\u0436\u043a\u0430 \u043f\u0440\u0435\u0434\u0430\u043b\u0430 \u0438\u0445 \u0438 \u043f\u043e\u043f\u044b\u0442\u0430\u043b\u0430\u0441\u044c \u0443\u043d\u0438\u0447\u0442\u043e\u0436\u0438\u0442\u044c. \u0423\u0431\u0438\u0432 \u043a\u0440\u0430\u0441\u043d\u043e\u0433\u043e \u043a\u043e\u0440\u043e\u043b\u044f, \u0431\u044b\u043b\u0430 \u043e\u0441\u0442\u0430\u043d\u043e\u0432\u043b\u0435\u043d\u0430 \u0434\u0440\u0443\u0433\u0438\u043c\u0438 \u0438 \u0432\u044b\u043d\u0443\u0436\u0434\u0435\u043d\u0430 \u043e\u0442\u0441\u0442\u0443\u043f\u0438\u0442\u044c. \u0422\u0435\u043f\u0435\u0440\u044c \u0432\u044b\u043d\u0443\u0436\u0434\u0435\u043d\u0430 \u0441\u043a\u0440\u044b\u0432\u0430\u0442\u044c\u0441\u044f \u043e\u0442 \u043d\u0438\u0445. \u0412 \u0443\u0441\u043a\u043e\u0440\u0435\u043d\u043d\u043e\u043c \u043c\u0438\u0440\u0435 \u0443\u0431\u0440\u0430\u043b\u0430 \u0441\u0432\u043e\u0435\u0433\u043e \u0430\u0432\u0430\u0442\u0430\u0440\u0430, \u0442\u0430\u043a \u043a\u0430\u043a \u043f\u043e \u0435\u0451 \u043c\u043d\u0435\u043d\u0438\u044e \u043e\u043d \u0443\u0440\u043e\u0434\u043b\u0438\u0432. \u0426\u0435\u043d\u0438\u0442 \u0425\u0430\u0440\u0443 \u0437\u0430 \u0442\u043e, \u0447\u0442\u043e \u0442\u043e\u0442 \u0443\u0432\u0430\u0436\u0430\u0435\u0442 \u0435\u0451 \u0438 \u0433\u043e\u0442\u043e\u0432 \u043d\u0430 \u043b\u044e\u0431\u044b\u0435 \u043f\u043e\u0441\u0442\u0443\u043f\u043a\u0438 \u0440\u0430\u0434\u0438 \u043d\u0435\u0451. \u0414\u043e \u0433\u043e\u0441\u043f\u0438\u0442\u0430\u043b\u0438\u0437\u0430\u0446\u0438\u0438 \u043f\u0440\u0438\u0437\u043d\u0430\u0451\u0442\u0441\u044f \u0435\u043c\u0443 \u0432 \u043b\u044e\u0431\u0432\u0438. \u041e\u0447\u0435\u043d\u044c \u0440\u0435\u0432\u043d\u0438\u0432\u0430. \u0421\u043e\u043e\u0431\u0449\u0430\u0435\u0442 \u0425\u0430\u0440\u0443\u044e\u043a\u0438 \u0441\u0432\u043e\u0451 \u043d\u0430\u0441\u0442\u043e\u044f\u0449\u0435\u0435 \u0438\u043c\u044f, \u043d\u043e \u0430\u0432\u0442\u043e\u0440 \u043d\u0435 \u043d\u0430\u0437\u044b\u0432\u0430\u0435\u0442 \u0435\u0433\u043e", "is_main_hero": false, "name": "Kuroyukihime", "avatar": "/home/ctulhu/anylist/anylist/media/46305.jpg", "actor": 29}, "pk": 12, "model": "myapp.hero"}, {"fields": {"description": "<p>\u0427\u0442\u043e \u0434\u043b\u044f \u043d\u0430\u0441 \u043c\u0430\u0433\u0438\u044f? \u042d\u0442\u043e \u043d\u0435\u0447\u0442\u043e \u043d\u0435\u0432\u043e\u043e\u0431\u0440\u0430\u0437\u0438\u043c\u043e\u0435, \u0441\u0443\u0449\u0435\u0441\u0442\u0432\u0443\u044e\u0449\u0435\u0435 \u0442\u043e\u043b\u044c\u043a\u043e \u0432 \u043c\u0435\u0447\u0442\u0430\u0445. \u041f\u0440\u043e\u0445\u043e\u0434\u044f\u0442 \u0433\u043e\u0434\u0430 \u0438... \u043e\u043d\u0430 \u0441\u0442\u0430\u043d\u043e\u0432\u0438\u0442\u0441\u044f \u043d\u0435 \u043f\u0440\u043e\u0441\u0442\u043e \u0434\u043e\u0441\u0442\u043e\u044f\u043d\u0438\u0435\u043c \u043e\u0431\u0449\u0435\u0441\u0442\u0432\u0430, \u0430 \u043d\u0430\u0443\u043a\u043e\u0439. \u041a\u0430\u0436\u0434\u044b\u0439 \u0434\u0435\u043d\u044c \u0443\u0447\u0451\u043d\u044b\u0435 \u0434\u0435\u043b\u0430\u044e\u0442 \u0432\u0441\u0451 \u043d\u043e\u0432\u044b\u0435 \u043e\u0442\u043a\u0440\u044b\u0442\u0438\u044f \u0432 \u044d\u0442\u043e\u043c \u0438\u0441\u043a\u0443\u0441\u0441\u0442\u0432\u0435, \u043f\u043e\u0441\u0442\u0440\u043e\u0435\u043d\u043d\u044b\u0435 \u0432 \u043e\u0441\u043d\u043e\u0432\u043d\u043e\u043c \u043d\u0430 \u0437\u043d\u0430\u043d\u0438\u044f\u0445 \u0444\u0438\u0437\u0438\u043a\u0438 \u0431\u0443\u0434\u0443\u0449\u0435\u0433\u043e. \u0415\u0441\u0442\u0435\u0441\u0442\u0432\u0435\u043d\u043d\u043e, \u043d\u0435 \u043e\u0431\u043e\u0439\u0442\u0438\u0441\u044c \u0438 \u0431\u0435\u0437 \u043c\u043e\u043b\u043e\u0434\u044b\u0445, \u0434\u043b\u044f \u043a\u043e\u0442\u043e\u0440\u044b\u0445 \u0431\u044b\u043b\u0430 \u043e\u0442\u043a\u0440\u044b\u0442\u0430 \u0441\u0442\u0430\u0440\u0448\u0430\u044f \u0448\u043a\u043e\u043b\u0430 \u043f\u0440\u0438 \u0443\u043d\u0438\u0432\u0435\u0440\u0441\u0438\u0442\u0435\u0442\u0435. \u0412\u043e\u0442 \u0442\u043e\u043b\u044c\u043a\u043e \u0434\u0438\u0441\u043a\u0440\u0438\u043c\u0438\u043d\u0430\u0446\u0438\u044f \u0432 \u043c\u0438\u0440\u0435 \u043a\u0430\u043a \u0431\u044b\u043b\u0430, \u0442\u0430\u043a \u0438 \u043e\u0441\u0442\u0430\u0451\u0442\u0441\u044f: \u043f\u043e\u043f\u0430\u0441\u0442\u044c \u0432 \u043d\u0435\u0451 \u043c\u043e\u0433\u0443\u0442 \u0442\u043e\u043b\u044c\u043a\u043e \u043b\u044e\u0434\u0438 \u0441\u043e \u0441\u043f\u043e\u0441\u043e\u0431\u043d\u043e\u0441\u0442\u044f\u043c\u0438. \u041d\u043e \u044d\u0442\u043e \u0435\u0449\u0451 \u043d\u0435 \u0432\u0441\u0451: \u0432\u043d\u0443\u0442\u0440\u0438 \u0441\u0442\u0435\u043d \u0448\u043a\u043e\u043b\u044b \u0432\u0430\u0441 \u043f\u043e\u0434\u0435\u043b\u044f\u0442 &mdash; \u043d\u0430 &laquo;\u0441\u043e\u0440\u043d\u044f\u043a\u0438&raquo; \u0438 &laquo;\u0446\u0432\u0435\u0442\u043a\u0438&raquo;. \u0422\u0430\u043a \u0438 \u043e\u043a\u0430\u0437\u0430\u043b\u0430\u0441\u044c \u043d\u0430\u0448\u0430 \u0433\u043b\u0430\u0432\u043d\u0430\u044f \u0433\u0435\u0440\u043e\u0438\u043d\u044f-\u0441\u0435\u0441\u0442\u0440\u0430 <a href=\"http://shikimori.org/characters/55741-Miyuki-Shiba\">\u041c\u0438\u044e\u043a\u0438</a> \u0432 \u043f\u0435\u0440\u0432\u043e\u043c \u043f\u043e\u0442\u043e\u043a\u0435, \u0441\u0442\u0430\u0432 \u043b\u0443\u0447\u0448\u0435\u0439 \u043f\u043e \u043f\u0440\u043e\u0445\u043e\u0434\u043d\u043e\u043c\u0443 \u0431\u0430\u043b\u043b\u0443 \u0431\u043b\u0430\u0433\u043e\u0434\u0430\u0440\u044f \u0441\u0432\u043e\u0438\u043c \u043f\u0440\u0430\u043a\u0442\u0438\u0447\u0435\u0441\u043a\u0438\u043c \u0441\u043f\u043e\u0441\u043e\u0431\u043d\u043e\u0441\u0442\u044f\u043c, \u0430 \u0442\u0435\u043e\u0440\u0435\u0442\u0438\u043a\u0430-\u0431\u0440\u0430\u0442\u0430 <a href=\"http://shikimori.org/characters/55743-Tatsuya-Shiba\">\u0422\u0430\u0446\u0443\u044e</a> \u043e\u0442\u043f\u0440\u0430\u0432\u0438\u043b\u0438 \u0432\u043e \u0432\u0442\u043e\u0440\u043e\u0439 \u043f\u043e\u0442\u043e\u043a \u0433\u043d\u0438\u0442\u044c \u043a &laquo;\u0441\u043e\u0440\u043d\u044f\u043a\u0430\u043c&raquo;. \u0414\u0430 \u043d\u0435 \u0442\u0443\u0442-\u0442\u043e \u0431\u044b\u043b\u043e: \u0441\u0438\u0441\u0442\u0435\u043c\u0430 \u043e\u0442\u0431\u043e\u0440\u0430 \u0443 \u0448\u043a\u043e\u043b\u044b \u0437\u0430\u043c\u0435\u0442\u043d\u043e \u0441\u0442\u0440\u0430\u0434\u0430\u0435\u0442; \u0443\u0436\u0435 \u043e\u0447\u0435\u043d\u044c \u0441\u043a\u043e\u0440\u043e \u0434\u0440\u0443\u0437\u044c\u044f \u0431\u0443\u0434\u0443\u0442 \u0440\u0430\u0441\u043f\u0430\u0445\u0438\u0432\u0430\u0442\u044c \u0440\u0442\u044b \u043e\u0442 \u043d\u043e\u0432\u0435\u043d\u044c\u043a\u043e\u0433\u043e &laquo;\u043d\u0435\u0434\u043e\u043c\u0430\u0433\u0430&raquo;, \u0434\u0435\u0432\u0443\u0448\u043a\u0438 \u0431\u0443\u0434\u0443\u0442 \u0432\u0435\u0448\u0430\u0442\u044c\u0441\u044f \u043d\u0430 \u0448\u0435\u044e, \u0430 \u0432\u0440\u0430\u0433\u0438 \u043f\u043e\u0436\u0430\u043b\u0435\u044e\u0442, \u0447\u0442\u043e \u0432\u043e\u043e\u0431\u0449\u0435 \u0441\u0432\u044f\u0437\u0430\u043b\u0438\u0441\u044c \u0441 \u043d\u0438\u043c!</p>", "category": 1, "title": "Mahouka Koukou no Rettousei", "avatar": "/home/ctulhu/anylist/anylist/media/20785.jpg", "heroes": [6], "creators": [], "genres": [16, 10, 7, 1, 19], "old_limit": 3}, "pk": 1, "model": "myapp.product"}, {"fields": {"description": "\u041c\u043e\u0440\u0438\u0442\u0430\u043a\u0430 \u041c\u0430\u0448\u0438\u0440\u043e \u0438 \u0410\u043a\u0438\u0442\u043e \u0422\u0430\u043a\u0430\u0433\u0438 \u0430\u043c\u0431\u0438\u0446\u0438\u043e\u0437\u043d\u044b\u0435 \u0443\u0447\u0435\u043d\u0438\u043a\u0438 \u0434\u0435\u0432\u044f\u0442\u043e\u0433\u043e \u043a\u043b\u0430\u0441\u0441\u0430. \u041e\u0434\u0438\u043d \u0445\u0443\u0434\u043e\u0436\u043d\u0438\u043a, \u0432\u0442\u043e\u0440\u043e\u0439 \u043d\u0430\u0447\u0438\u043d\u0430\u044e\u0449\u0438\u0439 \u043f\u0438\u0441\u0430\u0442\u0435\u043b\u044c. \u0412\u043c\u0435\u0441\u0442\u0435 \u043e\u043d\u0438 \u0440\u0435\u0448\u0430\u044e\u0442 \u0441\u0442\u0430\u0442\u044c \u0432\u0435\u043b\u0438\u0447\u0430\u0439\u0448\u0438\u043c\u0438 \u043c\u0430\u043d\u0433\u0430\u043a\u0430\u043c\u0438 \u042f\u043f\u043e\u043d\u0438\u0438 \u0438 \u043e\u0431\u0440\u0430\u0437\u0443\u044e\u0442 \u0434\u0443\u044d\u0442 \u043f\u043e\u0434 \u043e\u0431\u0449\u0438\u043c \u043f\u0441\u0435\u0432\u0434\u043e\u043d\u0438\u043c\u043e\u043c \u041c\u0443\u0442\u043e \u0410\u0441\u0438\u0440\u043e\u0433\u0438. \u0412 \u043a\u0430\u0447\u0435\u0441\u0442\u0432\u0435 \u043c\u0430\u0441\u0442\u0435\u0440\u0441\u043a\u043e\u0439 \u043e\u043d\u0438 \u0431\u0435\u0440\u0443\u0442 \u043a\u0432\u0430\u0440\u0442\u0438\u0440\u0443 \u0443\u043c\u0435\u0440\u0448\u0435\u0433\u043e \u0434\u044f\u0434\u0438 \u041c\u0430\u0448\u0438\u0440\u043e \u043c\u0430\u043d\u0433\u0430\u043a\u0438, \u0442\u0430\u043a \u0438 \u043d\u0435 \u0434\u043e\u0431\u0438\u0432\u0448\u0435\u0433\u043e\u0441\u044f \u0443\u0441\u043f\u0435\u0445\u0430. \u041e\u0434\u043d\u0430\u0436\u0434\u044b \u041c\u0430\u0448\u0438\u0440\u043e \u0441\u043f\u043e\u043d\u0442\u0430\u043d\u043d\u043e \u043f\u0440\u0435\u0434\u043b\u0430\u0433\u0430\u0435\u0442 \u0432\u044b\u0439\u0442\u0438 \u0437\u0430 \u043d\u0435\u0433\u043e \u0437\u0430\u043c\u0443\u0436 \u041c\u0438\u0445\u043e \u0410\u0434\u0437\u0443\u043a\u0438 \u0434\u0435\u0432\u0443\u0448\u043a\u0435, \u0432 \u043a\u043e\u0442\u043e\u0440\u0443\u044e \u043e\u043d \u0442\u0430\u0439\u043d\u043e \u0432\u043b\u044e\u0431\u043b\u0451\u043d. \u0418 \u0410\u0434\u0437\u0443\u043a\u0438, \u043c\u0435\u0447\u0442\u0430\u044e\u0449\u0430\u044f \u0441\u0442\u0430\u0442\u044c \u0441\u0435\u0439\u044e \u0438 \u044f\u0432\u043d\u043e \u043d\u0435 \u0440\u0430\u0432\u043d\u043e\u0434\u0443\u0448\u043d\u0430\u044f \u043a \u041c\u0430\u0448\u0438\u0440\u043e, \u043a \u0435\u0433\u043e \u0438\u0437\u0443\u043c\u043b\u0435\u043d\u0438\u044e \u0441\u043e\u0433\u043b\u0430\u0448\u0430\u0435\u0442\u0441\u044f. \u041d\u043e \u043f\u0440\u0438 \u043e\u0434\u043d\u043e\u043c \u0443\u0441\u043b\u043e\u0432\u0438\u0438. \u0421\u043f\u0435\u0440\u0432\u0430 \u043e\u043d\u0438 \u0434\u043e\u043b\u0436\u043d\u044b \u043e\u0441\u0443\u0449\u0435\u0441\u0442\u0432\u0438\u0442\u044c \u0441\u0432\u043e\u0438 \u043c\u0435\u0447\u0442\u044b: \u041c\u0430\u0448\u0438\u0440\u043e \u0441\u0442\u0430\u0442\u044c \u043c\u0430\u043d\u0433\u0430\u043a\u043e\u0439 \u0438 \u0432\u044b\u043f\u0443\u0441\u0442\u0438\u0442\u044c \u0430\u043d\u0438\u043c\u0435, \u0430 \u0410\u0434\u0437\u0443\u043a\u0438 \u0441\u0442\u0430\u0442\u044c \u0441\u044d\u0439\u044e \u0438 \u043e\u0437\u0432\u0443\u0447\u0438\u0442\u044c \u043e\u0434\u043d\u0443 \u0438\u0437 \u0433\u0435\u0440\u043e\u0438\u043d\u044c \u0435\u0433\u043e \u0441\u0435\u0440\u0438\u0430\u043b\u0430...", "category": 1, "title": "Bakuman", "avatar": "/home/ctulhu/anylist/anylist/media/7674_2.jpg", "heroes": [], "creators": [], "genres": [9, 10, 7, 1], "old_limit": 3}, "pk": 2, "model": "myapp.product"}, {"fields": {"description": "<p>\u0421\u0442\u0430\u043b\u043a\u0435\u0440, \u0441\u0435\u0440\u0438\u0439\u043d\u044b\u0439 \u0443\u0431\u0438\u0439\u0446\u0430, \u043c\u0430\u0437\u043e\u0445\u0438\u0441\u0442\u043a\u0430, \u0440\u044b\u0446\u0430\u0440\u044c, \u043f\u043e\u0434\u0440\u0443\u0433\u0430 \u0434\u0435\u0442\u0441\u0442\u0432\u0430, \u0432\u0430\u043c\u043f\u0438\u0440 \u0438 \u0441\u043f\u044f\u0449\u0430\u044f \u043a\u0440\u0430\u0441\u0430\u0432\u0438\u0446\u0430... \u0421 \u043a\u0435\u043c \u0435\u0449\u0435 \u043f\u0440\u0435\u0434\u0441\u0442\u043e\u0438\u0442 \u0441\u0442\u043e\u043b\u043a\u043d\u0443\u0442\u044c\u0441\u044f \u0433\u043b\u0430\u0432\u043d\u043e\u043c\u0443 \u0433\u0435\u0440\u043e\u044e?</p>", "category": 2, "title": "Abnormal-kei Joshi", "avatar": "/home/ctulhu/anylist/anylist/media/980_o.jpg", "heroes": [], "creators": [], "genres": [21, 8, 7, 1, 20], "old_limit": 5}, "pk": 3, "model": "myapp.product"}, {"fields": {"description": "<p>\u0421\u0435\u0440\u0438\u0430\u043b \u043f\u043e\u0441\u0432\u044f\u0449\u0435\u043d \u0440\u0430\u0441\u043a\u0440\u044b\u0442\u0438\u044e \u043f\u0440\u0435\u0441\u0442\u0443\u043f\u043b\u0435\u043d\u0438\u0439, \u043a\u043e\u0442\u043e\u0440\u044b\u0435 \u0440\u0430\u0441\u0441\u043b\u0435\u0434\u0443\u0435\u0442 \u0441\u043f\u0435\u0446\u0438\u0430\u043b\u044c\u043d\u044b\u0439 \u0430\u0433\u0435\u043d\u0442 <a href=\"http://ru.wikipedia.org/wiki/%D0%A4%D0%91%D0%A0\">\u0424\u0411\u0420</a> <a href=\"http://ru.wikipedia.org/wiki/%D0%A1%D0%B8%D0%BB%D0%B8_%D0%91%D1%83%D1%82\">\u0421\u0438\u043b\u0438 \u0411\u0443\u0442</a> \u0441 \u043f\u043e\u043c\u043e\u0449\u044c\u044e \u043a\u043e\u043c\u0430\u043d\u0434\u044b <a href=\"http://ru.wikipedia.org/wiki/%D0%90%D0%BD%D1%82%D1%80%D0%BE%D0%BF%D0%BE%D0%BB%D0%BE%D0%B3%D0%B8%D1%8F\">\u0430\u043d\u0442\u0440\u043e\u043f\u043e\u043b\u043e\u0433\u043e\u0432</a> \u0438\u0437 \u0414\u0436\u0435\u0444\u0444\u0435\u0440\u0441\u043e\u043d\u043e\u0432\u0441\u043a\u043e\u0433\u043e \u0438\u043d\u0441\u0442\u0438\u0442\u0443\u0442\u0430 (\u0430\u043b\u043b\u044e\u0437\u0438\u044f \u043d\u0430 <a href=\"http://ru.wikipedia.org/wiki/%D0%A1%D0%BC%D0%B8%D1%82%D1%81%D0%BE%D0%BD%D0%BE%D0%B2%D1%81%D0%BA%D0%B8%D0%B9_%D0%B8%D0%BD%D1%81%D1%82%D0%B8%D1%82%D1%83%D1%82\">\u0421\u043c\u0438\u0442\u0441\u043e\u043d\u043e\u0432\u0441\u043a\u0438\u0439 \u0438\u043d\u0441\u0442\u0438\u0442\u0443\u0442</a>) \u043f\u043e\u0434 \u0440\u0443\u043a\u043e\u0432\u043e\u0434\u0441\u0442\u0432\u043e\u043c \u0434\u043e\u043a\u0442\u043e\u0440\u0430 <a href=\"http://ru.wikipedia.org/wiki/%D0%A2%D0%B5%D0%BC%D0%BF%D0%B5%D1%80%D0%B0%D0%BD%D1%81_%D0%91%D1%80%D0%B5%D0%BD%D0%BD%D0%B0%D0%BD\">\u0422\u0435\u043c\u043f\u0435\u0440\u0430\u043d\u0441 \u0411\u0440\u0435\u043d\u043d\u0430\u043d</a>. \u0414\u043e\u043a\u0442\u043e\u0440 \u0411\u0440\u0435\u043d\u043d\u0430\u043d \u0438 \u0435\u0451 \u043a\u043e\u043c\u0430\u043d\u0434\u0430, \u043a\u0430\u043a \u043f\u0440\u0430\u0432\u0438\u043b\u043e, \u043f\u043e\u043b\u0443\u0447\u0430\u044e\u0442 \u0434\u0435\u043b\u0430, \u0433\u0434\u0435 \u043e\u0442 \u0442\u0435\u043b\u0430 \u0443\u0431\u0438\u0442\u043e\u0433\u043e \u043e\u0441\u0442\u0430\u043b\u0438\u0441\u044c \u0442\u043e\u043b\u044c\u043a\u043e \u043a\u043e\u0441\u0442\u0438 \u043b\u0438\u0431\u043e \u0436\u0435 \u0441\u0433\u043d\u0438\u0432\u0448\u0438\u0435 \u043e\u0441\u0442\u0430\u043d\u043a\u0438. \u041d\u043e \u0434\u0430\u0432\u043d\u043e \u0443\u043c\u0435\u0440\u0448\u0438\u0435 \u0436\u0435\u0440\u0442\u0432\u044b \u043d\u0435 \u0435\u0434\u0438\u043d\u0441\u0442\u0432\u0435\u043d\u043d\u043e\u0435, \u0441 \u0447\u0435\u043c \u043f\u0440\u0438\u0434\u0435\u0442\u0441\u044f \u0441\u0442\u043e\u043b\u043a\u043d\u0443\u0442\u044c\u0441\u044f \u0411\u0440\u0435\u043d\u043d\u0430\u043d, \u0411\u0443\u0442\u0443 \u0438 \u0438\u0445 \u043a\u043e\u043c\u0430\u043d\u0434\u0435, \u0440\u0430\u0441\u043a\u0440\u044b\u0432\u0430\u044f \u043f\u0440\u0435\u0441\u0442\u0443\u043f\u043b\u0435\u043d\u0438\u044f, \u043e\u043d\u0438 \u0447\u0430\u0441\u0442\u043e \u0441\u0442\u0430\u043b\u043a\u0438\u0432\u0430\u044e\u0442\u0441\u044f \u0441 \u0432\u0437\u044f\u0442\u043e\u0447\u043d\u0438\u0447\u0435\u0441\u0442\u0432\u043e\u043c, \u043a\u043e\u0440\u0440\u0443\u043f\u0446\u0438\u0435\u0439 \u0438 \u043c\u0435\u0441\u0442\u043d\u043e\u0439 \u0440\u0430\u0437\u0440\u043e\u0437\u043d\u0435\u043d\u043d\u043e\u0441\u0442\u044c\u044e. \u041a\u0440\u043e\u043c\u0435 \u043f\u0440\u0435\u0441\u0442\u0443\u043f\u043b\u0435\u043d\u0438\u0439, \u0432 \u0441\u0435\u0440\u0438\u0430\u043b\u0435 \u0442\u0430\u043a\u0436\u0435 \u0440\u0430\u0441\u043a\u0440\u044b\u0432\u0430\u044e\u0442\u0441\u044f \u043b\u0438\u0447\u043d\u044b\u0435 \u0432\u0437\u0430\u0438\u043c\u043e\u043e\u0442\u043d\u043e\u0448\u0435\u043d\u0438\u044f \u043c\u0435\u0436\u0434\u0443 \u043e\u0441\u043d\u043e\u0432\u043d\u044b\u043c\u0438 \u043f\u0435\u0440\u0441\u043e\u043d\u0430\u0436\u0430\u043c\u0438, \u0432\u043a\u043b\u044e\u0447\u0430\u044f \u043f\u043e\u0442\u0435\u043d\u0446\u0438\u0430\u043b\u044c\u043d\u044b\u0439 \u0440\u043e\u043c\u0430\u043d \u043c\u0435\u0436\u0434\u0443 \u0411\u0443\u0442\u043e\u043c \u0438 \u0411\u0440\u0435\u043d\u043d\u0430\u043d.</p><p>\u041b\u0438\u0442\u0435\u0440\u0430\u0442\u0443\u0440\u043d\u043e\u0439 \u043e\u0441\u043d\u043e\u0432\u043e\u0439 \u043f\u0435\u0440\u0441\u043e\u043d\u0430\u0436\u0435\u0439 \u0441\u0435\u0440\u0438\u0430\u043b\u0430 \u044f\u0432\u043b\u044f\u0435\u0442\u0441\u044f \u0446\u0438\u043a\u043b \u0434\u0435\u0442\u0435\u043a\u0442\u0438\u0432\u043d\u044b\u0445 \u0440\u043e\u043c\u0430\u043d\u043e\u0432 <a href=\"http://ru.wikipedia.org/wiki/%D0%A0%D0%B0%D0%B9%D0%BA%D1%81,_%D0%9A%D1%8D%D1%82%D0%B8\">\u041a\u044d\u0442\u0438 \u0420\u0430\u0439\u043a\u0441</a>, \u0433\u043b\u0430\u0432\u043d\u043e\u0439 \u0433\u0435\u0440\u043e\u0438\u043d\u0435\u0439 \u043a\u043e\u0442\u043e\u0440\u044b\u0445 \u044f\u0432\u043b\u044f\u0435\u0442\u0441\u044f <a href=\"http://en.wikipedia.org/wiki/Temperance_Brennan\">\u0434\u043e\u043a\u0442\u043e\u0440 \u0411\u0440\u0435\u043d\u043d\u0430\u043d</a>. \u041d\u0430 \u043d\u0430\u0441\u0442\u043e\u044f\u0449\u0438\u0439 \u043c\u043e\u043c\u0435\u043d\u0442 \u043e\u043f\u0443\u0431\u043b\u0438\u043a\u043e\u0432\u0430\u043d\u043e 12 \u043a\u043d\u0438\u0433.<a href=\"http://ru.wikipedia.org/wiki/%D0%92%D0%B8%D0%BA%D0%B8%D0%BF%D0%B5%D0%B4%D0%B8%D1%8F:%D0%A1%D1%81%D1%8B%D0%BB%D0%BA%D0%B8_%D0%BD%D0%B0_%D0%B8%D1%81%D1%82%D0%BE%D1%87%D0%BD%D0%B8%D0%BA%D0%B8\">[<em>\u0438\u0441\u0442\u043e\u0447\u043d\u0438\u043a&nbsp;\u043d\u0435&nbsp;\u0443\u043a\u0430\u0437\u0430\u043d&nbsp;92&nbsp;\u0434\u043d\u044f</em>]</a> \u0421\u043b\u0435\u0434\u0443\u0435\u0442 \u0438\u043c\u0435\u0442\u044c \u0432 \u0432\u0438\u0434\u0443 \u043e\u0442\u043b\u0438\u0447\u0438\u044f \u043c\u0435\u0436\u0434\u0443 \u043f\u0435\u0440\u0441\u043e\u043d\u0430\u0436\u0435\u043c \u043a\u043d\u0438\u0433 \u0438 \u0441\u0435\u0440\u0438\u0430\u043b\u0430: \u0432 \u043a\u043d\u0438\u0433\u0435 \u0434\u043e\u043a\u0442\u043e\u0440 \u0422\u0435\u043c\u043f\u0435\u0440\u0430\u043d\u0441&nbsp;&mdash; \u0437\u0440\u0435\u043b\u0430\u044f, \u0443\u0436\u0435 \u0440\u0430\u0437\u0432\u0435\u0434\u0435\u043d\u043d\u0430\u044f \u0436\u0435\u043d\u0449\u0438\u043d\u0430, \u0438\u043c\u0435\u044e\u0449\u0430\u044f \u0432\u0437\u0440\u043e\u0441\u043b\u0443\u044e \u0434\u043e\u0447\u044c, \u0438 \u043d\u0438\u043a\u0430\u043a\u0438\u0445 \u0437\u0430\u0433\u0430\u0434\u043e\u0447\u043d\u044b\u0445 \u0440\u043e\u0434\u0438\u0442\u0435\u043b\u0435\u0439, \u0432 \u043f\u0440\u043e\u0448\u043b\u043e\u043c \u0441\u0442\u0440\u0430\u0434\u0430\u0432\u0448\u0430\u044f \u043e\u0442 \u0430\u043b\u043a\u043e\u0433\u043e\u043b\u0438\u0437\u043c\u0430, \u0436\u0438\u0432\u0443\u0449\u0430\u044f \u0432 \u041a\u0432\u0435\u0431\u0435\u043a\u0435 \u0438, \u0447\u0442\u043e \u0441\u0430\u043c\u043e\u0435 \u0432\u0430\u0436\u043d\u043e\u0435, \u043d\u0435 \u043e\u0431\u043b\u0430\u0434\u0430\u044e\u0449\u0430\u044f \u0442\u0430\u043a\u0438\u043c \u0445\u043b\u0430\u0434\u043d\u043e\u043a\u0440\u043e\u0432\u043d\u044b\u043c, \u043e\u0442\u0441\u0442\u0440\u0430\u043d\u0435\u043d\u043d\u044b\u043c, \u043d\u0435\u0442\u0430\u043a\u0442\u0438\u0447\u043d\u044b\u043c \u0438 \u043f\u043e\u0440\u043e\u0439 \u043d\u0435\u043f\u043e\u043d\u044f\u0442\u043d\u044b\u043c \u0434\u043b\u044f \u043e\u043a\u0440\u0443\u0436\u0430\u044e\u0449\u0438\u0445 \u0445\u0430\u0440\u0430\u043a\u0442\u0435\u0440\u043e\u043c.</p>", "category": 3, "title": "Bones", "avatar": "/home/ctulhu/anylist/anylist/media/images.duckduckgo.com_2.jpeg", "heroes": [], "creators": [], "genres": [13], "old_limit": 5}, "pk": 4, "model": "myapp.product"}, {"fields": {"description": "<p>\u0412 \u0436\u0438\u0437\u043d\u0438 \u043f\u043e\u0434 \u0430\u0432\u0442\u043e\u0440\u0438\u0442\u0430\u0440\u043d\u044b\u043c \u0440\u0435\u0436\u0438\u043c\u043e\u043c \u043d\u0435\u0442 \u043d\u0438\u0447\u0435\u0433\u043e \u0445\u043e\u0440\u043e\u0448\u0435\u0433\u043e. \u041d\u0438 \u0442\u0435\u0431\u0435 Facebook&rsquo;a, &nbsp;\u043d\u0438\u043a\u0430\u043a\u043e\u0433\u043e YouTube \u0438 \u043d\u0438\u043a\u0430\u043a\u043e\u0433\u043e \u043f\u043e\u0440\u043d\u043e. \u0412\u0430\u043d\u0441 - \u043c\u043e\u043b\u043e\u0434\u043e\u0439, \u043d\u043e \u0432 \u0442\u043e\u0436\u0435 \u0432\u0440\u0435\u043c\u044f \u0443\u043c\u0435\u043b\u044b\u0439 \u0445\u0430\u043a\u0435\u0440, \u043a\u043e\u0442\u043e\u0440\u044b\u0439 \u043f\u0440\u043e\u0433\u0443\u043b\u0438\u0432\u0430\u0435\u0442\u0441\u044f \u043f\u043e \u043f\u0430\u0440\u043a\u0443, \u043f\u0440\u0438 \u044d\u0442\u043e\u043c \u0432\u0437\u043b\u0430\u043c\u044b\u0432\u0430\u044f \u043c\u043e\u0449\u043d\u044b\u0439 \u0411\u0440\u0430\u043d\u0434\u043c\u0430\u0443\u044d\u0440. \u0412 \u044d\u0442\u043e\u0442 \u043c\u0438\u0433 \u043e\u043d \u043a\u043e\u0435-\u0447\u0442\u043e \u043f\u043e\u043d\u0438\u043c\u0430\u0435\u0442. \u041e\u0441\u043e\u0437\u043d\u0430\u0435\u0442, \u0447\u0442\u043e \u0435\u043c\u0443 \u0447\u0435\u0433\u043e-\u0442\u043e \u043d\u0435 \u0445\u0432\u0430\u0442\u0430\u0435\u0442.</p><p>-\u0410, \u043c\u043e\u0436\u0435\u0442, \u0434\u0435\u0432\u0443\u0448\u043a\u0438?</p><p>\u0422\u043e\u0433\u0434\u0430, \u0432\u043e\u0437\u043c\u043e\u0436\u043d\u043e, \u043d\u0435\u0442 \u043d\u0438\u0447\u0435\u0433\u043e \u0441\u0442\u0440\u0430\u043d\u043d\u043e\u0433\u043e \u0432 \u0442\u043e\u043c, \u0447\u0442\u043e\u0431\u044b \u0432\u0437\u043b\u043e\u043c\u0430\u0442\u044c \u0441\u0435\u0440\u0432\u0435\u0440 \u0443\u043d\u0438\u0432\u0435\u0440\u0441\u0438\u0442\u0435\u0442\u0430 \u0438 \u043f\u043e\u0441\u0435\u043b\u0438\u0442\u044c \u0440\u044f\u0434\u043e\u043c \u0441 \u0441\u043e\u0431\u043e\u0439 \u0445\u043e\u0440\u043e\u0448\u0443\u044e \u0434\u0435\u0432\u0443\u0448\u043a\u0443, \u0432\u0435\u0440\u043d\u043e? \u041d\u043e \u0441\u0443\u0434\u044c\u0431\u0430 - \u0432\u0435\u0449\u044c \u0434\u043e\u0432\u043e\u043b\u044c\u043d\u043e \u0441\u0442\u0440\u0430\u043d\u043d\u0430\u044f. \u0422\u0435\u043f\u0435\u0440\u044c \u0443 \u0412\u0430\u043d\u0441\u0430 \u043a\u0443\u0447\u0430 \u043f\u0440\u043e\u0431\u043b\u0435\u043c.</p>", "category": 2, "title": "Fisheye Placebo", "avatar": "/home/ctulhu/anylist/anylist/media/268_o.jpg", "heroes": [], "creators": [], "genres": [16, 17, 15], "old_limit": 3}, "pk": 5, "model": "myapp.product"}, {"fields": {"description": "<p>\u0412\u044b \u0433\u043e\u0442\u043e\u0432\u044b \u043d\u0430\u0447\u0430\u0442\u044c \u0440\u0430\u0437\u0431\u0438\u0440\u0430\u0442\u044c\u0441\u044f \u0441 \u0432\u0430\u0448\u0438\u043c\u0438 \u043a\u043e\u0448\u043c\u0430\u0440\u0430\u043c\u0438? \u0425\u043e\u0442\u0438\u0442\u0435 \u043b\u0438 \u0432\u044b \u043f\u043e\u0441\u043b\u0443\u0448\u0430\u0442\u044c \u043d\u0430\u0448\u0443 \u043d\u0435\u0432\u0435\u0440\u043e\u044f\u0442\u043d\u0443\u044e \u0438\u0441\u0442\u043e\u0440\u0438\u044e?&nbsp;</p>", "category": 2, "title": " 0.0 Mhz", "avatar": "/home/ctulhu/anylist/anylist/media/720_o.jpg", "heroes": [], "creators": [], "genres": [18, 1, 19], "old_limit": 3}, "pk": 6, "model": "myapp.product"}, {"fields": {"description": "<p>\u041c\u043e\u043b\u043e\u0434\u0430\u044f \u041c\u0430 \u0413\u043e \u042b\u043d \u0438 \u0435\u0451 \u043e\u0442\u0435\u0446 \u0432\u043e\u0442-\u0432\u043e\u0442 \u0431\u0443\u0434\u0443\u0442 \u0432\u044b\u0441\u0435\u043b\u0435\u043d\u044b \u0438\u0437 \u0438\u0445 \u0434\u043e\u043c\u0430 \u0441 \u043f\u0440\u0438\u0432\u0438\u0434\u0435\u043d\u0438\u044f\u043c\u0438, \u0433\u0434\u0435 \u043e\u043d\u0438 \u0440\u0430\u0431\u043e\u0442\u0430\u044e\u0442 \u043d\u0430 \u043f\u0440\u043e\u0442\u044f\u0436\u0435\u043d\u0438\u0438 \u043c\u043d\u043e\u0433\u0438\u0445 \u043b\u0435\u0442. \u041d\u043e \u0413\u043e \u042b\u043d \u043d\u0435 \u0441\u043e\u0431\u0438\u0440\u0430\u0435\u0442\u0441\u044f \u043f\u043e\u0437\u0432\u043e\u043b\u0438\u0442\u044c \u0432\u043b\u0430\u0434\u0435\u043b\u044c\u0446\u0443 \u043f\u0430\u0440\u043a\u0430 \u0441\u043d\u0435\u0441\u0442\u0438 \u0438\u0445 \u0434\u043e\u043c \u0441 \u043f\u0440\u0438\u0432\u0438\u0434\u0435\u043d\u0438\u044f\u043c\u0438, \u0432\u0435\u0434\u044c \u0432 \u043d\u0451\u043c \u0442\u0430\u043a \u043c\u043d\u043e\u0433\u043e \u0432\u043e\u0441\u043f\u043e\u043c\u0438\u043d\u0430\u043d\u0438\u0439 \u043e \u0434\u0435\u0442\u0441\u0442\u0432\u0435 \u0438 \u0435\u0451 \u043c\u0430\u043c\u0435. \u041e\u043d\u0430 \u0440\u0435\u0448\u0430\u0435\u0442 \u043f\u043e\u0435\u0445\u0430\u0442\u044c \u0432 \u0421\u0428\u0410, \u0447\u0442\u043e\u0431\u044b \u043f\u0440\u043e\u0439\u0442\u0438 \u0438\u0441\u043f\u044b\u0442\u0430\u043d\u0438\u0435 \u0438 \u043f\u043e\u043b\u0443\u0447\u0438\u0442\u044c 1 \u043c\u0438\u043b\u043b\u0438\u043e\u043d \u0434\u043e\u043b\u043b\u0430\u0440\u043e\u0432, \u044d\u0442\u0438 \u0434\u0435\u043d\u044c\u0433\u0438 \u0441\u0442\u0430\u043d\u0443\u0442 \u043f\u0440\u0438\u0437\u043e\u043c \u0442\u043e\u043c\u0443, \u043a\u0442\u043e \u0441\u043c\u043e\u0436\u0435\u0442 \u0432\u044b\u0436\u0438\u0442\u044c \u0432 &quot;\u0414\u043e\u043c\u0435 \u041f\u0440\u0438\u0437\u0440\u0430\u043a\u0430 \u0414\u0436\u0435\u043a\u0430&quot;.</p>", "category": 2, "title": "American Ghost Jack", "avatar": "/home/ctulhu/anylist/anylist/media/905_o.png", "heroes": [], "creators": [], "genres": [18, 3, 19], "old_limit": 5}, "pk": 7, "model": "myapp.product"}, {"fields": {"description": "\u041f\u0440\u043e\u0441\u043b\u0430\u0432\u0438\u0442\u044c\u0441\u044f \u0432 \u0441\u0442\u043e\u043b\u0438\u0446\u0435 - \u044d\u0442\u043e \u043c\u0435\u0447\u0442\u0430 \u043b\u044e\u0431\u043e\u0433\u043e \u0434\u0435\u0440\u0435\u0432\u0435\u043d\u0441\u043a\u043e\u0433\u043e \u043f\u0430\u0440\u043d\u044f. \u0413\u043b\u0430\u0432\u043d\u044b\u0439 \u0433\u0435\u0440\u043e\u0439, \u0422\u0430\u0446\u0443\u043c\u0438, \u043d\u0435 \u0441\u0442\u0430\u043b \u0438\u0441\u043a\u043b\u044e\u0447\u0435\u043d\u0438\u0435\u043c. \u0420\u0435\u0448\u0438\u0432, \u0447\u0442\u043e \u0445\u043e\u0447\u0435\u0442 \u0441\u043f\u0430\u0441\u0442\u0438 \u0441\u0432\u043e\u044e \u0434\u0435\u0440\u0435\u0432\u043d\u044e \u043e\u043d \u043e\u0442\u043f\u0440\u0430\u0432\u043b\u044f\u0435\u0442\u0441\u044f \u0432 \u0441\u0442\u043e\u043b\u0438\u0446\u0443 \u0432\u043c\u0435\u0441\u0442\u0435 \u0441\u043e \u0441\u0432\u043e\u0438\u043c\u0438 \u0434\u0440\u0443\u0437\u044c\u044f\u043c\u0438, \u0432\u0435\u0434\u044c \u0438\u043c\u0435\u043d\u043d\u043e \u0442\u0430\u043c \u043b\u0435\u0433\u0447\u0435 \u0432\u0441\u0435\u0433\u043e \u0437\u0430\u0440\u0430\u0431\u043e\u0442\u0430\u0442\u044c \u0434\u0435\u043d\u044c\u0433\u0438, \u0432\u0435\u0440\u043d\u0435\u0435 \u043e\u043d \u0442\u0430\u043a \u0441\u0447\u0438\u0442\u0430\u043b.\r\n\u0412 \u043f\u0435\u0440\u0432\u044b\u0439 \u0436\u0435 \u0434\u0435\u043d\u044c \u0432 \u0441\u0442\u043e\u043b\u0438\u0446\u0435 \u0435\u0433\u043e \u043e\u0431\u0432\u043e\u0434\u044f\u0442 \u0432\u043e\u043a\u0440\u0443\u0433 \u043f\u0430\u043b\u044c\u0446\u0435\u0432, \u043e\u0441\u0442\u0430\u0432\u0438\u0432 \u0431\u0435\u0437 \u0434\u0435\u043d\u0435\u0433. \u041a\u0430\u0437\u0430\u043b\u043e\u0441\u044c \u0431\u044b \u0442\u0435\u043f\u0435\u0440\u044c \u0432\u0441\u0435 \u043f\u043e\u0442\u0435\u0440\u044f\u043d\u043e... \u043d\u0438 \u0434\u0435\u043d\u0435\u0433, \u043d\u0438 \u0440\u0430\u0431\u043e\u0442\u044b, \u0430\u0431\u0441\u043e\u043b\u044e\u0442\u043d\u043e \u043d\u0438\u0447\u0435\u0433\u043e. \u041e\u0434\u043d\u0430\u043a\u043e \u043e\u043d \u0432\u0441\u0442\u0440\u0435\u0447\u0430\u0435\u0442 \u0434\u043e\u0431\u0440\u0443\u044e \u0430\u0440\u0438\u0441\u0442\u043e\u043a\u0440\u0430\u0442\u043a\u0443 \u0410\u0440\u0438\u0430, \u043a\u043e\u0442\u043e\u0440\u0430\u044f \u0441\u043e\u0433\u043b\u0430\u0448\u0430\u0435\u0442\u0441\u044f \u043f\u0440\u0438\u044e\u0442\u0438\u0442\u044c \u0435\u0433\u043e. \u0412 \u043d\u043e\u0447\u044c \u0442\u043e\u0433\u043e \u0436\u0435 \u0434\u043d\u044f, \u0432 \u0434\u043e\u043c \u0410\u0440\u0438\u0438 \u0432\u0442\u043e\u0440\u0433\u0430\u044e\u0442\u0441\u044f \u043b\u044e\u0434\u0438 (\u0432 \u0442\u043e\u043c \u0447\u0438\u0441\u043b\u0435 \u0434\u0435\u0432\u0443\u0448\u043a\u0430, \u043a\u043e\u0442\u043e\u0440\u0430\u044f \u043e\u0431\u043e\u043a\u0440\u0430\u043b\u0430 \u0435\u0433\u043e), \u0442\u043e\u0447\u043d\u0435\u0435 \u0440\u0435\u0432\u043e\u043b\u044e\u0446\u0438\u043e\u043d\u0435\u0440\u044b, \u0438\u0437\u0432\u0435\u0441\u0442\u043d\u044b\u0435 \u043a\u0430\u043a \"\u041d\u043e\u0447\u043d\u043e\u0439 \u0440\u0435\u0439\u0434\". \u041e\u043d\u0438 \u0443\u0442\u0432\u0435\u0440\u0436\u0434\u0430\u044e\u0442, \u0447\u0442\u043e \u0410\u0440\u0438\u044f \u043d\u0430 \u0441\u0430\u043c\u043e\u043c \u0434\u0435\u043b\u0435 \u043c\u0430\u043d\u044c\u044f\u043a \u0432 \u044e\u0431\u043a\u0435, \u0430 \u043d\u0435 \u0442\u0430, \u0437\u0430 \u043a\u043e\u0433\u043e \u0441\u0435\u0431\u044f \u0432\u044b\u0434\u0430\u0435\u0442.\r\n\u041a\u043e\u043c\u0443 \u043f\u043e\u0432\u0435\u0440\u0438\u0442 \u0422\u0430\u0446\u0443\u043c\u0438? \u0420\u0435\u0432\u043e\u043b\u044e\u0446\u0438\u043e\u043d\u0435\u0440\u0430\u043c \u0438\u043b\u0438 \u0436\u0435 \u0434\u0435\u0432\u0443\u0448\u043a\u0435, \u043a\u043e\u0442\u043e\u0440\u0430\u044f \u043f\u043e\u043c\u043e\u0433\u043b\u0430 \u0435\u043c\u0443?", "category": 1, "title": "Akame ga Kill!", "avatar": "/home/ctulhu/anylist/anylist/media/22199.jpg", "heroes": [], "creators": [], "genres": [22, 23, 24], "old_limit": 5}, "pk": 11, "model": "myapp.product"}, {"fields": {"description": "\u0414\u043e\u0447\u044c \u0432\u043b\u0430\u0434\u0435\u043b\u044c\u0446\u0430 \u043c\u0430\u0441\u0442\u0435\u0440\u0441\u043a\u043e\u0439 \u043f\u043e \u0441\u0442\u0435\u043a\u043b\u0443, \u0443\u0447\u0435\u043d\u0438\u0446\u0430 \u0442\u0440\u0435\u0442\u044c\u0435\u0433\u043e \u0433\u043e\u0434\u0430 \u0441\u0442\u0430\u0440\u0448\u0435\u0439 \u0448\u043a\u043e\u043b\u044b \u0424\u0443\u043a\u0430\u043c\u0438 \u0422\u043e\u043a\u043e, \u0432\u0435\u0441\u0435\u043b\u043e \u043f\u0440\u043e\u0432\u043e\u0434\u0438\u0442 \u0432\u0440\u0435\u043c\u044f \u0441 \u043a\u043e\u043c\u043f\u0430\u043d\u0438\u0435\u0439 \u0434\u0440\u0443\u0437\u0435\u0439 \u0432 \u043a\u0430\u0444\u0435 \"\u0414\u043e\u0440\u043e\u0433\u0430 \u0412\u0435\u0442\u0440\u0430\". \u0412\u043e \u0432\u0440\u0435\u043c\u044f \u043b\u0435\u0442\u043d\u0435\u0433\u043e \u0444\u0435\u0441\u0442\u0438\u0432\u0430\u043b\u044f \u0422\u043e\u043a\u043e \u0432\u0441\u0442\u0440\u0435\u0447\u0430\u0435\u0442 \u0441\u0442\u0440\u0430\u043d\u043d\u043e\u0433\u043e \u043d\u0435\u0440\u0430\u0437\u0433\u043e\u0432\u043e\u0440\u0447\u0438\u0432\u043e\u0433\u043e \u043f\u0430\u0440\u043d\u044f \u041e\u043a\u0438\u043a\u0443\u0440\u0443 \u041a\u0430\u043a\u0435\u0440\u0443, \u043a\u043e\u0442\u043e\u0440\u044b\u0439 \u0433\u043e\u0432\u043e\u0440\u0438\u0442 \u0435\u0439 \u043e \u0442\u043e\u043c, \u0447\u0442\u043e \u043e\u043d\u0438 \u0432\u043c\u0435\u0441\u0442\u0435 \u043c\u043e\u0433\u0443\u0442 \u0441\u043b\u044b\u0448\u0430\u0442\u044c \u0433\u043e\u043b\u043e\u0441\u0430 \u0438\u0437 \u0431\u0443\u0434\u0443\u0449\u0435\u0433\u043e. \u0415\u0441\u043b\u0438 \u0431\u044b \u043b\u044e\u0434\u0438 \u0437\u043d\u0430\u043b\u0438, \u043a\u0430\u043a\u0438\u043c \u0431\u0443\u0434\u0435\u0442 \u0438\u0445 \u0431\u0443\u0434\u0443\u0449\u0435\u0435, \u0442\u043e \u0447\u0435\u0433\u043e \u0431\u044b \u043e\u043d\u0438 \u043f\u043e\u0436\u0435\u043b\u0430\u043b\u0438?\r\n\u0412 \u0441\u0435\u0440\u0434\u0446\u0435 \u0422\u043e\u043a\u043e \u0437\u0430\u0440\u043e\u0436\u0434\u0430\u0435\u0442\u0441\u044f \u043d\u043e\u0432\u043e\u0435 \u0447\u0443\u0432\u0441\u0442\u0432\u043e, \u043d\u043e \u043a\u0430\u043a \u0436\u0435 \u0431\u044b\u0442\u044c \u0437\u0430 \u0437\u0430\u043f\u0440\u0435\u0442\u043e\u043c \u043d\u0430 \u043b\u044e\u0431\u043e\u0432\u044c, \u043a\u043e\u0442\u043e\u0440\u044b\u0439 \u0443\u0441\u0442\u0430\u043d\u043e\u0432\u043b\u0435\u043d \u0432 \u0435\u0435 \u043a\u043e\u043c\u043f\u0430\u043d\u0438\u0438?...", "category": 1, "title": "Glasslip", "avatar": "/home/ctulhu/anylist/anylist/media/23079.jpg", "heroes": [], "creators": [], "genres": [10, 25, 19], "old_limit": 5}, "pk": 12, "model": "myapp.product"}, {"fields": {"description": "\u041f\u0435\u0440\u0435\u043d\u0435\u0441\u0435\u043c\u0441\u044f \u0432 \u043f\u0430\u0440\u0430\u043b\u043b\u0435\u043b\u044c\u043d\u044b\u0439 \u043c\u0438\u0440, \u0433\u0434\u0435 \u043f\u0440\u0430\u0432\u0438\u0442\u0435\u043b\u044c\u0441\u0442\u0432\u043e \u042f\u043f\u043e\u043d\u0438\u0438 \u043d\u0435 \u043c\u043e\u043d\u043e\u043f\u043e\u043b\u0438\u0437\u0438\u0440\u043e\u0432\u0430\u043b\u043e \u0436\u0435\u043b\u0435\u0437\u043d\u043e\u0434\u043e\u0440\u043e\u0436\u043d\u044b\u0435 \u043f\u0435\u0440\u0435\u0432\u043e\u0437\u043a\u0438. \u0412 \u044d\u0442\u043e\u043c \u043c\u0438\u0440\u0435 \u043f\u0440\u043e\u0441\u0442\u043e\u0439 \u0448\u043a\u043e\u043b\u044c\u043d\u0438\u043a \u041d\u0430\u043e\u0445\u0438\u0442\u043e \u0422\u0430\u043a\u0430\u044f\u043c\u0430 \u043c\u0435\u0447\u0442\u0430\u0435\u0442 \u043e \u043f\u0440\u0438\u043b\u0438\u0447\u043d\u043e\u0439 \u0440\u0430\u0431\u043e\u0442\u0435 \u043d\u0430 \u0436\u0435\u043b\u0435\u0437\u043d\u043e\u0439 \u0434\u043e\u0440\u043e\u0433\u0435. \u041e\u043d \u043f\u043e\u043b\u0443\u0447\u0430\u0435\u0442 \u0441\u0442\u0430\u0436\u0438\u0440\u043e\u0432\u043a\u0443 \u0432 \u0436\u0435\u043b\u0435\u0437\u043d\u043e\u0434\u043e\u0440\u043e\u0436\u043d\u043e\u0439 \u043e\u0445\u0440\u0430\u043d\u0435, \u043a\u043e\u0442\u043e\u0440\u0430\u044f \u043f\u043e\u043b\u043d\u0430 \u0441\u0442\u0440\u0430\u043d\u043d\u044b\u0445 \u0440\u0435\u0431\u044f\u0442. \u041d\u0430\u043f\u0440\u0438\u043c\u0435\u0440, \u0421\u0430\u043a\u0443\u0440\u0430\u0438, \u043a\u043e\u0442\u043e\u0440\u0430\u044f \u043d\u0435\u043d\u0430\u0432\u0438\u0434\u0438\u0442 \u043f\u0430\u0440\u043d\u0435\u0439.\r\n\u041a\u0440\u043e\u043c\u0435 \u0432\u0441\u0435\u0433\u043e \u043f\u0440\u043e\u0447\u0435\u0433\u043e, \u0432 \u044d\u0442\u043e\u043c \u043f\u0430\u0440\u0430\u043b\u043b\u0435\u043b\u044c\u043d\u043e\u043c \u043c\u0438\u0440\u0435 \u0435\u0441\u0442\u044c \u0438 \u0442\u0435, \u043a\u0442\u043e \u043d\u0435\u0434\u043e\u0432\u043e\u043b\u0435\u043d \u043e\u0442\u0441\u0443\u0442\u0441\u0442\u0432\u0438\u0435\u043c \u043f\u0440\u0438\u0432\u0430\u0442\u0438\u0437\u0430\u0446\u0438\u0438 \u0438 \u0441\u0442\u0440\u0435\u043c\u0438\u0442\u0441\u044f \u044d\u0442\u043e \u0438\u0441\u043f\u0440\u0430\u0432\u0438\u0442\u044c, \u043d\u0430\u043f\u0440\u0438\u043c\u0435\u0440, \u0442\u0430\u043a\u0438\u0435, \u043a\u0430\u043a \"RJ\". \u0412\u043e \u0447\u0442\u043e \u0432\u044b\u043b\u044c\u0435\u0442\u0441\u044f \u044d\u0442\u043e \u043f\u0440\u043e\u0442\u0438\u0432\u043e\u0441\u0442\u043e\u044f\u043d\u0438\u0435?", "category": 1, "title": "Rail Wars!", "avatar": "/home/ctulhu/anylist/anylist/media/23309.jpg", "heroes": [], "creators": [], "genres": [22], "old_limit": 3}, "pk": 13, "model": "myapp.product"}, {"fields": {"description": "\u041d\u0435\u0441\u043c\u043e\u0442\u0440\u044f \u043d\u0430 \u043f\u0440\u043e\u0438\u0441\u0448\u0435\u0441\u0442\u0432\u0438\u0435 \u0441 Sword Art Online, \u0438\u0433\u0440\u044b \u0441 \u0432\u0438\u0440\u0442\u0443\u0430\u043b\u044c\u043d\u044b\u043c \u043f\u043e\u0433\u0440\u0443\u0436\u0435\u043d\u0438\u0435\u043c \u043d\u0435 \u0431\u044b\u043b\u0438 \u0437\u0430\u043f\u0440\u0435\u0449\u0435\u043d\u044b. \u0410 \u0441\u043f\u0443\u0441\u0442\u044f \u043d\u0435\u043a\u043e\u0442\u043e\u0440\u043e\u0435 \u0432\u0440\u0435\u043c\u044f \u0432\u043d\u043e\u0432\u044c \u0441\u0442\u0430\u043b\u0438 \u043d\u0430\u0431\u0438\u0440\u0430\u0442\u044c \u043f\u043e\u043f\u0443\u043b\u044f\u0440\u043d\u043e\u0441\u0442\u044c. \u0418 \u0432\u043e\u0442, \u043a\u043e\u0433\u0434\u0430 \u0443\u0436\u0435, \u043a\u0430\u0437\u0430\u043b\u043e\u0441\u044c \u0431\u044b, \u0432\u0441\u0435 \u0443\u043b\u0435\u0433\u043b\u043e\u0441\u044c, VRMMO \u0441\u043d\u043e\u0432\u0430 \u043f\u0440\u0435\u043f\u043e\u0434\u043d\u043e\u0441\u0438\u0442 \u0441\u044e\u0440\u043f\u0440\u0438\u0437. \u0412 Gun Gale Online \u043f\u043e\u044f\u0432\u043b\u044f\u0435\u0442\u0441\u044f \u0437\u0430\u0433\u0430\u0434\u043e\u0447\u043d\u044b\u0439 \u0438\u0433\u0440\u043e\u043a, \u043a\u043e\u0442\u043e\u0440\u044b\u0439 \u0432\u044b\u0441\u0442\u0440\u0435\u043b\u043e\u043c \u0432 \u0438\u0433\u0440\u0435 \u0441\u043f\u043e\u0441\u043e\u0431\u0435\u043d \u0443\u0431\u0438\u0442\u044c \u0447\u0435\u043b\u043e\u0432\u0435\u043a\u0430 \u0432 \u00ab\u0440\u0435\u0430\u043b\u0435\u00bb. \u041e\u0431 \u044d\u0442\u043e\u043c \u041a\u0430\u0434\u0437\u0443\u0442\u043e \u0443\u0437\u043d\u0430\u0435\u0442 \u043e\u0442 \u0421\u0435\u0439\u0434\u0437\u0438\u0440\u043e \u041a\u0438\u043a\u0443\u043e\u043a\u0438, \u0440\u0430\u0431\u043e\u0442\u043d\u0438\u043a\u0430 \u00ab\u0432\u0438\u0440\u0442\u0443\u0430\u043b\u044c\u043d\u043e\u0433\u043e \u043e\u0442\u0434\u0435\u043b\u0430\u00bb \u041c\u0412\u0414. \u041a\u0438\u043a\u0443\u043e\u043a\u0430-\u0441\u0438 \u043f\u0440\u043e\u0441\u0438\u0442 \u041a\u0438\u0440\u0438\u0442\u043e, \u043a\u0430\u043a \u043e\u043f\u044b\u0442\u043d\u043e\u0433\u043e \u043e\u0431\u0438\u0442\u0430\u0442\u0435\u043b\u044f \u0432\u0438\u0440\u0442\u0443\u0430\u043b\u044c\u043d\u044b\u0445 \u043c\u0438\u0440\u043e\u0432, \u043f\u043e\u043c\u043e\u0447\u044c \u0435\u043c\u0443 \u0440\u0430\u0437\u043e\u0431\u0440\u0430\u0442\u044c\u0441\u044f \u0441 \u044d\u0442\u0438\u043c \u0434\u0435\u043b\u043e\u043c", "category": 1, "title": "Sword Art Online II", "avatar": "/home/ctulhu/anylist/anylist/media/21881.jpg", "heroes": [8, 9, 10, 11, 7], "creators": [2, 3, 4, 5, 6, 7, 8, 9], "genres": [22, 23, 24, 26, 10, 1], "old_limit": 3}, "pk": 14, "model": "myapp.product"}, {"fields": {"description": "\u00ab\u0421\u0443\u0449\u0435\u0441\u0442\u0432\u0443\u0435\u0442 \u0434\u0432\u0430 \u0441\u043f\u043e\u0441\u043e\u0431\u0430 \u0436\u0438\u0442\u044c \u0432 \u044d\u0442\u043e\u043c \u043c\u0438\u0440\u0435: \u0436\u0438\u0442\u044c \u0442\u0430\u043a, \u0431\u0443\u0434\u0442\u043e \u0447\u0443\u0434\u0435\u0441 \u043d\u0435 \u0431\u044b\u0432\u0430\u0435\u0442... \u0438\u043b\u0438 \u0442\u0430\u043a, \u0441\u043b\u043e\u0432\u043d\u043e \u043e\u043d\u0438 \u043d\u0430\u0441 \u043e\u043a\u0440\u0443\u0436\u0430\u044e\u0442\u00bb. \u0422\u0430\u043a \u0438 \u043d\u0430\u0443\u0447\u043d\u043e-\u0444\u0430\u043d\u0442\u0430\u0441\u0442\u0438\u0447\u0435\u0441\u043a\u0430\u044f \u0438\u0441\u0442\u043e\u0440\u0438\u044f \"\u0422\u043e\u043a\u0438\u0439\u0441\u043a\u0438\u0435 \u042d\u0441\u043f\u0435\u0440\u044b\" \u0440\u0430\u0437\u0432\u0435\u0440\u043d\u0443\u043b\u0430\u0441\u044c \u0432\u043e\u043a\u0440\u0443\u0433 \u0420\u0438\u043d\u043a\u0438 - \u0434\u0435\u0432\u0443\u0448\u043a\u0438 \u0438\u0437 \u0431\u0435\u0434\u043d\u043e\u0439 \u0441\u0435\u043c\u044c\u0438, \u0436\u0438\u0432\u0443\u0449\u0435\u0439 \u0442\u043e\u043b\u044c\u043a\u043e \u0441\u043e \u0441\u0432\u043e\u0438\u043c \u0431\u0435\u0437\u0440\u0430\u0431\u043e\u0442\u043d\u044b\u043c \u043e\u0442\u0446\u043e\u043c \u0432 \u0422\u043e\u043a\u0438\u043e, \u043a\u043e\u0442\u043e\u0440\u0430\u044f \u043d\u0438\u043a\u043e\u0433\u0434\u0430 \u043d\u0435 \u0432\u0435\u0440\u0438\u043b\u0430 \u0432 \u0447\u0443\u0434\u0435\u0441\u0430.\r\n\u0412 \u0441\u0430\u043c\u044b\u0439 \u043e\u0431\u044b\u0447\u043d\u044b\u0439 \u0434\u0435\u043d\u044c \u043a\u043e\u0433\u0434\u0430 \u0420\u0438\u043d\u043a\u0430 \u0432\u043e\u0437\u0432\u0440\u0430\u0449\u0430\u043b\u0430\u0441\u044c \u0434\u043e\u043c\u043e\u0439, \u043e\u043d\u0430 \u0437\u0430\u043c\u0435\u0447\u0430\u0435\u0442 \"\u043b\u0435\u0442\u0430\u044e\u0449\u0435\u0433\u043e \u043f\u0438\u043d\u0433\u0432\u0438\u043d\u0430\". \u041f\u0438\u043d\u0433\u0432\u0438\u043d\u0430\u043c\u0438 \u0441\u0442\u0440\u0430\u043d\u043d\u043e\u0441\u0442\u0438 \u043d\u0435 \u043e\u0433\u0440\u0430\u043d\u0438\u0447\u0438\u043b\u0438\u0441\u044c... \u041d\u0430 \u0441\u043b\u0435\u0434\u0443\u044e\u0449\u0438\u0439 \u0434\u0435\u043d\u044c \u0420\u0438\u043d\u043a\u0430 \u043e\u0431\u043d\u0430\u0440\u0443\u0436\u0438\u0432\u0430\u0435\u0442, \u0447\u0442\u043e \u043c\u043e\u0436\u0435\u0442 \u043f\u0440\u043e\u0445\u043e\u0434\u0438\u0442\u044c \u0441\u043a\u0432\u043e\u0437\u044c \u0442\u0432\u0435\u0440\u0434\u044b\u0435 \u043f\u0440\u0435\u0434\u043c\u0435\u0442\u044b.\r\n\u041a\u0442\u043e \u0431\u044b \u043c\u043e\u0433 \u043f\u043e\u0434\u0443\u043c\u0430\u0442\u044c, \u0447\u0442\u043e \u043d\u0435 \u0441\u0442\u043e\u043b\u044c \u0432\u0430\u0436\u043d\u043e\u0435 \u0441\u043e\u0431\u044b\u0442\u0438\u0435, \u0441\u043a\u0430\u0436\u0435\u0442\u0441\u044f \u043d\u0435 \u0442\u043e\u043b\u044c\u043a\u043e \u043d\u0430 \u0436\u0438\u0437\u043d\u0438 \u0420\u0438\u043d\u043a\u0438, \u043d\u043e \u0438 \u043d\u0430 \u0434\u0440\u0443\u0433\u0438\u0445?", "category": 1, "title": "Tokyo ESP", "avatar": "/home/ctulhu/anylist/anylist/media/21353.jpg", "heroes": [], "creators": [], "genres": [22, 9, 16, 1, 19], "old_limit": 5}, "pk": 15, "model": "myapp.product"}, {"fields": {"description": "\u0412 \u043e\u0434\u0438\u043d \u0438\u0437 \u043b\u0435\u0442\u043d\u0438\u0445 \u0434\u0435\u043d\u044c\u043a\u043e\u0432 \u0422\u043e\u043a\u0438\u043e \u0441\u043e\u0434\u0440\u043e\u0433\u0430\u0435\u0442\u0441\u044f \u043e\u0442 \u043a\u0440\u0443\u043f\u043d\u043e\u0433\u043e \u0442\u0435\u0440\u0440\u043e\u0440\u0438\u0441\u0442\u0438\u0447\u0435\u0441\u043a\u043e\u0433\u043e \u0430\u043a\u0442\u0430. \u0417\u0430 \u044d\u0442\u0438\u043c \u0441\u0442\u043e\u0438\u0442 \u043d\u0435\u043a\u0430\u044f \u043e\u0440\u0433\u0430\u043d\u0438\u0437\u0430\u0446\u0438\u044f \"\u0421\u0444\u0438\u043d\u043a\u0441\", \u043f\u043e\u044f\u0432\u0438\u0432\u0448\u0430\u044f\u0441\u044f \u0431\u0443\u043a\u0432\u0430\u043b\u044c\u043d\u043e \u0438\u0437 \u043d\u0438\u043e\u0442\u043a\u0443\u0434\u0430. \u0412\u043e\u0442 \u0442\u043e\u043b\u044c\u043a\u043e \u0441\u043e\u0441\u0442\u043e\u0438\u0442 \u044d\u0442\u0430 \u043e\u0440\u0433\u0430\u043d\u0438\u0437\u0430\u0446\u0438\u044f \u0432\u0441\u0435\u0433\u043e \u0438\u0437 \u0434\u0432\u0443\u0445 \u0448\u043a\u043e\u043b\u044c\u043d\u0438\u043a\u043e\u0432, \u0428\u0438\u043d\u0430 \u041a\u043e\u043a\u043e\u043d\u043e\u044d \u00ab\u0414\u0435\u0432\u044f\u0442\u044c\u00bb \u0438 \u0424\u0443\u044e\u0434\u0436\u0438 \u041a\u0443\u043c\u0438 \u00ab\u0414\u0432\u0435\u043d\u0430\u0434\u0446\u0430\u0442\u044c\u00bb, \u0430 \u0442\u0430\u043a\u0436\u0435 \u043d\u0435\u043e\u0436\u0438\u0434\u0430\u043d\u043d\u043e \u043f\u0440\u0438\u0441\u043e\u0435\u0434\u0438\u043d\u0438\u0432\u0448\u0435\u0439\u0441\u044f \u043a \u043d\u0438\u043c \u0420\u0438\u0441\u044b \u041c\u0438\u0448\u0438\u043c\u044b. \u041f\u043e\u043a\u0430 \u0432\u0441\u0435 \u0438\u0449\u0443\u0442 \u0437\u043b\u043e\u0434\u0435\u044f, \u044d\u0442\u0430 \u0442\u0440\u043e\u0438\u0446\u0430 \u0434\u0435\u043b\u0430\u0435\u0442 \u043f\u0435\u0440\u0432\u044b\u0439 \u0445\u043e\u0434 \u0432 \u0438\u0433\u0440\u0435, \u0447\u0430\u0441\u0442\u044c\u044e \u043a\u043e\u0442\u043e\u0440\u043e\u0439 \u0441\u0442\u0430\u043b\u043e \u0432\u0441\u0435 \u043d\u0430\u0441\u0435\u043b\u0435\u043d\u0438\u0435 \u042f\u043f\u043e\u043d\u0438\u0438. \u00ab\u0412 \u044d\u0442\u043e\u043c \u043c\u0438\u0440\u0435 \u043d\u0435\u043e\u0431\u0445\u043e\u0434\u0438\u043c\u043e \u0443\u043c\u0435\u0442\u044c \u043d\u0430\u0436\u0430\u0442\u044c \u043d\u0430 \u043a\u0443\u0440\u043e\u043a\u00bb \u2013 \u0441 \u044d\u0442\u0438\u043c \u0434\u0435\u0432\u0438\u0437\u043e\u043c \u0438 \u043d\u0430\u0447\u0438\u043d\u0430\u0435\u0442\u0441\u044f \u0433\u0440\u0430\u043d\u0434\u0438\u043e\u0437\u043d\u0430\u044f \u00ab\u0438\u0433\u0440\u0430\u00bb.", "category": 1, "title": "Zankyou no Terror", "avatar": "/home/ctulhu/anylist/anylist/media/23283.jpg", "heroes": [], "creators": [], "genres": [17, 20], "old_limit": 5}, "pk": 16, "model": "myapp.product"}, {"fields": {"description": "2046 \u0433\u043e\u0434. \u042e\u043d\u043e\u0448\u0430 \u043f\u043e \u0438\u043c\u0435\u043d\u0438 \u0425\u0430\u0440\u0443\u044e\u043a\u0438 \u0410\u0440\u0438\u0442\u0430 \u0447\u0443\u0432\u0441\u0442\u0432\u0443\u0435\u0442 \u0441\u0435\u0431\u044f \u043d\u0430 \u0434\u043d\u0435 \u0448\u043a\u043e\u043b\u044c\u043d\u043e\u0433\u043e \u043e\u0431\u0449\u0435\u0441\u0442\u0432\u0430. \u0415\u043c\u0443 \u0441\u0442\u044b\u0434\u043d\u043e \u0437\u0430 \u0441\u0432\u043e\u044e \u0436\u0430\u043b\u043a\u0443\u044e \u0436\u0438\u0437\u043d\u044c, \u0438 \u043f\u043e\u044d\u0442\u043e\u043c\u0443 \u043e\u043d \u043c\u043d\u043e\u0433\u043e \u0432\u0440\u0435\u043c\u0435\u043d\u0438 \u043f\u0440\u043e\u0432\u043e\u0434\u0438\u0442 \u0432 \u0432\u0438\u0440\u0442\u0443\u0430\u043b\u044c\u043d\u044b\u0445 \u0438\u0433\u0440\u0430\u0445, \u043a\u043e\u0442\u043e\u0440\u044b\u0435 \u043f\u043e\u043c\u043e\u0433\u0430\u044e\u0442 \u0435\u043c\u0443 \u0437\u0430\u0431\u044b\u0442\u044c\u0441\u044f. \u041d\u043e \u0432\u0441\u0451 \u043c\u0435\u043d\u044f\u0435\u0442\u0441\u044f, \u043a\u043e\u0433\u0434\u0430 \u0427\u0435\u0440\u043d\u043e\u0441\u043d\u0435\u0436\u043a\u0430, \u0441\u0430\u043c\u0430\u044f \u043f\u043e\u043f\u0443\u043b\u044f\u0440\u043d\u0430\u044f \u0434\u0435\u0432\u0443\u0448\u043a\u0430 \u0432 \u0448\u043a\u043e\u043b\u0435, \u043f\u043e\u043a\u0430\u0437\u044b\u0432\u0430\u0435\u0442 \u0435\u043c\u0443 \u0442\u0430\u0438\u043d\u0441\u0442\u0432\u0435\u043d\u043d\u0443\u044e \u043f\u0440\u043e\u0433\u0440\u0430\u043c\u043c\u0443 \u0432\u0438\u0440\u0442\u0443\u0430\u043b\u044c\u043d\u043e\u0439 \u0440\u0435\u0430\u043b\u044c\u043d\u043e\u0441\u0442\u0438, \u043d\u0430\u0437\u044b\u0432\u0430\u0435\u043c\u0443\u044e Brain Burst, \u0441\u0442\u0430\u0432\u0448\u0443\u044e \u043e\u043a\u043d\u043e\u043c \u0432 \u043d\u043e\u0432\u044b\u0439 \u043c\u0438\u0440, \u0423\u0441\u043a\u043e\u0440\u0435\u043d\u043d\u044b\u0439 \u043c\u0438\u0440...", "category": 1, "title": "Accel World", "avatar": "/home/ctulhu/anylist/anylist/media/11759.jpg", "heroes": [12], "creators": [6, 21, 22, 23], "genres": [22, 16, 26, 10, 7, 1], "old_limit": 3}, "pk": 17, "model": "myapp.product"}, {"fields": {"description": "\u041a\u0435\u0439\u0442\u0438 \u041c\u043e\u0440\u0438\u0441\u0430\u0442\u043e \u043d\u0438\u043a\u0430\u043a \u043d\u0435 \u043c\u043e\u0433 \u0434\u043e\u0436\u0434\u0430\u0442\u044c\u0441\u044f, \u043a\u043e\u0433\u0434\u0430 \u0436\u0435 \u043d\u0430\u0447\u043d\u0451\u0442\u0441\u044f \u0435\u0433\u043e \u0443\u043d\u0438\u0432\u0435\u0440\u0441\u0438\u0442\u0435\u0442\u0441\u043a\u0430\u044f \u0436\u0438\u0437\u043d\u044c, \u0432\u0435\u0434\u044c \u0434\u043e \u044d\u0442\u043e\u0433\u043e \u0435\u0433\u043e \u0432\u0441\u0435\u0433\u0434\u0430 \u0432\u043e \u0432\u0441\u0451\u043c \u043f\u0440\u0435\u0441\u043b\u0435\u0434\u043e\u0432\u0430\u043b\u0438 \u043d\u0435\u0443\u0434\u0430\u0447\u0438: \u043f\u0440\u043e\u0431\u043b\u0435\u043c\u044b \u0441 \u0434\u0440\u0443\u0437\u044c\u044f\u043c\u0438, \u043f\u0440\u043e\u0431\u043b\u0435\u043c\u044b \u0432 \u043b\u044e\u0431\u0432\u0438, \u043f\u0440\u043e\u0431\u043b\u0435\u043c\u044b \u0432 \u0443\u0447\u0451\u0431\u0435. \u0412\u043e\u0437\u043c\u043e\u0436\u043d\u043e, \u043e\u043d \u043f\u0440\u043e\u0441\u0442\u043e \u0440\u043e\u0434\u0438\u043b\u0441\u044f \u043f\u043e\u0434 \u043d\u0435\u0441\u0447\u0430\u0441\u0442\u043b\u0438\u0432\u043e\u0439 \u0437\u0432\u0435\u0437\u0434\u043e\u0439, \u043d\u043e \u0441 \u043f\u043e\u0441\u0442\u0443\u043f\u043b\u0435\u043d\u0438\u0435\u043c \u0432 \u0443\u043d\u0438\u0432\u0435\u0440\u0441\u0438\u0442\u0435\u0442 \u043d\u0438\u0447\u0435\u0433\u043e \u0442\u043e\u043b\u043a\u043e\u043c \u043d\u0435 \u0438\u0437\u043c\u0435\u043d\u0438\u043b\u043e\u0441\u044c.\r\n\r\n\u0412 \u043e\u0434\u0438\u043d \u0431\u0443\u0434\u043d\u0438\u0439 \u0434\u0435\u043d\u044c, \u043a\u043e\u0433\u0434\u0430 \u0443 \u041a\u0435\u0439\u0442\u0438 \u0431\u044b\u043b\u043e \u043c\u043e\u0440\u0435 \u0434\u0435\u043b, \u043e\u0441\u0442\u0430\u0432\u043b\u0435\u043d\u043d\u044b\u0445 \u0435\u043c\u0443 \u043e\u0442\u0441\u0443\u0442\u0441\u0442\u0432\u0443\u044e\u0449\u0438\u043c\u0438 \u0441\u0435\u043c\u043f\u0430\u044f\u043c\u0438, \u0435\u043c\u0443 \u0437\u0430\u0447\u0435\u043c-\u0442\u043e \u043f\u043e\u043d\u0430\u0434\u043e\u0431\u0438\u043b\u043e\u0441\u044c \u043f\u043e\u0437\u0432\u043e\u043d\u0438\u0442\u044c \u043e\u0434\u043d\u043e\u043c\u0443 \u0438\u0437 \u043d\u0438\u0445. \u041a\u0430\u043a\u043e\u0432\u043e \u0436\u0435 \u0431\u044b\u043b\u043e \u0435\u0433\u043e \u0443\u0434\u0438\u0432\u043b\u0435\u043d\u0438\u0435, \u043a\u043e\u0433\u0434\u0430 \u043d\u0430 \u0434\u0440\u0443\u0433\u043e\u043c \u043a\u043e\u043d\u0446\u0435 \u0432\u043c\u0435\u0441\u0442\u043e \u0441\u0435\u043c\u043f\u0430\u044f \u043e\u043a\u0430\u0437\u0430\u043b\u0430\u0441\u044c \u0441\u043b\u0443\u0436\u0431\u0430 \u0411\u043e\u0436\u0435\u0441\u0442\u0432\u0435\u043d\u043d\u043e\u0439 \u041f\u043e\u043c\u043e\u0449\u0438! \u0418 \u043d\u0435\u043c\u043d\u043e\u0433\u043e \u043f\u043e\u0433\u043e\u0434\u044f, \u043f\u0440\u044f\u043c\u043e \u0438\u0437 \u0437\u0435\u0440\u043a\u0430\u043b\u0430 \u0432 \u0435\u0433\u043e \u043a\u043e\u043c\u043d\u0430\u0442\u0435 \u043f\u043e\u044f\u0432\u043b\u044f\u0435\u0442\u0441\u044f \u043f\u0440\u0435\u043a\u0440\u0430\u0441\u043d\u0430\u044f \u0431\u043e\u0433\u0438\u043d\u044f \u043f\u043e \u0438\u043c\u0435\u043d\u0438 \u0412\u0435\u0440\u0434\u0430\u043d\u0434\u0438, \u044f\u0432\u0438\u0432\u0448\u0430\u044f\u0441\u044f, \u0447\u0442\u043e\u0431\u044b \u0432\u044b\u043f\u043e\u043b\u043d\u0438\u0442\u044c \u043b\u044e\u0431\u043e\u0435 \u0436\u0435\u043b\u0430\u043d\u0438\u0435 \u041a\u0435\u0439\u0442\u0438.", "category": 1, "title": "Aa! Megami-sama! (TV)", "avatar": "/home/ctulhu/anylist/anylist/media/50.jpg", "heroes": [], "creators": [], "genres": [9, 27, 10, 19], "old_limit": 3}, "pk": 18, "model": "myapp.product"}, {"fields": {"description": "\u041c\u0438\u043d\u0430\u043c\u0438 \u0418\u0446\u0443\u043a\u0438 \u043d\u0438\u043a\u043e\u0433\u0434\u0430 \u0441\u0435\u0440\u044c\u0451\u0437\u043d\u043e \u043d\u0435 \u0434\u0443\u043c\u0430\u043b \u043e \u0442\u043e\u043c, \u0447\u0442\u043e\u0431\u044b \u0437\u0430\u043d\u044f\u0442\u044c\u0441\u044f \u043a\u0430\u0442\u0430\u043d\u0438\u0435\u043c \u043d\u0430 \u00ab\u044d\u0438\u0440-\u0442\u0440\u0435\u043a\u0430\u0445\u00bb (AT) \u2014 \u0432\u044b\u0441\u043e\u043a\u043e\u0442\u0435\u0445\u043d\u043e\u043b\u043e\u0433\u0438\u0447\u043d\u044b\u0445 \u0440\u043e\u043b\u0438\u043a\u0430\u0445, \u0441\u043d\u0430\u0431\u0436\u0451\u043d\u043d\u044b\u0445 \u043c\u043e\u0442\u043e\u0440\u043e\u043c, \u2014 \u0434\u043e \u0442\u0435\u0445 \u043f\u043e\u0440, \u043f\u043e\u043a\u0430 \u0443\u043b\u0438\u0447\u043d\u0430\u044f \u0431\u0430\u043d\u0434\u0430 \u0448\u0442\u043e\u0440\u043c-\u0440\u0435\u0439\u0434\u0435\u0440\u043e\u0432 \u043d\u0435 \u043e\u0442\u043c\u0435\u0442\u0435\u043b\u0438\u043b\u0430 \u0435\u0433\u043e \u043f\u043e\u0447\u0451\u043c \u0437\u0440\u044f. \u0412 \u0442\u043e\u0442 \u0434\u0435\u043d\u044c \u043e\u043d \u043e\u0431\u043d\u0430\u0440\u0443\u0436\u0438\u043b \u0432 \u0437\u0430\u043f\u0435\u0440\u0442\u043e\u0439 \u043a\u043e\u043c\u043d\u0430\u0442\u0435 \u0441\u0432\u043e\u0435\u0433\u043e \u0434\u043e\u043c\u0430 (\u0432 \u043a\u043e\u0442\u043e\u0440\u043e\u043c \u043e\u043d \u0436\u0438\u043b \u0441 \u0447\u0435\u0442\u044b\u0440\u044c\u043c\u044f \u0441\u0451\u0441\u0442\u0440\u0430\u043c\u0438) \u043f\u0430\u0440\u0443 AT \u0438 \u043a\u043e\u0440\u043e\u0431\u043a\u0443 \u0441 \u043d\u0430\u043a\u043b\u0435\u0439\u043a\u0430\u043c\u0438, \u043f\u0440\u0438\u043d\u0430\u0434\u043b\u0435\u0436\u0430\u0449\u0443\u044e \u0443\u043b\u0438\u0447\u043d\u043e\u0439 \u0431\u0430\u043d\u0434\u0435 \u0448\u0442\u0440\u043e\u043c-\u0440\u0430\u0439\u0434\u0435\u0440\u043e\u0432 \u00ab\u0421\u043f\u044f\u0449\u0438\u0439 \u043b\u0435\u0441\u00bb. \u041e\u0434\u043d\u043e \u0446\u0435\u043f\u043b\u044f\u0435\u0442\u0441\u044f \u0437\u0430 \u0434\u0440\u0443\u0433\u043e\u0435 \u2014 \u0438 \u0432\u043e\u0442 \u0418\u0446\u0443\u043a\u0438 \u0443\u0436\u0435 \u043e\u0434\u0435\u0432\u0430\u0435\u0442 \u043a\u043e\u043b\u0451\u0441\u0430 \u0438 \u043f\u0440\u0438\u0441\u0442\u0443\u043f\u0430\u0435\u0442 \u043a \u0435\u0437\u0434\u0435. \u041f\u043e \u043c\u0435\u0440\u0435 \u0442\u043e\u0433\u043e, \u043a\u0430\u043a \u0435\u0433\u043e \u0440\u0435\u043f\u0443\u0442\u0430\u0446\u0438\u044f \u0438\u0434\u0451\u0442 \u0432 \u0433\u043e\u0440\u0443 \u0432 \u043c\u0438\u0440\u0435 AT, \u043e\u043d \u043d\u0430\u0447\u0438\u043d\u0430\u0435\u0442 \u0441\u043a\u043e\u043b\u0430\u0447\u0438\u0432\u0430\u0442\u044c \u0441\u0432\u043e\u044e \u0441\u043e\u0431\u0441\u0442\u0432\u0435\u043d\u043d\u0443\u044e \u043a\u043e\u043c\u0430\u043d\u0434\u0443, \u0447\u0442\u043e\u0431\u044b \u0443\u0447\u0430\u0441\u0442\u0432\u043e\u0432\u0430\u0442\u044c \u0432\u043e \u0432\u0441\u0451 \u043d\u043e\u0432\u044b\u0445 \u0438 \u043d\u043e\u0432\u044b\u0445 \u0431\u043e\u044f\u0445, \u0437\u0430\u0432\u043e\u0451\u0432\u044b\u0432\u0430\u044f \u0431\u043e\u043b\u044c\u0448\u0435 \u0438 \u0431\u043e\u043b\u044c\u0448\u0435 \u0442\u0435\u0440\u0440\u0438\u0442\u043e\u0440\u0438\u0438.", "category": 1, "title": "Air Gear", "avatar": "/home/ctulhu/anylist/anylist/media/857.jpg", "heroes": [], "creators": [], "genres": [], "old_limit": 4}, "pk": 19, "model": "myapp.product"}, {"fields": {"description": "\u0412 \u043d\u0430\u0447\u0430\u043b\u0435 21 \u0432\u0435\u043a\u0430 \u041c\u0438\u0440\u043e\u0432\u0430\u044f \u0432\u043e\u0439\u043d\u0430 \u0434\u043e\u0441\u0442\u0438\u0433\u0430\u0435\u0442 \u0441\u0432\u043e\u0435\u0433\u043e \u0430\u043f\u043e\u0433\u0435\u044f \u0438 \u0432\u044b\u0445\u043e\u0434\u0438\u0442 \u043d\u0430 \u043d\u043e\u0432\u044b\u0439 \u0443\u0440\u043e\u0432\u0435\u043d\u044c \u0437\u0430 \u0441\u0447\u0435\u0442 \u043d\u043e\u0432\u044b\u0445 \u0442\u0435\u0445\u043d\u043e\u043b\u043e\u0433\u0438\u0439 \u043c\u0435\u0436\u043f\u043b\u0430\u043d\u0435\u0442\u043d\u044b\u0445 \u043a\u043e\u0441\u043c\u0438\u0447\u0435\u0441\u043a\u0438\u0445 \u043f\u0443\u0442\u0435\u0448\u0435\u0441\u0442\u0432\u0438\u0439. \u041e\u043a\u0440\u0443\u0436\u0430\u044e\u0449\u0430\u044f \u0441\u0440\u0435\u0434\u0430 \u043d\u0430\u0441\u0442\u043e\u043b\u044c\u043a\u043e \u043f\u043e\u0441\u0442\u0440\u0430\u0434\u0430\u043b\u0430, \u0447\u0442\u043e \u0447\u0435\u043b\u043e\u0432\u0435\u0447\u0435\u0441\u0442\u0432\u0443 \u043f\u0440\u0438\u0445\u043e\u0434\u0438\u0442\u0441\u044f \u043f\u043e\u043a\u0438\u043d\u0443\u0442\u044c \u0417\u0435\u043c\u043b\u044e \u0438 \u043e\u0441\u0435\u0441\u0442\u044c \u043d\u0430 \u0434\u0440\u0443\u0433\u0438\u0445 \u043f\u043b\u0430\u043d\u0435\u0442\u0430\u0445. \u0422\u0430\u043a \u043d\u0430\u0447\u0438\u043d\u0430\u0435\u0442\u0441\u044f 00 \u043e\u0442\u0441\u0447\u0435\u0442 \u0417\u0432\u0435\u0437\u0434\u043d\u043e\u0433\u043e \u043a\u0430\u043b\u0435\u043d\u0434\u0430\u0440\u044f.\n\n\u0420\u0430\u0437\u0432\u043b\u0435\u0447\u0435\u043d\u0438\u044f \u0438 \u043f\u0435\u0441\u043d\u0438 \u0441\u0442\u0430\u043b\u0438 \u0441\u0442\u0430\u043b\u0438 \u0436\u0435\u0441\u0442\u043a\u043e \u043a\u043e\u043d\u0442\u0440\u043e\u043b\u0438\u0440\u043e\u0432\u0430\u0442\u044c \u0438 \u0432 \u0438\u0442\u043e\u0433\u0435 \u043d\u0430 \u043d\u0435\u043a\u043e\u0442\u043e\u0440\u044b\u0445 \u043f\u043b\u0430\u043d\u0435\u0442\u0430\u0445 \u0437\u0430\u043f\u0440\u0435\u0442\u0438\u043b\u0438 \u043c\u0430\u0441\u0441\u043e\u0432\u044b\u0435 \u043c\u0435\u0440\u043e\u043f\u0440\u0438\u044f\u0442\u0438\u044f \u0438\u0437-\u0437\u0430 \u0438\u0445 \u0441\u0438\u043b\u044b \u043c\u043e\u0442\u0438\u0432\u0430\u0446\u0438\u0438 \u043d\u0430\u0440\u043e\u0434\u043e\u043c. \u041d\u043e \u0433\u0440\u0443\u043f\u043f\u0430 \u043f\u043e\u043f-\u0438\u0434\u043e\u043b\u043e\u0432 \u0441\u0442\u0430\u0432\u0438\u0442 \u043f\u0440\u0435\u0434\u0441\u0442\u0430\u0432\u043b\u0435\u043d\u0438\u044f \u0432 \u044d\u0442\u0438\u0445 \u043c\u0435\u0441\u0442\u0430\u0445 \u043d\u0430 \u0441\u0432\u043e\u0439 \u0441\u0442\u0440\u0430\u0445 \u0438 \u0440\u0438\u0441\u043a \u0432\u043e \u0438\u043c\u044f \u0437\u043d\u0430\u043c\u0435\u043d\u0438\u0442\u043e\u0433\u043e \u0441\u043e\u0431\u044b\u0442\u0438\u044f \u043f\u0440\u043e\u0448\u043b\u043e\u0433\u043e, \u0410\u041a\u041148. \u0418\u043c\u044f \u0442\u043e\u0439 \u0433\u0440\u0443\u043f\u043f\u044b, \u0438\u0437\u0432\u0435\u0441\u0442\u043d\u043e\u0433\u043e \u043f\u043e \u0432\u0441\u0435\u0439 \u0433\u0430\u043b\u0430\u043a\u0442\u0438\u043a\u0435 - \u0410\u041a\u04110048.\n\n\u041a\u0430\u0436\u0434\u044b\u0435 \u043d\u0435\u0441\u043a\u043e\u043b\u044c\u043a\u043e \u043b\u0435\u0442 \u0410\u041a\u0411 \u043e\u0442\u0431\u0438\u0440\u0430\u044e\u0442 \u043f\u0440\u0435\u0442\u0435\u043d\u0434\u0435\u0442\u043e\u043a, \u043a\u043e\u0442\u043e\u0440\u044b\u0435 \u0432\u043f\u043e\u0441\u043b\u0435\u0434\u0441\u0442\u0432\u0438\u0438 \u0441\u043c\u043e\u0433\u0443\u0442 \u0443\u043d\u0430\u0441\u043b\u0435\u0434\u043e\u0432\u0430\u0442\u044c \u043e\u0434\u043d\u043e \u0438\u0437 \u0432\u0435\u043b\u0438\u043a\u0438\u0445 \u0438\u043c\u0435\u043d. \u0414\u0435\u0432\u043e\u0447\u043a\u0438 \u0441 \u0440\u0430\u0437\u043d\u044b\u0445 \u043f\u043b\u0430\u043d\u0435\u0442, \u0432 \u0442\u043e\u043c \u0447\u0438\u0441\u043b\u0435 \u0438 \u0442\u0435\u0445, \u0433\u0434\u0435 \u043f\u043e\u0434\u043e\u0431\u043d\u043e\u0435 \u0437\u0430\u043f\u0440\u0435\u0449\u0435\u043d\u043e, \u0443\u0447\u0430\u0441\u0442\u0432\u0443\u044e\u0442 \u0432\u043e \u0432\u0441\u0442\u0443\u043f\u0438\u0442\u0435\u043b\u044c\u043d\u044b\u0445 \u0438\u0441\u043f\u044b\u0442\u0430\u043d\u0438\u044f\u0445, \u0447\u0442\u043e\u0431\u044b \u0441\u0442\u0430\u0442\u044c \u0438\u0434\u043e\u043b\u043e\u043c \u0438 \u043f\u0440\u0438\u0441\u043e\u0435\u0434\u0438\u043d\u0438\u0442\u044c\u0441\u044f \u043a \u0433\u0440\u0443\u043f\u043f\u0435. \u041d\u043e \u044d\u0442\u043e \u0441\u043e\u0432\u0441\u0435\u043c \u043d\u0435 \u0442\u0430\u043a \u043b\u0435\u0433\u043a\u043e, \u043a\u0430\u043a \u043c\u043e\u0436\u0435\u0442 \u043f\u043e\u043a\u0430\u0437\u0430\u0442\u044c\u0441\u044f..", "category": 1, "title": "AKB0048 First Stage", "avatar": "/home/ctulhu/anylist/anylist/media/12149.jpg", "heroes": [], "creators": [], "genres": [16, 30], "old_limit": 3}, "pk": 20, "model": "myapp.product"}, {"fields": {"description": "\u041f\u0440\u0430\u0432\u0438\u0442\u0435\u043b\u044c\u0441\u0442\u0432\u043e \u0443\u0436\u0435\u0441\u0442\u043e\u0447\u0438\u043b\u043e \u043c\u0435\u0440\u044b \u043f\u043e \u043d\u0435\u0441\u0430\u043d\u043a\u0446\u0438\u043e\u043d\u0438\u0440\u043e\u0432\u0430\u043d\u043d\u044b\u043c \u043c\u0435\u0440\u043e\u043f\u0440\u0438\u044f\u0442\u0438\u044f\u043c, \u043d\u043e \u043a\u043e\u043d\u0446\u0435\u0440\u0442\u044b \u0438 \u0431\u0438\u0442\u0432\u044b \u043f\u0440\u043e\u0434\u043e\u043b\u0436\u0430\u044e\u0442\u0441\u044f! \u041f\u043e\u043c\u0438\u043c\u043e \u044d\u0442\u043e\u0433\u043e \u043e\u0431\u044a\u044f\u0432\u0438\u043b\u0438, \u0447\u0442\u043e \u0441\u043a\u043e\u0440\u043e \u0431\u0443\u0434\u0443\u0442 \u043f\u0440\u043e\u0432\u0435\u0434\u0435\u043d\u044b \u0432\u0441\u0435\u043e\u0431\u0449\u0438\u0435 \u0432\u044b\u0431\u043e\u0440\u044b \u0441\u0440\u0435\u0434\u0438 \u0443\u0447\u0430\u0441\u0442\u043d\u0438\u0446 \u0410\u041a\u041100! \u041d\u043e \u043d\u0430 \u044d\u0442\u043e\u043c \u043d\u043e\u0432\u043e\u0441\u0442\u0438 \u043d\u0435 \u0437\u0430\u043a\u0430\u043d\u0447\u0438\u0432\u0430\u044e\u0442\u0441\u044f, \u0432\u0435\u0434\u044c \u0432\u043c\u0435\u0441\u0442\u0435 \u0441 \u041d\u0430\u0433\u0438\u0441\u043e\u0439 \u0438 \u0434\u0435\u0432\u043e\u0447\u043a\u0430\u043c\u0438 \u043d\u0430\u043c \u043f\u0440\u0435\u0434\u0441\u0442\u043e\u0438\u0442 \u0440\u0430\u0441\u043a\u0440\u044b\u0442\u044c \u043c\u043d\u043e\u0436\u0435\u0441\u0442\u0432\u043e \u0442\u0430\u0439\u043d, \u043e\u043a\u0443\u0442\u044b\u0432\u0430\u044e\u0449\u0438\u0445 \u043a\u043e\u043c\u0430\u043d\u0434\u0443 00, \u0443\u0437\u043d\u0430\u0442\u044c \u0435\u0449\u0435 \u0431\u043e\u043b\u044c\u0448\u0435 \u043e \u041a\u0438\u0440\u0430\u0440\u0430\u0445 ( \u043c\u0443\u0437\u044b\u043a\u0430\u043b\u044c\u043d\u044b\u0445 \u0447\u0430\u0441\u0442\u0438\u0447\u043a\u0430\u0445 \u0441\u0432\u0435\u0442\u0430 \u0443\u0447\u0430\u0441\u0442\u043d\u0438\u0446), \u0430 \u0442\u0430\u043a\u0436\u0435 \u043f\u0440\u0438\u043f\u043e\u0434\u043d\u044f\u0442\u044c \u0437\u0430\u0432\u0435\u0441\u0443 \u043d\u0430\u0434 \u043f\u0440\u043e\u0448\u043b\u044b\u043c..", "category": 1, "title": "AKB0048 Next Stage", "avatar": "/home/ctulhu/anylist/anylist/media/14941.jpg", "heroes": [], "creators": [], "genres": [16, 30], "old_limit": 3}, "pk": 21, "model": "myapp.product"}, {"fields": {"description": "\u0422\u043e\u043a\u0430\u043a\u0443 \u0410\u0434\u0437\u0443\u043c\u0430 \u043e\u0431\u0443\u0447\u0430\u0435\u0442\u0441\u044f \u0432 \u0448\u043a\u043e\u043b\u0435 \u0434\u043b\u044f \u043d\u0430\u0435\u043c\u043d\u044b\u0445 \u0443\u0431\u0438\u0439\u0446. \u041e\u0434\u043d\u0430\u0436\u0434\u044b \u0435\u0451 \u043f\u0435\u0440\u0435\u0432\u043e\u0434\u044f\u0442 \u0432 \u0441\u043f\u0435\u0446\u0438\u0430\u043b\u044c\u043d\u044b\u0439 \u043a\u043b\u0430\u0441\u0441, \u0433\u0434\u0435 \u0433\u043b\u0430\u0432\u043d\u043e\u0435 \u0437\u0430\u0434\u0430\u043d\u0438\u0435 - \u0443\u0431\u0438\u0442\u044c \u0434\u043e\u0431\u0440\u043e\u0434\u0443\u0448\u043d\u0443\u044e \u0425\u0430\u0440\u0443 \u0418\u0442\u0438\u043d\u043e\u0441\u044d. \u041f\u044b\u0442\u0430\u0442\u044c\u0441\u044f \u0443\u0431\u0438\u0442\u044c \u0434\u0435\u0432\u0443\u0448\u043a\u0443 \u0443\u0447\u0435\u043d\u0438\u043a\u0438 \u0434\u043e\u043b\u0436\u043d\u044b \u043f\u043e \u043e\u0447\u0435\u0440\u0435\u0434\u0438, \u043f\u0440\u0435\u0434\u0432\u0430\u0440\u0438\u0442\u0435\u043b\u044c\u043d\u043e \u0443\u0432\u0435\u0434\u043e\u043c\u0438\u0432 \u0441\u0432\u043e\u044e \u0436\u0435\u0440\u0442\u0432\u0443 \u043e\u0431 \u044d\u0442\u043e\u043c. \u041d\u0430 \u0443\u0431\u0438\u0439\u0441\u0442\u0432\u043e \u043a\u0430\u0436\u0434\u043e\u043c\u0443 \u0438\u0437 \u0443\u0447\u0435\u043d\u0438\u043a\u043e\u0432 \u0434\u0430\u0435\u0442\u0441\u044f \u0440\u043e\u0432\u043d\u043e 48 \u0447\u0430\u0441\u043e\u0432. \u0422\u043e\u043a\u0430\u043a\u0443 \u043d\u0430\u0434\u043e \u043e\u0431\u044f\u0437\u0430\u0442\u0435\u043b\u044c\u043d\u043e \u0443\u0431\u0438\u0442\u044c \u0425\u0430\u0440\u0443, \u0438\u0431\u043e \u0435\u0441\u043b\u0438 \u0443\u0431\u0438\u0439\u0446\u0430 \u043d\u0435 \u043f\u043e\u043a\u043e\u043d\u0447\u0438\u0442 \u0441 \u0418\u0442\u0438\u043d\u043e\u0441\u044d, \u043e\u043d\u0430 \u0431\u0443\u0434\u0435\u0442 \u0438\u0441\u043a\u043b\u044e\u0447\u0435\u043d\u0430. \u041d\u043e, \u043f\u043e\u0437\u043d\u0430\u043a\u043e\u043c\u0438\u0432\u0448\u0438\u0441\u044c \u043f\u043e\u0431\u043b\u0438\u0436\u0435 \u0441 \u043c\u0438\u043b\u0430\u0448\u043a\u043e\u0439 \u0425\u0430\u0440\u0443, \u0410\u0434\u0437\u0443\u043c\u0430 \u043f\u043e\u043d\u0438\u043c\u0430\u0435\u0442, \u0447\u0442\u043e \u0438\u0441\u043f\u044b\u0442\u044b\u0432\u0430\u0435\u0442 \u043a \u043d\u0435\u0439 \u0442\u0435\u043f\u043b\u044b\u0435 \u0447\u0443\u0432\u0441\u0442\u0432\u0430 \u0438 \u0434\u043e\u043b\u0436\u043d\u0430 \u0437\u0430\u0449\u0438\u0442\u0438\u0442\u044c \u0435\u0451, \u043d\u0435\u0441\u043c\u043e\u0442\u0440\u044f \u043d\u0438 \u043d\u0430 \u0447\u0442\u043e...", "category": 1, "title": "Akuma no Riddle", "avatar": "/home/ctulhu/anylist/anylist/media/19429.jpg", "heroes": [], "creators": [], "genres": [22, 7, 4], "old_limit": 5}, "pk": 22, "model": "myapp.product"}, {"fields": {"description": "\u0413\u0435\u0440\u043e\u0438\u043d\u044f \u043f\u0440\u043e\u0441\u044b\u043f\u0430\u0435\u0442\u0441\u044f \u043f\u0440\u0435\u043a\u0440\u0430\u0441\u043d\u044b\u043c \u0443\u0442\u0440\u043e\u043c 1 \u0430\u0432\u0433\u0443\u0441\u0442\u0430 \u0438 \u0432\u0434\u0440\u0443\u0433 \u043f\u043e\u043d\u0438\u043c\u0430\u0435\u0442, \u0447\u0442\u043e \u0430\u0431\u0441\u043e\u043b\u044e\u0442\u043d\u043e \u043d\u0438\u0447\u0435\u0433\u043e \u043d\u0435 \u043f\u043e\u043c\u043d\u0438\u0442. \u0412 \u044d\u0442\u043e\u0442 \u0436\u0435 \u043c\u0438\u0433 \u043f\u0435\u0440\u0435\u0434 \u043d\u0435\u0439 \u0438\u0437 \u043d\u0438\u043e\u0442\u043a\u0443\u0434\u0430 \u043f\u043e\u044f\u0432\u043b\u044f\u0435\u0442\u0441\u044f \u043f\u0430\u0440\u0435\u043d\u044c, \u043a\u043e\u0442\u043e\u0440\u044b\u0439 \u043f\u0440\u0435\u0434\u0441\u0442\u0430\u0432\u043b\u044f\u0435\u0442\u0441\u044f \u0432\u0435\u0441\u044c\u043c\u0430 \u043f\u0440\u043e\u0441\u0442\u043e: \"\u041e\u0440\u0438\u043e\u043d, \u0434\u0443\u0445\". \u0412\u043c\u0435\u0441\u0442\u0435 \u0441 \u043d\u0438\u043c \u0434\u0435\u0432\u0443\u0448\u043a\u0435 \u043f\u0440\u0435\u0434\u0441\u0442\u043e\u0438\u0442 \u043f\u0440\u043e\u0439\u0442\u0438 \u0434\u043e\u043b\u0433\u0438\u0439 \u043f\u0443\u0442\u044c, \u0434\u0430\u0431\u044b \u0432\u0435\u0440\u043d\u0443\u0442\u044c \u0441\u0432\u043e\u0438 \u0432\u043e\u0441\u043f\u043e\u043c\u0438\u043d\u0430\u043d\u0438\u044f. \u041f\u043e\u043c\u0438\u043c\u043e \u044d\u0442\u043e\u0433\u043e \u0435\u0435 \u0436\u0434\u0435\u0442 \u0432\u0441\u0442\u0440\u0435\u0447\u0430 \u0441 \"\u0431\u043e\u0439\u0444\u0440\u0435\u043d\u0434\u043e\u043c\", \u043b\u0438\u0446\u043e \u043a\u043e\u0442\u043e\u0440\u043e\u0433\u043e \u0435\u0439 \u0441\u043e\u0432\u0435\u0440\u0448\u0435\u043d\u043d\u043e \u043d\u0435\u0437\u043d\u0430\u043a\u043e\u043c\u043e.", "category": 1, "title": "Amnesia", "avatar": "/home/ctulhu/anylist/anylist/media/15085.jpg", "heroes": [], "creators": [], "genres": [24, 10, 2], "old_limit": 3}, "pk": 23, "model": "myapp.product"}, {"fields": {"description": "\u0410 \u0447\u0442\u043e \u0431\u0443\u0434\u0435\u0442 \u043f\u043e\u0441\u043b\u0435 \u0441\u043c\u0435\u0440\u0442\u0438? \u0411\u0435\u0441\u0447\u0438\u0441\u043b\u0435\u043d\u043d\u044b\u0435 \u043f\u043e\u043a\u043e\u043b\u0435\u043d\u0438\u044f \u043b\u044e\u0434\u0435\u0439 \u0437\u0430\u0434\u0430\u0432\u0430\u043b\u0438\u0441\u044c \u044d\u0442\u0438\u043c \u0432\u043e\u043f\u0440\u043e\u0441\u043e\u043c, \u0437\u0430\u0434\u0430\u043b\u0438\u0441\u044c \u0438\u043c \u0438 \u0441\u043e\u0437\u0434\u0430\u0442\u0435\u043b\u0438 \u0430\u043d\u0438\u043c\u0435.\n\n\u042e\u0434\u0437\u0443\u0440\u0443 \u041e\u0442\u043e\u043d\u0430\u0441\u0438 \u043f\u0440\u043e\u0441\u044b\u043f\u0430\u0435\u0442\u0441\u044f \u0432 \u043d\u0435\u0437\u043d\u0430\u043a\u043e\u043c\u043e\u043c \u043c\u0435\u0441\u0442\u0435, \u043d\u0435 \u043f\u043e\u043c\u043d\u044f \u043d\u0438 \u043a\u0442\u043e \u043e\u043d, \u043d\u0438 \u0447\u0442\u043e \u0441 \u043d\u0438\u043c \u0441\u043b\u0443\u0447\u0438\u043b\u043e\u0441\u044c. \u041a\u0430\u043a\u0430\u044f-\u0442\u043e \u043d\u0435\u043d\u043e\u0440\u043c\u0430\u043b\u044c\u043d\u0430\u044f \u0448\u043a\u043e\u043b\u044c\u043d\u0438\u0446\u0430 \u043f\u043e \u0438\u043c\u0435\u043d\u0438 \u042e\u0440\u0438 \u041d\u0430\u043a\u0430\u043c\u0443\u0440\u0430 \u0443\u0442\u0432\u0435\u0440\u0436\u0434\u0430\u0435\u0442, \u0447\u0442\u043e \u042e\u0434\u0437\u0443\u0440\u0443 \u0443\u043c\u0435\u0440, \u0438 \u043f\u0440\u0438\u0437\u044b\u0432\u0430\u0435\u0442 \u0435\u0433\u043e \u043f\u0440\u0438\u0441\u043e\u0435\u0434\u0438\u043d\u0438\u0442\u044c\u0441\u044f \u043a \u00ab\u0424\u0440\u043e\u043d\u0442\u0443 \u0437\u0430\u0433\u0440\u043e\u0431\u043d\u043e\u0433\u043e \u043c\u0438\u0440\u0430\u00bb. \u041c\u0430\u043b\u043e \u0442\u043e\u0433\u043e, \u0432 \u0440\u0443\u043a\u0430\u0445 \u0443 \u043d\u0435\u0451 \u0432\u0438\u043d\u0442\u043e\u0432\u043a\u0430, \u0438\u0437 \u043a\u043e\u0442\u043e\u0440\u043e\u0439 \u043e\u043d\u0430 \u0446\u0435\u043b\u0438\u0442\u0441\u044f \u0432 \u0434\u0440\u0443\u0433\u0443\u044e \u0434\u0435\u0432\u0443\u0448\u043a\u0443, \u043d\u0430\u0437\u044b\u0432\u0430\u044f \u0442\u0443 \u00ab\u0430\u043d\u0433\u0435\u043b\u043e\u043c\u00bb. \u041f\u043e\u043c\u0435\u0448\u0430\u0432 \u043d\u0435\u043d\u043e\u0440\u043c\u0430\u043b\u044c\u043d\u043e\u0439 \u0432\u044b\u0441\u0442\u0440\u0435\u043b\u0438\u0442\u044c, \u042e\u0434\u0437\u0443\u0440\u0443 \u043f\u043e\u0434\u0445\u043e\u0434\u0438\u0442 \u043a \u00ab\u0430\u043d\u0433\u0435\u043b\u0443\u00bb \u0438 \u043f\u044b\u0442\u0430\u0435\u0442\u0441\u044f \u043f\u043e\u043d\u044f\u0442\u044c, \u0447\u0442\u043e \u0436\u0435 \u0442\u0443\u0442 \u043f\u0440\u043e\u0438\u0441\u0445\u043e\u0434\u0438\u0442, \u0438 \u043f\u043e\u0447\u0435\u043c\u0443 \u0435\u0451 \u0437\u043e\u0432\u0443\u0442 \u00ab\u0430\u043d\u0433\u0435\u043b\u043e\u043c\u00bb. \u041d\u0430 \u0447\u0442\u043e \u0434\u0435\u0432\u0443\u0448\u043a\u0430 \u0441\u043e\u043e\u0431\u0449\u0430\u0435\u0442, \u0447\u0442\u043e \u043e\u043d\u0430 \u0432\u043e\u0432\u0441\u0435 \u043d\u0435 \u0430\u043d\u0433\u0435\u043b, \u0430 \u043f\u0440\u0435\u0437\u0438\u0434\u0435\u043d\u0442 \u0448\u043a\u043e\u043b\u044c\u043d\u043e\u0433\u043e \u0441\u043e\u0432\u0435\u0442\u0430 \u043f\u043e \u0438\u043c\u0435\u043d\u0438 \u041a\u0430\u043d\u0430\u0434\u044d \u0422\u0430\u0442\u0438\u0431\u0430\u043d\u0430, \u0438 \u0447\u0442\u043e \u042e\u0434\u0437\u0443\u0440\u0443 \u0434\u0435\u0439\u0441\u0442\u0432\u0438\u0442\u0435\u043b\u044c\u043d\u043e \u0443\u043c\u0435\u0440. \u0412 \u0434\u043e\u043a\u0430\u0437\u0430\u0442\u0435\u043b\u044c\u0441\u0442\u0432\u043e \u044d\u0442\u043e\u0433\u043e, \u0440\u0443\u043a\u0430 \u041a\u0430\u043d\u0430\u0434\u044d \u043f\u0440\u0435\u0432\u0440\u0430\u0449\u0430\u0435\u0442\u0441\u044f \u0432 \u043a\u043b\u0438\u043d\u043e\u043a, \u043a\u043e\u0442\u043e\u0440\u044b\u043c \u043e\u043d\u0430 \u043f\u0440\u043e\u043d\u0437\u0430\u0435\u0442 \u0433\u0440\u0443\u0434\u044c \u042e\u0434\u0437\u0443\u0440\u0443.\n\n\u041f\u0440\u0438\u0445\u043e\u0434\u0438\u0442 \u0432 \u0441\u0435\u0431\u044f \u042e\u0434\u0437\u0443\u0440\u0443 \u0432 \u0448\u043a\u043e\u043b\u044c\u043d\u043e\u043c \u043c\u0435\u0434\u043f\u0443\u043d\u0442\u043a\u0435, \u0441\u0430\u043c \u043e\u043d \u043d\u0435\u0432\u0440\u0435\u0434\u0438\u043c, \u0430 \u043e\u0434\u0435\u0436\u0434\u0430 \u0435\u0433\u043e \u0437\u0430\u043b\u0438\u0442\u0430 \u043a\u0440\u043e\u0432\u044c\u044e...", "category": 1, "title": "Angel Beats!", "avatar": "/home/ctulhu/anylist/anylist/media/6547.jpg", "heroes": [], "creators": [], "genres": [22, 9, 21, 19], "old_limit": 3}, "pk": 24, "model": "myapp.product"}, {"fields": {"description": "26 \u043b\u0435\u0442 \u043d\u0430\u0437\u0430\u0434 \u0432 \u043e\u0434\u043d\u043e\u043c \u0438\u0437 \u0442\u0440\u0435\u0442\u044c\u0438\u0445 \u043a\u043b\u0430\u0441\u0441\u043e\u0432 \u0441\u0440\u0435\u0434\u043d\u0435\u0439 \u0448\u043a\u043e\u043b\u044b \u0431\u044b\u043b \u0443\u0447\u0435\u043d\u0438\u043a \u043f\u043e \u0438\u043c\u0435\u043d\u0438 \u041c\u0438\u0441a\u043a\u0438. \u041e\u043d \u0431\u044b\u043b \u0445\u043e\u0440\u043e\u0448 \u0432 \u0443\u0447\u0451\u0431\u0435 \u0438 \u0432 \u0441\u043f\u043e\u0440\u0442\u0435, \u043a\u0440\u0430\u0441\u0438\u0432 \u0432\u043d\u0435\u0448\u043d\u043e\u0441\u0442\u044c\u044e \u0438 \u043f\u043e\u043b\u044c\u0437\u043e\u0432\u0430\u043b\u0441\u044f \u043f\u043e\u043f\u0443\u043b\u044f\u0440\u043d\u043e\u0441\u0442\u044c\u044e \u0432 \u0441\u0432\u043e\u0451\u043c \u043a\u043b\u0430\u0441\u0441\u0435. \u041d\u043e \u0432\u043d\u0435\u0437\u0430\u043f\u043d\u043e \u0443\u043c\u0435\u0440. \u041f\u043e\u0441\u043b\u0435 \u0447\u0435\u0433\u043e \u0435\u0433\u043e \u043e\u0434\u043d\u043e\u043a\u043b\u0430\u0441\u0441\u043d\u0438\u043a\u0438 \u0440\u0435\u0448\u0438\u043b\u0438 \u0434\u043e \u0441\u0430\u043c\u043e\u0433\u043e \u0432\u044b\u043f\u0443\u0441\u043a\u0430 \u0432\u0435\u0441\u0442\u0438 \u0441\u0435\u0431\u044f \u0442\u0430\u043a, \u043a\u0430\u043a \u0431\u0443\u0434\u0442\u043e \u043e\u043d \u0432\u0441\u0451 \u0435\u0449\u0451 \u0440\u044f\u0434\u043e\u043c...\n\n\u0421\u043f\u0443\u0441\u0442\u044f \u043c\u043d\u043e\u0433\u043e \u043b\u0435\u0442, \u0432\u0435\u0441\u043d\u043e\u0439 1998 \u0433\u043e\u0434\u0430, \u044e\u043d\u043e\u0448\u0430 \u043f\u043e \u0438\u043c\u0435\u043d\u0438 \u0421\u0430\u043a\u0430\u043a\u0438\u0431\u0430\u0440\u0430 \u041a\u043e\u0438\u0447\u0438 \u043f\u0435\u0440\u0435\u0432\u043e\u0434\u0438\u0442\u0441\u044f \u0432 \u044d\u0442\u043e\u0442 \u043a\u043b\u0430\u0441\u0441, \u0438 \u0441\u0440\u0430\u0437\u0443 \u0436\u0435 \u043e\u0449\u0443\u0449\u0430\u0435\u0442 \u0433\u043d\u0435\u0442\u0443\u0449\u0443\u044e \u0430\u0442\u043c\u043e\u0441\u0444\u0435\u0440\u0443, \u0446\u0430\u0440\u044f\u0449\u0443\u044e \u0441\u0440\u0435\u0434\u0438 \u0435\u0433\u043e \u043d\u043e\u0432\u044b\u0445 \u043e\u0434\u043d\u043e\u043a\u043b\u0430\u0441\u0441\u043d\u0438\u043a\u043e\u0432. \u0412 \u043e\u0441\u043e\u0431\u0435\u043d\u043d\u043e\u0441\u0442\u0438, \u0435\u0433\u043e \u0432\u043d\u0438\u043c\u0430\u043d\u0438\u0435 \u043f\u0440\u0438\u0432\u043b\u0435\u043a\u0430\u0435\u0442 \u043a\u0440\u0430\u0441\u0438\u0432\u0430\u044f, \u043d\u043e \u043e\u0442\u0447\u0443\u0436\u0434\u0451\u043d\u043d\u0430\u044f \u043e\u0442 \u043e\u0441\u0442\u0430\u043b\u044c\u043d\u043e\u0433\u043e \u043a\u043b\u0430\u0441\u0441\u0430 \u041c\u0435\u0439 \u041c\u0438\u0441\u0430\u043a\u0438, \u043d\u043e\u0441\u044f\u0449\u0430\u044f \u0433\u043b\u0430\u0437\u043d\u0443\u044e \u043f\u043e\u0432\u044f\u0437\u043a\u0443 \u0438 \u043f\u043e\u0441\u0442\u043e\u044f\u043d\u043d\u043e \u0447\u0442\u043e-\u0442\u043e \u0440\u0438\u0441\u0443\u044e\u0449\u0430\u044f \u0432 \u043e\u0434\u0438\u043d\u043e\u0447\u0435\u0441\u0442\u0432\u0435\u2026", "category": 1, "title": "Another", "avatar": "/home/ctulhu/anylist/anylist/media/11111.jpg", "heroes": [], "creators": [], "genres": [18, 7, 20], "old_limit": 5}, "pk": 25, "model": "myapp.product"}, {"fields": {"description": "\u0421\u043f\u0435\u0446\u0438\u0430\u043b\u044c\u043d\u044b\u0439 \u0432\u044b\u043f\u0443\u0441\u043a, \u044d\u043a\u0440\u0430\u043d\u0438\u0437\u0430\u0446\u0438\u044f \u043d\u0443\u043b\u0435\u0432\u043e\u0433\u043e \u0442\u043e\u043c\u0430 \u043c\u0430\u043d\u0433\u0438, \u043a\u043e\u0442\u043e\u0440\u044b\u0439 \u043f\u043e\u0432\u0435\u0434\u0430\u0435\u0442 \u043d\u0430\u043c \u043f\u0440\u0435\u0434\u044b\u0441\u0442\u043e\u0440\u0438\u044e \u0433\u043b\u0430\u0432\u043d\u043e\u0439 \u0433\u0435\u0440\u043e\u0438\u043d\u0438 \u0438 \u0435\u0435 \u0441\u0435\u0441\u0442\u0440\u044b. \u0412 \u0434\u0435\u0442\u0441\u0442\u0432\u0435 \u043e\u043d\u0438 \u0431\u044b\u043b\u0438 \u0440\u0430\u0437\u043b\u0443\u0447\u0435\u043d\u044b \u043f\u043e \u0441\u0435\u043c\u0435\u0439\u043d\u044b\u043c \u043e\u0431\u0441\u0442\u043e\u044f\u0442\u0435\u043b\u044c\u0441\u0442\u0432\u0430\u043c. \u0417\u0430\u0442\u0435\u043c \u0441\u0443\u0434\u044c\u0431\u0430 \u0441\u043d\u043e\u0432\u0430 \u0441\u0432\u043e\u0434\u0438\u0442 \u0438\u0445 \u0432\u043c\u0435\u0441\u0442\u0435. \u0416\u0438\u0432\u044f \u043e\u0431\u044b\u0447\u043d\u043e\u0439 \u0448\u043a\u043e\u043b\u044c\u043d\u043e\u0439 \u0436\u0438\u0437\u043d\u044c\u044e, \u0434\u0435\u0432\u043e\u0447\u043a\u0438 \u043d\u0435 \u043f\u043e\u0434\u043e\u0437\u0440\u0435\u0432\u0430\u044e\u0442, \u043a\u0430\u043a\u0430\u044f \u0441\u0442\u0440\u0430\u0448\u043d\u0430\u044f \u0431\u0435\u0434\u0430 \u0438\u0445 \u043e\u0436\u0438\u0434\u0430\u0435\u0442. \u042d\u0442\u043e \u0440\u0430\u0441\u0441\u043a\u0430\u0437 \u043e \u043f\u0435\u0440\u0432\u043e\u0439 \u0436\u0435\u0440\u0442\u0432\u0435 \u043f\u0440\u043e\u043a\u043b\u044f\u0442\u0438\u044f \u0434\u0435\u0432\u044f\u0442\u043e\u0433\u043e \"\u0412\" \u043a\u043b\u0430\u0441\u0441\u0430", "category": 1, "title": "Another: The Other - Inga", "avatar": "/home/ctulhu/anylist/anylist/media/11701.jpg", "heroes": [], "creators": [], "genres": [18, 20], "old_limit": 5}, "pk": 26, "model": "myapp.product"}, {"fields": {"description": "\u0427\u0435\u043b\u043e\u0432\u0435\u0447\u0435\u0441\u0442\u0432\u043e \u043f\u043e\u0442\u0435\u0440\u044f\u043b\u043e \u0431\u043e\u043b\u044c\u0448\u0443\u044e \u0447\u0430\u0441\u0442\u044c \u0441\u0443\u0448\u0438 \u0438\u0437-\u0437\u0430 \u0433\u043b\u043e\u0431\u0430\u043b\u044c\u043d\u043e\u0433\u043e \u043f\u043e\u0442\u0435\u043f\u043b\u0435\u043d\u0438\u044f \u0432 \u043f\u0435\u0440\u0432\u043e\u0439 \u043f\u043e\u043b\u043e\u0432\u0438\u043d\u0435 XXI-\u0433\u043e \u0432\u0435\u043a\u0430. \u041f\u043e\u0441\u043b\u0435 \u0447\u0435\u0433\u043e \u0432 \u0432\u043e\u0434\u0430\u0445 \u0432\u0441\u0435\u0445 \u0441\u0442\u0440\u0430\u043d, \u0432\u043d\u0435\u0437\u0430\u043f\u043d\u043e, \u043f\u043e\u044f\u0432\u043b\u044f\u0435\u0442\u0441\u044f \"\u0422\u0443\u043c\u0430\u043d\u043d\u044b\u0439 \u0444\u043b\u043e\u0442\", \u0432\u043e\u043e\u0440\u0443\u0436\u0435\u043d\u043d\u044b\u0439 \u0441\u0443\u043f\u0435\u0440-\u043e\u0440\u0443\u0436\u0438\u0435\u043c. \u041d\u0435 \u0438\u043c\u0435\u044f \u0432\u043e\u0437\u043c\u043e\u0436\u043d\u043e\u0441\u0442\u0438 \u043f\u0440\u043e\u0442\u0438\u0432\u043e\u0441\u0442\u043e\u044f\u0442\u044c \u044d\u0442\u043e\u043c\u0443 \u0444\u043b\u043e\u0442\u0443, \u0447\u0435\u043b\u043e\u0432\u0435\u0447\u0435\u0441\u0442\u0432\u043e \u0431\u044b\u043b\u043e \u043f\u043e\u0431\u0435\u0436\u0434\u0435\u043d\u043e \u0438 \u0431\u043e\u043b\u044c\u0448\u0435 \u043d\u0435 \u043c\u043e\u0433\u043b\u043e \u043f\u0443\u0442\u0435\u0448\u0435\u0441\u0442\u0432\u043e\u0432\u0430\u0442\u044c \u043f\u043e \u043c\u043e\u0440\u044f\u043c. 17 \u043b\u0435\u0442 \u043c\u0438\u043d\u0443\u043b\u043e \u043f\u043e\u0441\u043b\u0435 \u0442\u043e\u0439 \u0440\u0430\u0437\u0440\u0443\u0448\u0438\u0442\u0435\u043b\u044c\u043d\u043e\u0439 \u043c\u043e\u0440\u0441\u043a\u043e\u0439 \u0432\u043e\u0439\u043d\u044b, \u0413\u0443\u043d\u0437\u043e \u0427\u0438\u0445\u0430\u044f \u0438 \u0435\u0433\u043e \u0434\u0440\u0443\u0437\u044c\u044f \u0441\u043c\u043e\u0433\u043b\u0438 \u0437\u0430\u0445\u0432\u0430\u0442\u0438\u0442\u044c \u0438 \u0440\u0435\u043a\u0432\u0438\u0437\u0438\u0440\u043e\u0432\u0430\u0442\u044c \u043f\u043e\u0434\u0432\u043e\u0434\u043d\u0443\u044e \u043b\u043e\u0434\u043a\u0443 \u0432\u0445\u043e\u0434\u044f\u0449\u0443\u044e \u0432 \u0441\u043e\u0441\u0442\u0430\u0432 \u00ab\u0422\u0443\u043c\u0430\u043d\u043d\u043e\u0433\u043e \u0444\u043b\u043e\u0442\u0430\u00bb \u0438 \u043f\u0435\u0440\u0435\u0438\u043c\u0435\u043d\u043e\u0432\u0430\u043b\u0438 \u0435\u0451 \u0432 I-401. \u0412\u043c\u0435\u0441\u0442\u0435 \u0441 \u0418\u043e\u043d\u043e\u0439 (\u00ab\u043c\u0435\u043d\u0442\u0430\u043b\u044c\u043d\u0430\u044f \u043c\u043e\u0434\u0435\u043b\u044c\u00bb \u0438\u043b\u0438 \u0444\u0438\u0437\u0438\u0447\u0435\u0441\u043a\u043e\u0435 \u0432\u043e\u043f\u043b\u043e\u0449\u0435\u043d\u0438\u0435, \u0432 \u0444\u043e\u0440\u043c\u0435 \u0433\u0443\u043c\u0430\u043d\u043e\u0438\u0434\u0430, \u043f\u043e\u0434\u0432\u043e\u0434\u043d\u043e\u0439 \u043b\u043e\u0434\u043a\u0438 I-401), \u043e\u043d\u0438 \u043e\u0431\u044a\u044f\u0432\u043b\u044f\u044e\u0442 \u0432\u043e\u0439\u043d\u0443 \"\u0422\u0443\u043c\u0430\u043d\u043d\u043e\u043c\u0443 \u0444\u043b\u043e\u0442\u0443\"", "category": 1, "title": "Aoki Hagane no Arpeggio: Ars Nova", "avatar": "/home/ctulhu/anylist/anylist/media/18893.jpg", "heroes": [], "creators": [], "genres": [22, 16, 3], "old_limit": 3}, "pk": 27, "model": "myapp.product"}, {"fields": {"description": "\u0427\u0435\u0442\u044b\u0440\u0435 \u0434\u0435\u0432\u0443\u0448\u043a\u0438, \u043e\u0434\u0435\u0442\u044b\u0435 \u0432 \u0444\u043e\u0440\u043c\u0443 \u0443\u0447\u0435\u043d\u0438\u0446 \u0441\u0442\u0430\u0440\u0448\u0438\u0445 \u043a\u043b\u0430\u0441\u0441\u043e\u0432, \u0431\u0435\u0437\u043c\u043e\u043b\u0432\u043d\u043e \u0438\u0434\u0443\u0442 \u043f\u043e \u043f\u0443\u0441\u0442\u043e\u0439 \u0437\u0435\u043c\u043b\u0435. \u041e\u043d\u0438 - \u043f\u0443\u0442\u0435\u0448\u0435\u0441\u0442\u0432\u0435\u043d\u043d\u0438\u0446\u044b \u0432\u043e \u0432\u0440\u0435\u043c\u0435\u043d\u0438, \u043e\u0442\u043f\u0440\u0430\u0432\u043b\u0435\u043d\u043d\u044b\u0435 \u043d\u0430 6000 \u043b\u0435\u0442 \u0432 \u0431\u0443\u0434\u0443\u0449\u0435\u0435 \u0438\u0437 \u0441\u0432\u043e\u0435\u0439 \u044d\u043f\u043e\u0445\u0438 (\u0433\u0434\u0435 \u043e\u0434\u0438\u043d \u0438 \u0442\u043e\u0442 \u0436\u0435 \u0434\u0435\u043d\u044c \u043f\u043e\u0432\u0442\u043e\u0440\u044f\u0435\u0442\u0441\u044f \u0431\u0435\u0441\u0447\u0438\u0441\u043b\u0435\u043d\u043d\u043e\u0435 \u043a\u043e\u043b\u0438\u0447\u0435\u0441\u0442\u0432\u043e \u0440\u0430\u0437), \u0447\u0442\u043e\u0431\u044b \u0441\u043f\u0430\u0441\u0442\u0438 \u0447\u0435\u043b\u043e\u0432\u0435\u0447\u0435\u0441\u0442\u0432\u043e \u043e\u0442 \u0432\u044b\u043c\u0438\u0440\u0430\u043d\u0438\u044f. \u0414\u043b\u044f \u044d\u0442\u043e\u0433\u043e \u0434\u0435\u0432\u0443\u0448\u043a\u0438 \u043f\u0440\u043e\u0448\u043b\u0438 \u0436\u0435\u0441\u0442\u043e\u0447\u0430\u0439\u0448\u0438\u0439 \u043e\u0442\u0431\u043e\u0440 \u043f\u043e\u0441\u043b\u0435 \u043e\u043a\u043e\u043d\u0447\u0430\u043d\u0438\u044f \u0448\u043a\u043e\u043b\u044b.\n\n\u0415\u0434\u0438\u043d\u0441\u0442\u0432\u0435\u043d\u043d\u043e\u0435, \u0447\u0442\u043e \u0438\u043c \u043f\u043e\u0437\u0432\u043e\u043b\u0438\u043b\u0438 \u0432\u0437\u044f\u0442\u044c \u0441 \u0441\u043e\u0431\u043e\u0439 - \u043f\u043e\u0445\u043e\u0436\u0438\u0439 \u043d\u0430 \u0434\u0435\u0448\u0435\u0432\u0443\u044e \u0438\u0433\u0440\u0443\u0448\u043a\u0443 \u043c\u043e\u0431\u0438\u043b\u044c\u043d\u044b\u0439 \u0442\u0435\u043b\u0435\u0444\u043e\u043d, \u0438, \u043a\u043e\u043d\u0435\u0447\u043d\u043e, \u043e\u043d \u043d\u0435 \u0441\u043c\u043e\u0433 \u043f\u043e\u0439\u043c\u0430\u0442\u044c \u0441\u0438\u0433\u043d\u0430\u043b.\n\n\u041f\u0440\u0435\u0434\u043e\u0441\u0442\u0430\u0432\u043b\u0435\u043d\u043d\u044b\u0435 \u0441\u0430\u043c\u0438 \u0441\u0435\u0431\u0435, \u0434\u0435\u0432\u0443\u0448\u043a\u0438 \u043f\u0440\u043e\u0434\u043e\u043b\u0436\u0438\u043b\u0438 \u043f\u0443\u0442\u044c \u0438 \u0432\u0441\u043a\u043e\u0440\u0435 \u0437\u0430\u043c\u0435\u0442\u0438\u043b\u0438 \u0432 \u043d\u0435\u0431\u0435 \u043d\u0435\u043e\u0431\u044b\u0447\u043d\u044b\u0445 \u043f\u0442\u0438\u0446, \u0430 \u0432\u0434\u0430\u043b\u0435\u043a\u0435 - \u0440\u0435\u043a\u0443, \u043f\u043e\u0442\u0435\u0440\u044f\u0432\u0448\u0443\u044e \u0446\u0432\u0435\u0442. \u041d\u043e\u0432\u043e\u0439 \u0437\u0430\u0433\u0430\u0434\u043a\u043e\u0439 \u0434\u043b\u044f \u0447\u0435\u0442\u0432\u0435\u0440\u043a\u0438 \u0441\u0442\u0430\u043b \u0431\u0440\u043e\u0448\u0435\u043d\u043d\u044b\u0439 \u0434\u043e\u043c, \u0438\u043c\u044f \u0445\u043e\u0437\u044f\u0438\u043d\u0430 \u043a\u043e\u0442\u043e\u0440\u043e\u0433\u043e \u043d\u0435\u043e\u0436\u0438\u0434\u0430\u043d\u043d\u043e \u043e\u043a\u0430\u0437\u044b\u0432\u0430\u0435\u0442\u0441\u044f \u0437\u043d\u0430\u043a\u043e\u043c\u044b\u043c \u043e\u0434\u043d\u043e\u0439 \u0438\u0437 \u043d\u0438\u0445.", "category": 1, "title": "Arata naru Sekai: Mirai-hen", "avatar": "/home/ctulhu/anylist/anylist/media/14373.jpg", "heroes": [], "creators": [], "genres": [16], "old_limit": 3}, "pk": 28, "model": "myapp.product"}, {"fields": {"description": "\u0418\u0441\u0442\u043e\u0440\u0438\u044f \u0440\u0430\u0437\u0432\u043e\u0440\u0430\u0447\u0438\u0432\u0430\u0435\u0442\u0441\u044f \u043d\u0430 \u043d\u0435\u0431\u043e\u043b\u044c\u0448\u043e\u043c \u043e\u0441\u0442\u0440\u043e\u0432\u0435 \u0420\u0435\u0433\u0430\u043b\u043e, \u0447\u0442\u043e \u043d\u0430\u0445\u043e\u0434\u0438\u0442\u0441\u044f \u0432 \u0421\u0440\u0435\u0434\u0438\u0437\u0435\u043c\u043d\u043e\u043c \u043c\u043e\u0440\u0435. \u042d\u0442\u043e\u0442 \u043a\u043b\u043e\u0447\u043e\u043a \u0441\u0443\u0448\u0438 \u0441\u0442\u0430\u043b \u0434\u043e\u043c\u043e\u043c \u0434\u043b\u044f \u0442\u0430\u0439\u043d\u043e\u0439 \u043e\u0440\u0433\u0430\u043d\u0438\u0437\u0430\u0446\u0438\u0438 \"\u0421\u0435\u043c\u044c\u044f \u0410\u0440\u043a\u0430\u043d\u0430\", \u043a\u043e\u0442\u043e\u0440\u0430\u044f \u0437\u0430\u0449\u0438\u0449\u0430\u0435\u0442 \u043e\u0441\u0442\u0440\u043e\u0432 \u043e\u0442 \u043f\u0438\u0440\u0430\u0442\u043e\u0432 \u0438 \u0432\u0441\u044f\u0447\u0435\u0441\u043a\u0438\u0445 \u0431\u0435\u0434\u0441\u0442\u0432\u0438\u0439. \u041f\u043e\u0447\u0442\u0438 \u0432\u0441\u0435 \u0447\u043b\u0435\u043d\u044b \u0421\u0435\u043c\u044c\u0438 \u043e\u0431\u043b\u0430\u0434\u0430\u044e\u0442 \u044d\u043a\u0441\u0442\u0440\u0430\u0441\u0435\u043d\u0441\u043e\u0440\u043d\u044b\u043c\u0438 \u0441\u043f\u043e\u0441\u043e\u0431\u043d\u043e\u0441\u0442\u044f\u043c\u0438. \u0418 \u0432\u043e\u0442 \u043d\u0430\u0441\u0442\u0430\u043b\u043e \u0432\u0440\u0435\u043c\u044f, \u043a\u043e\u0433\u0434\u0430 \u0433\u043b\u0430\u0432\u0430 \u043e\u0440\u0433\u0430\u043d\u0438\u0437\u0430\u0446\u0438\u0438 \u0437\u0430\u0445\u043e\u0442\u0435\u043b \u0443\u0439\u0442\u0438 \u043d\u0430 \u043f\u043e\u043a\u043e\u0439 \u0438 \u0440\u0435\u0448\u0438\u043b \u043d\u0430\u0439\u0442\u0438 \u0441\u0435\u0431\u0435 \u043f\u0440\u0435\u0435\u043c\u043d\u0438\u043a\u0430. \u0414\u043b\u044f \u044d\u0442\u043e\u0433\u043e \u043e\u043d \u0443\u0441\u0442\u0440\u043e\u0438\u043b \u0442\u0443\u0440\u043d\u0438\u0440 \u0441\u0440\u0435\u0434\u0438 \u0441\u0430\u043c\u044b\u0445 \u0434\u043e\u0441\u0442\u043e\u0439\u043d\u044b\u0445 \u0447\u043b\u0435\u043d\u043e\u0432 \u0421\u0435\u043c\u044c\u0438 \u0410\u0440\u043a\u0430\u043d\u0430. \u041f\u043e\u0431\u0435\u0434\u0438\u0442\u0435\u043b\u044e \u0434\u043e\u0441\u0442\u0430\u043d\u0435\u0442\u0441\u044f \u043c\u0435\u0441\u0442\u043e \"\u043f\u0430\u043f\u044b\" \u0438 \u0435\u0433\u043e \u0434\u043e\u0447\u043a\u0430 \u0424\u0435\u043b\u0438\u0447\u0438\u0442\u0430 \u0432 \u0436\u0451\u043d\u044b.\n\n\u0412\u0441\u0435 \"\u0437\u0430\", \u043a\u0440\u043e\u043c\u0435 \u0434\u043e\u0447\u043a\u0438. \u041e\u0434\u043d\u0430\u043a\u043e, \u043d\u0435 \u0432 \u0441\u0438\u043b\u0430\u0445 \u0438\u0437\u043c\u0435\u043d\u0438\u0442\u044c \u0440\u0435\u0448\u0435\u043d\u0438\u0435 \u0443\u043f\u0440\u044f\u043c\u043e\u0433\u043e \u043e\u0442\u0446\u0430, \u0424\u0435\u043b\u0438\u0447\u0438\u0442\u0430 \u043f\u043e\u043b\u0443\u0447\u0430\u0435\u0442 \u043f\u0440\u0430\u0432\u043e \u0443\u0447\u0430\u0441\u0442\u0432\u043e\u0432\u0430\u0442\u044c \u0432 \u0434\u0443\u044d\u043b\u044f\u0445. \u0418 \u0432\u043e\u0442, \u0431\u0438\u0442\u0432\u0430 \u043d\u0430\u0447\u0438\u043d\u0430\u0435\u0442\u0441\u044f.", "category": 1, "title": "Arcana Famiglia", "avatar": "/home/ctulhu/anylist/anylist/media/12967.jpg", "heroes": [], "creators": [], "genres": [10, 2], "old_limit": 3}, "pk": 29, "model": "myapp.product"}, {"fields": {"description": "\u0421\u044e\u0436\u0435\u0442 \u0437\u0430\u043a\u0440\u0443\u0447\u0438\u0432\u0430\u0435\u0442\u0441\u044f \u0432\u043e\u043a\u0440\u0443\u0433 \u0441\u0442\u0430\u0440\u0448\u0435\u043a\u043b\u0430\u0441\u0441\u043d\u0438\u043a\u0430 \u0421\u0430\u0442\u043e \u0418\u0447\u0438\u0440\u043e. \u041e\u0431\u044b\u0447\u043d\u044b\u0439 \u043f\u0430\u0440\u0435\u043d\u044c, \u0432 \u043e\u0431\u044b\u0447\u043d\u043e\u0439 \u0448\u043a\u043e\u043b\u0435, \u0441 \u043f\u0430\u0440\u043e\u0439 \u043e\u0431\u044b\u0447\u043d\u044b\u0445 \u0434\u0440\u0443\u0437\u0435\u0439, \u043a\u043e\u0442\u043e\u0440\u044b\u0435 \u043c\u0435\u0447\u0442\u0430\u044e\u0442 \u043e \u0442\u043e\u043c, \u0447\u0442\u043e\u0431\u044b \u0442\u0443\u0441\u043e\u0432\u0430\u0442\u044c\u0441\u044f \u0441 \u0441\u0430\u043c\u044b\u043c\u0438 \u043f\u043e\u043f\u0443\u043b\u044f\u0440\u043d\u044b\u043c\u0438 \u0441\u0442\u0443\u0434\u0435\u043d\u0442\u0430\u043c\u0438 \u0448\u043a\u043e\u043b\u044b. \u041e\u0434\u043d\u0430\u0436\u0434\u044b, \u0437\u0430\u0431\u044b\u0432 \u0432 \u043f\u0430\u0440\u0442\u0435 \u0443\u0447\u0435\u0431\u043d\u0438\u043a, \u043e\u043d \u043f\u0440\u043e\u0431\u0438\u0440\u0430\u0435\u0442\u0441\u044f \u0432 \u0448\u043a\u043e\u043b\u0443 \u0438 \u0432\u0441\u0442\u0440\u0435\u0447\u0430\u0435\u0442 \u0442\u0430\u043c \u0441\u0442\u0440\u0430\u043d\u043d\u0443\u044e \u0434\u0435\u0432\u0443\u0448\u043a\u0443, \u043e\u0434\u0435\u0442\u0443\u044e \u0432 \u0441\u0438\u043d\u044e\u044e \u0440\u043e\u0431\u0443 \u0441 \u043f\u043e\u0441\u043e\u0445\u043e\u043c \u0432 \u0440\u0443\u043a\u0430\u0445. \u041e\u043d\u0430 \u043f\u0440\u0435\u0434\u0441\u0442\u0430\u0432\u043b\u044f\u0435\u0442\u0441\u044f \u0435\u043c\u0443 \u00ab\u0418\u0441\u043a\u0430\u0442\u0435\u043b\u044c\u043d\u0438\u0446\u0435\u0439\u00bb \u0438 \u0437\u0430\u044f\u0432\u043b\u044f\u0435\u0442, \u0447\u0442\u043e \u043e\u043d\u0430 \u2013 \u0432\u0435\u0434\u044c\u043c\u0430 \u0438\u0437 \u043f\u0430\u0440\u0430\u043b\u043b\u0435\u043b\u044c\u043d\u043e\u0433\u043e \u043c\u0438\u0440\u0430, \u043f\u0440\u0438\u0448\u0435\u0434\u0448\u0430\u044f \u0432 \u043c\u0438\u0440 \u043b\u044e\u0434\u0435\u0439 \u0441 \u0446\u0435\u043b\u044c\u044e \u043d\u0430\u0439\u0442\u0438 \u00ab\u0422\u0435\u0440\u043c\u0438\u043d\u0430\u043b \u0414\u0440\u0430\u043a\u043e\u043d\u0430\u00bb. \u0418\u0447\u0438\u0440\u043e \u0432\u044b\u0437\u044b\u0432\u0430\u0435\u0442\u0441\u044f \u043f\u043e\u043c\u043e\u0447\u044c \u0435\u0439 \u0441 \u043f\u043e\u0438\u0441\u043a\u0430\u043c\u0438, \u043d\u043e \u043f\u043e\u043b\u0443\u0447\u0430\u0435\u0442 \u043c\u0433\u043d\u043e\u0432\u0435\u043d\u043d\u044b\u0439 \u043e\u0442\u043a\u0430\u0437, \u0438 \u0434\u0435\u0432\u0443\u0448\u043a\u0430 \u0438\u0441\u0447\u0435\u0437\u0430\u0435\u0442 \u0438\u0437 \u0432\u0438\u0434\u0443, \u0441\u0442\u043e\u0438\u0442 \u0435\u043c\u0443 \u043b\u0438\u0448\u044c \u043d\u0430 \u0441\u0435\u043a\u0443\u043d\u0434\u0443 \u043e\u0442\u0432\u0435\u0440\u043d\u0443\u0442\u044c\u0441\u044f. \u0418\u0447\u0438\u0440\u043e, \u0434\u0443\u043c\u0430\u044f, \u0447\u0442\u043e \u0443\u0436\u0435 \u043d\u0438\u043a\u043e\u0433\u0434\u0430 \u043d\u0435 \u0432\u0441\u0442\u0440\u0435\u0442\u0438\u0442 \u0442\u0430\u0438\u043d\u0441\u0442\u0432\u0435\u043d\u043d\u0443\u044e \u00ab\u0418\u0441\u043a\u0430\u0442\u0435\u043b\u044c\u043d\u0438\u0446\u0443\u00bb, \u043d\u0430\u0445\u043e\u0434\u0438\u0442 \u0443 \u0441\u0435\u0431\u044f \u0432 \u043a\u0430\u0440\u043c\u0430\u043d\u0435 \u0435\u0451 \u043c\u0430\u0433\u0438\u0447\u0435\u0441\u043a\u043e\u0435 \u043e\u0436\u0435\u0440\u0435\u043b\u044c\u0435. \u041d\u0430 \u0441\u043b\u0435\u0434\u0443\u044e\u0449\u0435\u0435 \u0443\u0442\u0440\u043e \u0434\u0435\u0432\u0443\u0448\u043a\u0430 \u044f\u0432\u043b\u044f\u0435\u0442\u0441\u044f \u0432 \u0448\u043a\u043e\u043b\u0443, \u0447\u0442\u043e\u0431\u044b \u0437\u0430\u0431\u0440\u0430\u0442\u044c \u0441\u0432\u043e\u0439 \u0430\u0440\u0442\u0435\u0444\u0430\u043a\u0442...", "category": 1, "title": "Aura: Maryuuinkouga Saigo no Tatakai", "avatar": "/home/ctulhu/anylist/anylist/media/14669.jpg", "heroes": [], "creators": [], "genres": [9, 21, 10, 7], "old_limit": 4}, "pk": 30, "model": "myapp.product"}, {"fields": {"description": "\u0421\u0442\u0430\u0440\u0448\u0435\u043a\u043b\u0430\u0441\u0441\u043d\u0438\u043a \u042e\u0442\u0430\u0440\u0443 \u0434\u0443\u043c\u0430\u043b, \u0447\u0442\u043e \u043e\u043d \u0435\u0434\u0438\u043d\u0441\u0442\u0432\u0435\u043d\u043d\u044b\u0439 \u0440\u0435\u0431\u0435\u043d\u043e\u043a, \u043f\u043e\u043a\u0430 \u043d\u0435 \u0432\u0441\u0442\u0440\u0435\u0442\u0438\u043b \u0441\u0432\u043e\u044e \u043d\u0430\u0441\u0442\u043e\u044f\u0449\u0443\u044e \u043c\u0430\u0442\u044c \u0438 \u043e\u0431\u043d\u0430\u0440\u0443\u0436\u0438\u043b, \u0447\u0442\u043e \u0443 \u043d\u0435\u0435 19 \u0434\u043e\u0447\u0435\u0440\u0435\u0439 - \u043e\u0442 0 \u0434\u043e 18 \u043b\u0435\u0442. \u0422\u0435\u043f\u0435\u0440\u044c \u043e\u043d \u0436\u0438\u0432\u0435\u0442 \u0441\u043e \u0441\u0432\u043e\u0435\u0439 \"\u043d\u0430\u0441\u0442\u043e\u044f\u0449\u0435\u0439 \u0441\u0435\u043c\u044c\u0435\u0439\".", "category": 1, "title": "Baby Princess 3D Paradise 0 [Love]", "avatar": "/home/ctulhu/anylist/anylist/media/10196.jpg", "heroes": [], "creators": [], "genres": [29, 8, 3], "old_limit": 4}, "pk": 31, "model": "myapp.product"}, {"fields": {"description": "\u0418\u0441\u0442\u043e\u0440\u0438\u044f \u043e \u041a\u043e\u0451\u043c\u0438 \u0410\u0440\u0430\u0440\u0430\u0433\u0438, \u0443\u0447\u0435\u043d\u0438\u043a\u0435 \u0442\u0440\u0435\u0442\u044c\u0435\u0433\u043e \u043a\u043b\u0430\u0441\u0441\u0430 \u0441\u0442\u0430\u0440\u0448\u0435\u0439 \u0448\u043a\u043e\u043b\u044b \u0438 \u0431\u044b\u0432\u0448\u0435\u043c \u0432\u0430\u043c\u043f\u0438\u0440\u0435.\n\u041e\u0434\u043d\u0430\u0436\u0434\u044b \u043e\u043d \u0448\u0451\u043b \u043f\u043e \u0448\u043a\u043e\u043b\u044c\u043d\u043e\u0439 \u043b\u0435\u0441\u0442\u043d\u0438\u0446\u0435, \u0430 \u0441\u0432\u0435\u0440\u0445\u0443 \u043d\u0430 \u043d\u0435\u0433\u043e \u0443\u043f\u0430\u043b\u0430 \u0434\u0435\u0432\u0443\u0448\u043a\u0430. \u0412\u043f\u0440\u043e\u0447\u0435\u043c, \u043f\u0430\u0434\u0430\u043b\u0430 \u043e\u043d\u0430 \u043c\u0435\u0434\u043b\u0435\u043d\u043d\u043e, \u0434\u0430 \u0438 \u0432\u0435\u0441 \u0435\u0451 \u043e\u043a\u0430\u0437\u0430\u043b\u0441\u044f \u0441\u0442\u0440\u0430\u043d\u043d\u044b\u043c, \u0432\u0441\u0435\u0433\u043e \u043d\u0435\u0441\u043a\u043e\u043b\u044c\u043a\u043e \u043a\u0438\u043b\u043e\u0433\u0440\u0430\u043c\u043c. \u041f\u0440\u0438\u0433\u043e\u0442\u043e\u0432\u0438\u0432\u0448\u0438\u0439\u0441\u044f \u0431\u044b\u043b\u043e \u043a \u0441\u0438\u043b\u044c\u043d\u043e\u043c\u0443 \u0443\u0434\u0430\u0440\u0443, \u041a\u043e\u0451\u043c\u0438 \u0441 \u043b\u0435\u0433\u043a\u043e\u0441\u0442\u044c\u044e \u043b\u043e\u0432\u0438\u0442 \u0435\u0451 \u043d\u0430 \u0440\u0443\u043a\u0438.\n\u0414\u0435\u0432\u0443\u0448\u043a\u0430 \u043e\u043a\u0430\u0437\u0430\u043b\u043e\u0441\u044c \u043e\u0434\u043d\u043e\u043a\u043b\u0430\u0441\u0441\u043d\u0438\u0446\u0435\u0439 \u041a\u043e\u0451\u043c\u0438, \u0425\u0438\u0442\u0430\u0433\u0438 \u0421\u044d\u043d\u0434\u0437\u0451\u0433\u0430\u0445\u0430\u0440\u043e\u0439, \u043a\u0440\u0430\u0441\u0438\u0432\u043e\u0439, \u0432\u0440\u043e\u0434\u0435 \u0431\u044b \u0437\u0430\u0441\u0442\u0435\u043d\u0447\u0438\u0432\u043e\u0439 \u0438 \u0430\u0431\u0441\u043e\u043b\u044e\u0442\u043d\u043e \u043d\u0435\u043b\u044e\u0434\u0438\u043c\u043e\u0439 \u2014 \u0437\u0430 \u0442\u0440\u0438 \u0433\u043e\u0434\u0430 \u0441\u043e\u0432\u043c\u0435\u0441\u0442\u043d\u043e\u0439 \u0443\u0447\u0435\u0431\u044b \u041a\u043e\u0451\u043c\u0438 \u0441 \u043d\u0435\u0439 \u043d\u0438 \u0440\u0430\u0437\u0443 \u0437\u0430\u0433\u043e\u0432\u043e\u0440\u0438\u043b. \u0418 \u043d\u0435 \u0442\u043e\u043b\u044c\u043a\u043e \u043e\u043d, \u043f\u043e\u0441\u043b\u0435\u0434\u043d\u0438\u0435 \u0433\u043e\u0434\u044b \u043e\u043d\u0430 \u043d\u0435 \u043e\u0431\u0449\u0430\u043b\u0430\u0441\u044c \u043d\u0438 \u0441 \u043a\u0435\u043c. \u0425\u0430\u0440\u0430\u043a\u0442\u0435\u0440 \u0443 \u043d\u0435\u0435, \u043a\u0430\u043a \u043e\u043a\u0430\u0437\u0430\u043b\u043e\u0441\u044c, \u0432\u043e\u0432\u0441\u0435 \u043d\u0435 \u0437\u0430\u0441\u0442\u0435\u043d\u0447\u0438\u0432\u044b\u0439, \u0438 \u043d\u0430 \u0441\u0432\u043e\u044e \u0431\u0435\u0434\u0443 \u041a\u043e\u0451\u043c\u0438 \u043e\u0431 \u044d\u0442\u043e\u043c \u0432\u0441\u043a\u043e\u0440\u0435 \u0443\u0437\u043d\u0430\u0435\u0442 \u2014 \u0425\u0438\u0442\u0430\u0433\u0438 \u043d\u0435 \u0445\u043e\u0447\u0435\u0442, \u0447\u0442\u043e\u0431\u044b \u043a\u0442\u043e-\u0442\u043e \u0443\u0437\u043d\u0430\u043b \u043f\u0440\u043e \u0435\u0451 \u0441\u0435\u043a\u0440\u0435\u0442. \u0410 \u0441\u0435\u043a\u0440\u0435\u0442 \u0437\u0430\u043a\u043b\u044e\u0447\u0430\u0435\u0442\u0441\u044f \u0432 \u0435\u0451 \u0432\u0435\u0441\u0435, \u0443\u043a\u0440\u0430\u0434\u0435\u043d\u043d\u043e\u043c \u043d\u0435 \u0442\u043e \u0434\u0435\u043c\u043e\u043d\u043e\u043c, \u043d\u0435 \u0442\u043e \u0431\u043e\u0433\u043e\u043c, \u043d\u0435 \u0442\u043e \u0434\u0443\u0445\u043e\u043c, \u0432\u044b\u0433\u043b\u044f\u0434\u044f\u0449\u0438\u043c \u043a\u0430\u043a \u043a\u0440\u0430\u0431.\n\u041a\u043e\u0451\u043c\u0438 \u043f\u0440\u0438\u0437\u043d\u0430\u0435\u0442\u0441\u044f \u0435\u0439, \u0447\u0442\u043e \u0432 \u043f\u0440\u043e\u0448\u043b\u043e\u043c \u0441\u0430\u043c \u043f\u043e\u0441\u0442\u0440\u0430\u0434\u0430\u043b \u043e\u0442 \u043d\u0430\u043f\u0430\u0434\u0435\u043d\u0438\u044f \u0441\u0432\u0435\u0440\u0445\u044a\u0435\u0441\u0442\u0435\u0441\u0442\u0432\u0435\u043d\u043d\u043e\u0433\u043e \u0441\u0443\u0449\u0435\u0441\u0442\u0432\u0430 \u0438 \u043f\u0440\u0435\u0432\u0440\u0430\u0442\u0438\u043b\u0441\u044f \u0432 \u0432\u0430\u043c\u043f\u0438\u0440\u0430, \u043e\u0434\u043d\u0430\u043a\u043e \u0435\u0433\u043e \u0437\u043d\u0430\u043a\u043e\u043c\u044b\u0439 \u041c\u0435\u043c\u0435 \u041e\u0448\u0438\u043d\u043e \u043f\u043e\u043c\u043e\u0433 \u0435\u043c\u0443 \u0441\u043d\u043e\u0432\u0430 \u0441\u0442\u0430\u0442\u044c \u0447\u0435\u043b\u043e\u0432\u0435\u043a\u043e\u043c. \u0412\u043e\u0437\u043c\u043e\u0436\u043d\u043e, \u041c\u0435\u043c\u0435 \u0441\u043c\u043e\u0436\u0435\u0442 \u043f\u043e\u043c\u043e\u0447\u044c \u0438 \u0435\u0439...", "category": 1, "title": "Bakemoogatari", "avatar": "/home/ctulhu/anylist/anylist/media/5081.jpg", "heroes": [], "creators": [], "genres": [31, 10, 19, 32], "old_limit": 5}, "pk": 32, "model": "myapp.product"}, {"fields": {"description": "\u041a\u0430\u043a \u0432\u0441\u0435 \u0443\u0436\u0435 \u0437\u043d\u0430\u044e\u0442, \u0422\u0430\u043a\u0430\u0433\u0438 \u0438 \u041c\u0430\u0448\u0438\u0440\u043e \u0432\u0441\u0451 \u0436\u0435 \u0434\u043e\u0431\u0438\u043b\u0438\u0441\u044c \u0441\u0432\u043e\u0435\u0433\u043e \u0432\u044b\u043f\u0443\u0441\u043a\u0430 \u043f\u043e\u043b\u043d\u043e\u0446\u0435\u043d\u043d\u043e\u0433\u043e \u043c\u0430\u043d\u0433\u0430-\u0441\u0435\u0440\u0438\u0430\u043b\u0430. \u0422\u0435\u043f\u0435\u0440\u044c \u0438\u0433\u0440\u044b \u0437\u0430\u043a\u043e\u043d\u0447\u0438\u043b\u0438\u0441\u044c, \u0438 \u0438\u043c \u043f\u0440\u0435\u0434\u0441\u0442\u043e\u0438\u0442 \u0441\u0442\u0430\u0442\u044c \u043d\u0430\u0441\u0442\u043e\u044f\u0449\u0438\u043c\u0438 \u043f\u0440\u043e\u0444\u0438. \u041a \u0442\u043e\u043c\u0443 \u0436\u0435 \u043d\u0430\u0447\u0430\u043b\u044c\u0441\u0442\u0432\u043e \u0440\u0435\u0448\u0438\u043b\u043e \u0441\u043c\u0435\u043d\u0438\u0442\u044c \u0438\u0445 \u0440\u0435\u0434\u0430\u043a\u0442\u043e\u0440\u0430, \u0430 \u0437\u043d\u0430\u0447\u0438\u0442 \u043e\u0431\u0441\u0442\u0430\u043d\u043e\u0432\u043a\u0430 \u0431\u0443\u0434\u0435\u0442 \u0441\u043e\u0432\u0441\u0435\u043c \u0438\u043d\u043e\u0439: \u043d\u043e\u0432\u044b\u0439 \u043d\u0430\u0441\u0442\u0430\u0432\u043d\u0438\u043a, \u0430\u0441\u0441\u0438\u0441\u0442\u0435\u043d\u0442\u044b \u0438 \u0432\u043e\u043e\u0431\u0449\u0435 \u043e\u043a\u0440\u0443\u0436\u0435\u043d\u0438\u0435, \u043d\u043e \u0433\u043b\u0430\u0432\u043d\u043e\u0435 - \u0434\u0435\u043b\u0430\u0442\u044c \u043a\u0440\u0443\u0442\u0443\u044e \u0438 \u0443\u0432\u043b\u0435\u043a\u0430\u0442\u0435\u043b\u044c\u043d\u0443\u044e \u043c\u0430\u043d\u0433\u0443, \u043d\u0435 \u0441\u0434\u0430\u0432\u0430\u0442\u044c \u043f\u043e\u0437\u0438\u0446\u0438\u0439 \u0438 \u0432\u043c\u0435\u0441\u0442\u0435 \u0438\u0434\u0442\u0438 \u043a \u0441\u0432\u043e\u0435\u0439 \u0437\u0430\u0432\u0435\u0442\u043d\u043e\u0439 \u043c\u0435\u0447\u0442\u0435. \u0415\u0449\u0435 \u0431\u043b\u0438\u0436\u0435, \u0435\u0449\u0435 \u0431\u044b\u0441\u0442\u0440\u0435\u0435!", "category": 1, "title": "Bakuman 2", "avatar": "/home/ctulhu/anylist/anylist/media/10030.jpg", "heroes": [], "creators": [], "genres": [9, 21, 10, 7, 1], "old_limit": 3}, "pk": 33, "model": "myapp.product"}, {"fields": {"description": "\u041f\u043e\u0441\u043b\u0435 \u0432\u0441\u0435\u0445 \u0438\u0441\u043f\u044b\u0442\u0430\u043d\u0438\u0439, \u0432\u044b\u043f\u0430\u0432\u0448\u0438\u0445 \u043d\u0430\u0448\u0438\u043c \u043c\u043e\u043b\u043e\u0434\u044b\u043c \u043c\u0430\u043d\u0433\u0430\u043a\u0430\u043c, \u043e\u043d\u0438 \u0432\u043d\u043e\u0432\u044c \u0434\u043e\u0431\u0438\u0432\u0430\u044e\u0442\u0441\u044f \u0441\u0432\u043e\u0435\u0433\u043e, \u0443\u0436\u0435 \u0442\u0440\u0435\u0442\u044c\u0435\u0433\u043e \u043f\u043e \u0441\u0447\u0435\u0442\u0443, \u0441\u0435\u0440\u0438\u0430\u043b\u0430. \u0418 \u043f\u0435\u0440\u0432\u044b\u0439 \u0432\u044b\u043f\u0443\u0441\u043a \u043f\u043e\u043b\u0443\u0447\u0430\u0435\u0442 \u043f\u0435\u0440\u0432\u043e\u0435 \u043c\u0435\u0441\u0442\u043e \u043d\u0430 \u0433\u043e\u043b\u043e\u0441\u043e\u0432\u0430\u043d\u0438\u0438 \u0447\u0438\u0442\u0430\u0442\u0435\u043b\u0435\u0439! \u041d\u043e \u044d\u0442\u043e \u0442\u043e\u043b\u044c\u043a\u043e \u043d\u0430\u0447\u0430\u043b\u043e \u043f\u0443\u0442\u0438 \u0443\u0441\u043f\u0435\u0445\u0430 \u0434\u043b\u044f \u0410\u0448\u0438\u0440\u043e\u0433\u0438 \u041c\u0443\u0442\u043e, \u0432\u0435\u0434\u044c \u0446\u0435\u043b\u044c \u0422\u0430\u043a\u0430\u0433\u0438 \u0438 \u041c\u0430\u0448\u0438\u0440\u043e - \u0434\u043e\u0431\u0438\u0442\u044c\u0441\u044f \u0430\u043d\u0438\u043c\u0435 \u043f\u043e \u0441\u0432\u043e\u0435\u0439 \u043c\u0430\u043d\u0433\u0435, \u0432 \u043a\u043e\u0442\u043e\u0440\u043e\u0439 \u041c\u0438\u0445\u043e \u0441\u043c\u043e\u0433\u043b\u0430 \u0431\u044b \u043e\u0437\u0432\u0443\u0447\u0438\u0442\u044c \u043e\u0434\u043d\u0443 \u0438\u0437 \u0436\u0435\u043d\u0441\u043a\u0438\u0445 \u0440\u043e\u043b\u0435\u0439, \u0438 \u0442\u043e\u0433\u0434\u0430 \u043e\u043d\u0438 \u043d\u0430\u043a\u043e\u043d\u0435\u0446 \u0441\u043c\u043e\u0433\u0443\u0442 \u0438\u0441\u043f\u043e\u043b\u043d\u0438\u0442\u044c \u0441\u0432\u043e\u0438 \u043c\u0435\u0447\u0442\u044b! \u0412\u043e\u0442 \u0442\u043e\u043b\u044c\u043a\u043e \u0431\u0443\u0434\u0435\u0442 \u044d\u0442\u043e \u043d\u0435\u043b\u0435\u0433\u043a\u043e, \u0432\u0435\u0434\u044c \u0438\u0445 \u0441\u043e\u043f\u0435\u0440\u043d\u0438\u043a\u0438 \u0443\u0436\u0435 \u0432\u043f\u0435\u0440\u0435\u0434\u0438, \u0438 \u043d\u0435 \u0441\u043e\u0431\u0438\u0440\u0430\u044e\u0442\u0441\u044f \u0443\u0441\u0442\u0443\u043f\u0430\u0442\u044c..", "category": 1, "title": "Bakuman 3", "avatar": "/home/ctulhu/anylist/anylist/media/12365.jpg", "heroes": [], "creators": [], "genres": [9, 21, 10, 1], "old_limit": 3}, "pk": 34, "model": "myapp.product"}, {"fields": {"description": "\u041f\u043e\u0441\u043b\u0435 \u043f\u0440\u0438\u0431\u044b\u0442\u0438\u044f \u0427\u0451\u0440\u043d\u044b\u0445 \u043a\u043e\u0440\u0430\u0431\u043b\u0435\u0439 \u0432 \u0421\u0451\u0433\u0443\u043d\u0430\u0442\u0435 \u043f\u043e\u0448\u0430\u0442\u043d\u0443\u043b\u0441\u044f \u0434\u0432\u0443\u0445\u0441\u043e\u0442\u043b\u0435\u0442\u043d\u0438\u0439 \u043f\u043e\u0440\u044f\u0434\u043e\u043a. \u042f\u043f\u043e\u043d\u0438\u044f \u043f\u043e\u0433\u0440\u0443\u0437\u0438\u043b\u0430 \u0432 \u0432\u043e\u0434\u043e\u0432\u043e\u0440\u043e\u0442 \u043f\u043e\u0442\u0440\u044f\u0441\u0435\u043d\u0438\u0439 \u0438 \u0431\u0435\u0441\u043f\u043e\u0440\u044f\u0434\u043a\u043e\u0432. \u042d\u043f\u043e\u0445\u0430 \u0441\u0442\u0430\u0431\u0438\u043b\u044c\u043d\u043e\u0441\u0442\u0438 \u0441\u043c\u0435\u043d\u0438\u043b\u0430\u0441\u044c \u0445\u0430\u043e\u0441\u043e\u043c. \u0411\u0435\u0441\u0441\u0438\u043b\u044c\u043d\u043e\u0435 \u0431\u043e\u043b\u044c\u0448\u0438\u043d\u0441\u0442\u0432\u043e \u043f\u0430\u043b\u043e \u0436\u0435\u0440\u0442\u0432\u043e\u0439 \u0441\u0438\u043b\u044c\u043d\u044b\u0445, \u0447\u0442\u043e \u043e\u0431\u043e\u0431\u0440\u0430\u043b\u0438 \u0438 \u0443\u043d\u0438\u0437\u0438\u043b\u0438 \u0438\u0445. \u041e\u0434\u043d\u0430\u043a\u043e, \u0441\u043a\u043e\u0440\u044b\u0439 \u0432\u0435\u0442\u0435\u0440 \u0442\u0430\u0439\u043a\u043e\u043c \u043f\u044b\u0442\u0430\u0435\u0442\u0441\u044f \u0432\u0435\u0440\u043d\u0443\u0442\u044c \u043e\u0431\u0434\u0435\u043b\u0451\u043d\u043d\u044b\u043c \u043f\u0440\u0438\u043d\u0430\u0434\u043b\u0435\u0436\u0430\u0449\u0435\u0435 \u0438\u043c \u043f\u043e \u043f\u0440\u0430\u0432\u0443. \u0418 \u0438\u043c\u044f \u0435\u043c\u0443 - \u0420\u043e\u043c\u0430\u043d!\n\n\u042d\u0434\u0430\u043a\u0438 \u044f\u043f\u043e\u043d\u0441\u043a\u0438\u0439 \u0420\u043e\u0431\u0438\u043d \u0413\u0443\u0434, \u043d\u043e\u0447\u044c\u044e - \u043a\u0440\u0430\u0434\u0451\u0442 \u0443 \u0437\u043b\u043e\u0434\u0435\u0435\u0432 \u043d\u0435\u043f\u0440\u0430\u0432\u0435\u0434\u043d\u043e \u043d\u0430\u0436\u0438\u0442\u044b\u0435 \u0446\u0435\u043d\u043d\u043e\u0441\u0442\u0438, \u0447\u0442\u043e\u0431\u044b \u0440\u0430\u0437\u0434\u0430\u0442\u044c \u0438\u0445 \u0431\u0435\u0434\u043d\u044f\u043a\u0430\u043c, \u0430 \u0434\u043d\u0451\u043c - \u043f\u0440\u0438\u043a\u0438\u0434\u044b\u0432\u0430\u0435\u0442\u0441\u044f \u043e\u0431\u044b\u0447\u043d\u044b\u043c \u043f\u0430\u0440\u043d\u0435\u043c, \u0440\u0430\u0431\u043e\u0442\u0430\u044e\u0449\u0438\u043c \"\u043f\u043e\u043c\u043e\u0449\u043d\u0438\u043a\u043e\u043c\" \u0432 \u041a\u0438\u043e\u0442\u043e. \u041d\u043e \u043e\u0434\u043d\u0430\u0436\u0434\u044b \u0433\u0435\u0440\u043e\u0439 \u043e\u0442\u043a\u0443\u0441\u044b\u0432\u0430\u0435\u0442 \u043a\u0443\u0441\u043e\u043a, \u043a\u043e\u0442\u043e\u0440\u044b\u0439 \u043d\u0435 \u0432 \u0441\u043e\u0441\u0442\u043e\u044f\u043d\u0438\u0438 \u043f\u0440\u043e\u0433\u043b\u043e\u0442\u0438\u0442\u044c, \u0438 \u043e\u043a\u0430\u0437\u044b\u0432\u0430\u0435\u0442\u0441\u044f \u0437\u0430\u043c\u0435\u0448\u0430\u043d \u0432 \u0437\u0430\u0433\u043e\u0432\u043e\u0440\u0435 \u0433\u043e\u0441\u0443\u0434\u0430\u0440\u0441\u0442\u0432\u0435\u043d\u043d\u043e\u0433\u043e \u043c\u0430\u0441\u0448\u0442\u0430\u0431\u0430.", "category": 1, "title": "Bakumatsu Gijinden Roman", "avatar": "/home/ctulhu/anylist/anylist/media/16211.jpg", "heroes": [], "creators": [], "genres": [24, 33], "old_limit": 3}, "pk": 35, "model": "myapp.product"}, {"fields": {"description": "\u042f\u043c\u0430\u0434\u0430 (\u0441\u0432\u043e\u0435 \u0438\u043c\u044f \u043e\u043d\u0430 \u0434\u0435\u0440\u0436\u0438\u0442 \u0432 \u0441\u0435\u043a\u0440\u0435\u0442\u0435) 15-\u043b\u0435\u0442\u043d\u044f\u044f \u0434\u0435\u0432\u0443\u0448\u043a\u0430, \u043f\u043e\u0441\u0442\u0443\u043f\u0438\u0432\u0448\u0430\u044f \u0432 \u0441\u0442\u0430\u0440\u0448\u0443\u044e \u0448\u043a\u043e\u043b\u0443 \u0422\u0430\u043a\u0438\u0437\u0430\u0432\u0430. \u041e\u043d\u0430 \u043a\u0440\u0430\u0441\u0438\u0432\u0430 \u0438 \u043e\u0431\u0432\u043e\u0440\u043e\u0436\u0438\u0442\u0435\u043b\u044c\u043d\u0430, \u0442\u0430\u043a \u0432 \u0447\u0435\u043c \u0436\u0435 \u043f\u0440\u043e\u0431\u043b\u0435\u043c\u0430? \u0410 \u0432 \u0442\u043e\u043c, \u0447\u0442\u043e \u043e\u043d\u0430 \u0434\u0435\u0432\u0441\u0442\u0432\u0435\u043d\u043d\u0438\u0446\u0430! \u041a\u0430\u0437\u0430\u043b\u043e\u0441\u044c \u0431\u044b, \u0447\u0442\u043e \u0432 \u044d\u0442\u043e\u043c \u0442\u0430\u043a\u043e\u0433\u043e? \u041e\u0434\u043d\u0430\u043a\u043e \u044d\u0442\u043e\u0442 \u0432\u043e\u043f\u0440\u043e\u0441 \u0434\u043b\u044f \u043d\u0435\u0451 \u0441\u0442\u043e\u0438\u0442 \u043e\u0441\u0442\u0440\u043e, \u0432\u0435\u0434\u044c \u0435\u0451 \u043c\u0435\u0447\u0442\u0430 - \u043f\u0435\u0440\u0435\u0441\u043f\u0430\u0442\u044c \u0441 \u0441\u043e\u0442\u043d\u0435\u0439 \u043c\u0443\u0436\u0438\u043a\u043e\u0432, \u043d\u043e \u042f\u043c\u0430\u0434\u0430 \u0441\u0447\u0438\u0442\u0430\u0435\u0442, \u0447\u0442\u043e \u0435\u044e \u043d\u0435 \u0437\u0430\u0438\u043d\u0442\u0435\u0440\u0435\u0441\u0443\u044e\u0442\u0441\u044f, \u0435\u0441\u043b\u0438 \u0443\u0437\u043d\u0430\u044e\u0442, \u0447\u0442\u043e \u0443 \u043d\u0435\u0451 \u043d\u0435\u0442 \u043e\u043f\u044b\u0442\u0430 \u0432 \u044d\u0442\u043e\u043c \u0434\u0435\u043b\u0435. \u0412\u043d\u0435\u0437\u0430\u043f\u043d\u043e \u0434\u0435\u0432\u0443\u0448\u043a\u0430 \u043d\u0430\u0445\u043e\u0434\u0438\u0442 \u0432\u044b\u0445\u043e\u0434 \u0438\u0437 \u044d\u0442\u043e\u0439 \u0441\u0438\u0442\u0443\u0430\u0446\u0438\u0438 \u0432 \u043b\u0438\u0446\u0435 \u041a\u043e\u0441\u0443\u0434\u044b \u0422\u0430\u043a\u0430\u0448\u0438 (\u043f\u043e \u0441\u043e\u0432\u043c\u0435\u0441\u0442\u0438\u0442\u0435\u043b\u044c\u0441\u0442\u0432\u0443 \u0434\u0435\u0432\u0441\u0442\u0432\u0435\u043d\u043d\u0438\u043a), \u043a\u043e\u0442\u043e\u0440\u044b\u0439, \u043f\u043e \u0435\u0451 \u043c\u043d\u0435\u043d\u0438\u044e, \u043f\u043e\u043c\u043e\u0436\u0435\u0442 \u0435\u0439 \u0440\u0430\u0441\u0441\u0442\u0430\u0442\u044c\u0441\u044f \u0441 \u043d\u0435\u0432\u0438\u043d\u043d\u043e\u0441\u0442\u044c\u044e \u0438 \u043e\u0431\u043b\u0435\u0433\u0447\u0438\u0442 \u043f\u0435\u0440\u0435\u0445\u043e\u0434 \u043a \u0431\u043e\u043b\u0435\u0435 \u043e\u043f\u044b\u0442\u043d\u044b\u043c \u043f\u0430\u0440\u0442\u043d\u0435\u0440\u0430\u043c.\n\n\u041d\u043e \u0435\u0441\u0442\u044c \u043e\u0434\u0438\u043d \u043c\u0430\u043b\u0435\u043d\u044c\u043a\u0438\u0439 \u043d\u044e\u0430\u043d\u0441\u0438\u043a\u2026 \u042f\u043c\u0430\u0434\u0430 \u043d\u0438\u0447\u0435\u0433\u043e \u043d\u0435 \u0441\u043c\u044b\u0441\u043b\u0438\u0442 \u0432 \u0441\u0435\u043a\u0441\u0435 \u0438 \u0432 \u0434\u0440\u0435\u0432\u043d\u0435\u043c \u0438\u0441\u043a\u0443\u0441\u0441\u0442\u0432\u0435 \u0441\u043e\u0431\u043b\u0430\u0437\u043d\u0435\u043d\u0438\u044f, \u043f\u043e\u044d\u0442\u043e\u043c\u0443 \u043f\u0443\u0442\u044c \u043a \u0437\u0430\u0432\u043e\u0435\u0432\u0430\u043d\u0438\u044f \u041a\u043e\u0441\u0443\u0434\u044b \u0431\u0443\u0434\u0435\u0442 \u043a\u0440\u0430\u0439\u043d\u0435 \u0442\u0435\u0440\u043d\u0438\u0441\u0442\u044b\u043c.", "category": 1, "title": "B Gata H Kei", "avatar": "/home/ctulhu/anylist/anylist/media/7817.jpg", "heroes": [], "creators": [], "genres": [9, 29, 10, 7, 3], "old_limit": 4}, "pk": 36, "model": "myapp.product"}, {"fields": {"description": "\u0421\u043f\u0438\u043d-\u043e\u0444\u0444 \u043a \u043c\u0430\u043d\u0433\u0435 \"\u041d\u0435 \u043c\u043e\u044f \u0432\u0438\u043d\u0430, \u0447\u0442\u043e \u044f \u043d\u0435\u043f\u043e\u043f\u0443\u043b\u044f\u0440\u043d\u0430!\", \u0440\u0430\u0441\u0441\u043a\u0430\u0437\u044b\u0432\u0430\u044e\u0449\u0438\u0439 \u043f\u0440\u043e \u0436\u0438\u0437\u043d\u044c \u041a\u0443\u0440\u043e\u043a\u0438 \u0422\u043e\u043c\u043e\u043a\u043e \u0432 \u0441\u0440\u0435\u0434\u043d\u0435\u0439 \u0448\u043a\u043e\u043b\u0435.", "category": 2, "title": "Watashi no Tomodachi ga Motenai no wa Dou Kangaete mo Omaera ga Warui", "avatar": "/home/ctulhu/anylist/anylist/media/48661.jpg", "heroes": [], "creators": [], "genres": [9, 10, 1], "old_limit": 3}, "pk": 37, "model": "myapp.product"}, {"fields": {"description": "\u042d\u0442\u0430 \u0438\u0441\u0442\u043e\u0440\u0438\u044f \u043f\u0440\u043e\u0438\u0441\u0445\u043e\u0434\u0438\u0442 \u0432 \u043d\u0435\u0434\u0430\u043b\u0435\u043a\u043e\u043c \u0431\u0443\u0434\u0443\u0449\u0435\u043c, \u0433\u0434\u0435 \u0447\u0435\u043b\u043e\u0432\u0435\u0447\u0435\u0441\u0442\u0432\u043e \u0431\u044b\u043b\u043e \u043f\u043e\u0434\u0432\u0435\u0440\u0436\u0435\u043d\u043e \u0430\u0442\u0430\u043a\u0435 \u0440\u0430\u0437\u043d\u043e\u0441\u044f\u0449\u0438\u043c\u0438 \u0432\u0438\u0440\u0443\u0441 \u043f\u0430\u0440\u0430\u0437\u0438\u0442\u0430\u043c\u0438, \u0438\u043c\u0435\u043d\u0443\u0435\u043c\u044b\u043c\u0438 \u0413\u0430\u0441\u0442\u0440\u0438\u0430. \u0412 \u0440\u0435\u0437\u0443\u043b\u044c\u0442\u0430\u0442\u0435 \u044d\u0442\u043e\u0433\u043e, \u0431\u0443\u0434\u0443\u0447\u0438 \u0438\u0437\u0433\u043d\u0430\u043d\u043d\u044b\u043c\u0438 \u0438\u0437 \u0441\u0432\u043e\u0438\u0445 \u0440\u043e\u0434\u043d\u044b\u0445 \u0434\u043e\u043c\u043e\u0432, \u0440\u043e\u0434 \u043b\u044e\u0434\u0435\u0439 \u0441\u0443\u0449\u0435\u0441\u0442\u0432\u0443\u0435\u0442 \u043b\u0438\u0448\u044c \u043d\u0430 \u043d\u0435\u0431\u043e\u043b\u044c\u0448\u043e\u0439 \u0442\u0435\u0440\u0440\u0438\u0442\u043e\u0440\u0438\u0438, \u0433\u0434\u0435, \u0443\u0436\u0435 \u043f\u043e\u0442\u0435\u0440\u044f\u0432\u0448\u0438\u0435 \u0432\u0441\u044f\u043a\u0443\u044e \u043d\u0430\u0434\u0435\u0436\u0434\u0443, \u043e\u043d\u0438 \u0436\u0438\u0432\u0443\u0442 \u0431\u043e\u043a \u043e \u0431\u043e\u043a \u0441\u043e \u0441\u043c\u0435\u0440\u0442\u044c\u044e.\n\u0412 \u044d\u0442\u043e\u043c \u0442\u0435\u043c\u043d\u043e\u043c \u043c\u0438\u0440\u0435 \u0436\u0438\u0432\u0451\u0442 \u0420\u0435\u043d\u0442\u0430\u0440\u043e, \u043f\u0430\u0440\u0435\u043d\u044c, \u0447\u0435\u0439 \u0434\u043e\u043c \u043d\u0430\u0445\u043e\u0434\u0438\u0442\u0441\u044f \u0440\u044f\u0434\u043e\u043c \u0441 \u0422\u043e\u043a\u0438\u043e, \u0441\u043e\u0441\u0442\u043e\u044f\u0449\u0438\u0439 \u0432 \"\u0413\u0440\u0430\u0436\u0434\u0430\u043d\u0441\u043a\u043e\u0439 \u0411\u0435\u0437\u043e\u043f\u0430\u0441\u043d\u043e\u0441\u0442\u0438\" \u2014 \u043e\u0440\u0433\u0430\u043d\u0438\u0437\u0430\u0446\u0438\u0438, \u0437\u0430\u043d\u0438\u043c\u0430\u044e\u0449\u0435\u0439\u0441\u044f \u0431\u043e\u0440\u044c\u0431\u043e\u0439 \u0441 \u0442\u0435\u043c\u0438 \u0441\u0430\u043c\u044b\u043c\u0438 \u043f\u0430\u0440\u0430\u0437\u0438\u0442\u0430\u043c\u0438 \u0413\u0430\u0441\u0442\u0440\u0438\u0430. \u0412\u043c\u0435\u0441\u0442\u0435 \u0441\u043e \u0441\u0432\u043e\u0435\u0439 \u043d\u0430\u043f\u0430\u0440\u043d\u0438\u0446\u0435\u0439 \u042d\u043d\u0434\u0436\u0443 \u043e\u043d\u0438 \u0432\u044b\u043f\u043e\u043b\u043d\u044f\u044e\u0442 \u0441\u0430\u043c\u044b\u0435 \u0440\u0438\u0441\u043a\u043e\u0432\u0430\u043d\u043d\u044b\u0435 \u0437\u0430\u0434\u0430\u043d\u0438\u044f.\n\u0412\u044b\u043f\u043e\u043b\u043d\u044f\u044f \u043e\u0434\u043d\u0443 \u043c\u0438\u0441\u0441\u0438\u044e \u043e\u043f\u0430\u0441\u043d\u0435\u0435 \u0434\u0440\u0443\u0433\u043e\u0439, \u0440\u0430\u0431\u043e\u0442\u0430\u044f \u0434\u0435\u043d\u044c \u0437\u0430 \u0434\u043d\u0435\u043c, \u043e\u0434\u043d\u0430\u0436\u0434\u044b, \u043e\u043d\u0438 \u043f\u043e\u043b\u0443\u0447\u0430\u044e\u0442 \u0441\u043f\u0435\u0446\u0438\u0430\u043b\u044c\u043d\u043e\u0435 \u0437\u0430\u0434\u0430\u043d\u0438\u0435 \u043e\u0442 \u043f\u0440\u0430\u0432\u0438\u0442\u0435\u043b\u044c\u0441\u0442\u0432\u0430 \u043f\u043e \u043f\u0440\u0435\u0434\u043e\u0442\u0432\u0440\u0430\u0449\u0435\u043d\u0438\u044e \u0440\u0430\u0437\u0440\u0443\u0448\u0435\u043d\u0438\u044f \u0422\u043e\u043a\u0438\u043e.\n\u0418 \u0432\u043e\u0442 \u0438\u043c\u0435\u043d\u043d\u043e \u0442\u0430\u043a \u043d\u0430\u0447\u0438\u043d\u0430\u0435\u0442\u0441\u044f \u043f\u043e\u0432\u0435\u0441\u0442\u0432\u043e\u0432\u0430\u043d\u0438\u0435 \u043e\u0431 \u043e\u0434\u043d\u043e\u0439 \u0438\u0437 \u0441\u0430\u043c\u044b\u0445 \u0437\u043d\u0430\u0447\u0438\u043c\u044b\u0445 \u043c\u0438\u0441\u0441\u0438\u0439 \u043f\u043e \u0437\u0430\u0449\u0438\u0442\u0435 \u0447\u0435\u043b\u043e\u0432\u0435\u0447\u0435\u0441\u0442\u0432\u0430.", "category": 1, "title": "Black Bullet", "avatar": "/home/ctulhu/anylist/anylist/media/20787.jpg", "heroes": [], "creators": [], "genres": [22, 16, 31, 3], "old_limit": 5}, "pk": 38, "model": "myapp.product"}, {"fields": {"description": "\u041e\u043a\u0430\u0434\u0436\u0438\u043c\u0430 \u0420\u043e\u043a\u0443\u0440\u043e \u2013 \u0442\u0438\u043f\u0438\u0447\u043d\u044b\u0439 \u044f\u043f\u043e\u043d\u0441\u043a\u0438\u0439 \u0441\u043b\u0443\u0436\u0430\u0449\u0438\u0439, \u0440\u0430\u0431\u043e\u0442\u0430\u044e\u0449\u0438\u0439 \u043d\u0430 \u043a\u043e\u0440\u043f\u043e\u0440\u0430\u0446\u0438\u044e \u0438 \u0436\u0438\u0432\u0443\u0449\u0438\u0439 \u0432 \u0433\u043e\u0440\u043e\u0434\u043a\u0435, \u043f\u043e\u043b\u043d\u043e\u043c \u0442\u0430\u043a\u0438\u043c\u0438 \u0436\u0435 \u043b\u044e\u0434\u044c\u043c\u0438, \u043a\u0430\u043a \u0438 \u043e\u043d. \u0415\u0433\u043e \u043e\u0431\u044b\u0447\u043d\u044b\u0439 \u0434\u0435\u043d\u044c \u0441\u043e\u0441\u0442\u043e\u0438\u0442 \u0438\u0437 \u043f\u0438\u043d\u043a\u043e\u0432 \u043e\u0442 \u043d\u0430\u0447\u0430\u043b\u044c\u0441\u0442\u0432\u0430, \u0438 \u0438\u0437 \"\u0434\u0435\u043b\u043e\u0432\u044b\u0445 \u0432\u0441\u0442\u0440\u0435\u0447\", \u0433\u0434\u0435 \u0420\u043e\u043a\u0443\u0440\u043e \u043f\u044c\u0451\u0442 \u0441 \u043a\u043b\u0438\u0435\u043d\u0442\u0430\u043c\u0438.\n\n\u041d\u043e \u043e\u0434\u043d\u0430\u0436\u0434\u044b \u043f\u0440\u0438\u0432\u044b\u0447\u043d\u044b\u0439 \u0440\u0435\u0436\u0438\u043c \u043d\u0430\u0440\u0443\u0448\u0430\u0435\u0442\u0441\u044f \u043d\u0435\u043e\u0436\u0438\u0434\u0430\u043d\u043d\u043e\u0439 \u043a\u043e\u043c\u0430\u043d\u0434\u0438\u0440\u043e\u0432\u043a\u043e\u0439: \u043d\u0430\u0447\u0430\u043b\u044c\u0441\u0442\u0432\u043e \u043f\u043e\u0441\u044b\u043b\u0430\u0435\u0442 \u0420\u043e\u043a\u0443\u0440\u043e \u0432 \u0442\u0440\u043e\u043f\u0438\u0447\u0435\u0441\u043a\u0438\u0435 \u043c\u043e\u0440\u044f \u0412\u043e\u0441\u0442\u043e\u0447\u043d\u043e\u0433\u043e \u041a\u0438\u0442\u0430\u044f \u0434\u043b\u044f \u0434\u043e\u0441\u0442\u0430\u0432\u043a\u0438 \u0434\u0438\u0441\u043a\u0430 \u0441 \u0432\u0430\u0436\u043d\u043e\u0439 \u0438\u043d\u0444\u043e\u0440\u043c\u0430\u0446\u0438\u0435\u0439. \u041f\u043e \u043f\u0443\u0442\u0438 \u043a\u043e\u0440\u0430\u0431\u043b\u044c, \u043d\u0430 \u043a\u043e\u0442\u043e\u0440\u043e\u043c \u043f\u043b\u044b\u0432\u0451\u0442 \u0420\u043e\u043a\u0443\u0440\u043e, \u0437\u0430\u0445\u0432\u0430\u0442\u044b\u0432\u0430\u044e\u0442 \u043f\u0438\u0440\u0430\u0442\u044b, \u043d\u0430\u043d\u044f\u0442\u044b\u0435 \u0434\u043b\u044f \u043a\u0440\u0430\u0436\u0438 \u0432\u044b\u0448\u0435\u0443\u043f\u043e\u043c\u044f\u043d\u0443\u0442\u043e\u0433\u043e \u0434\u0438\u0441\u043a\u0430. \u0418 \u043e\u0434\u043d\u0430 \u0438\u0437 \u043f\u0438\u0440\u0430\u0442\u043e\u0432 \u043f\u043e \u0438\u043c\u0435\u043d\u0438 \u0420\u044d\u0432\u0438 \u0440\u0435\u0448\u0430\u0435\u0442, \u0447\u0442\u043e \u0420\u043e\u043a\u0420\u043e\u043a\u0443\u0440\u043e[/character] \u043f\u0438\u0440\u0430\u0442\u044b) \u0447\u0435\u0433\u043e-\u0442\u043e \u0434\u0430 \u0441\u0442\u043e\u0438\u0442, \u0438 \u0435\u0433\u043e \u0431\u0435\u0440\u0443\u0442 \u0432 \u0437\u0430\u043b\u043e\u0436\u043d\u0438\u043a\u0438 \u0441 \u0446\u0435\u043b\u044c\u044e \u043f\u043e\u043b\u0443\u0447\u0435\u043d\u0438\u044f \u0432\u044b\u043a\u0443\u043f\u0430.\n\n\u041d\u0430 \u0434\u0438\u0441\u043a\u0435 \u0436\u0435 \u043d\u0430\u0445\u043e\u0434\u0438\u0442\u0441\u044f \u043a\u043e\u043c\u043f\u0440\u043e\u043c\u0435\u0442\u0438\u0440\u0443\u044e\u0449\u0438\u0439 \u043c\u0430\u0442\u0435\u0440\u0438\u0430\u043b, \u043d\u0430\u043b\u0438\u0447\u0438\u0435 \u043a\u043e\u0442\u043e\u0440\u043e\u0433\u043e \u0443 \u043f\u0438\u0440\u0430\u0442\u043e\u0432 \u0441\u043e\u0437\u0434\u0430\u0435\u0442 \u0431\u043e\u043b\u044c\u0448\u0438\u0435 \u043f\u0440\u043e\u0431\u043b\u0435\u043c\u044b \u043a\u043e\u0440\u043f\u043e\u0440\u0430\u0446\u0438\u0438, \u0438 \u0436\u0438\u0437\u043d\u0438 \u043a\u0430\u043a \u043f\u0438\u0440\u0430\u0442\u043e\u0432 \"\u0427\u0451\u0440\u043d\u043e\u0439 \u041b\u0430\u0433\u0443\u043d\u044b\", \u0442\u0430\u043a \u0438 \u0420\u043e\u043a\u0430 \u043e\u043a\u0430\u0437\u044b\u0432\u0430\u044e\u0442\u0441\u044f \u043f\u043e\u0434 \u0443\u0433\u0440\u043e\u0437\u043e\u0439...", "category": 1, "title": "Black Lagoon", "avatar": "/home/ctulhu/anylist/anylist/media/889.jpg", "heroes": [], "creators": [], "genres": [22, 3], "old_limit": 5}, "pk": 39, "model": "myapp.product"}, {"fields": {"description": "\u041e\u043a\u0430\u0434\u0436\u0438\u043c\u0430 \u0420\u043e\u043a\u0443\u0440\u043e \u2014 \u043d\u044b\u043d\u0447\u0435 \u0438\u0437\u0432\u0435\u0441\u0442\u043d\u044b\u0439 \u043f\u043e\u0434 \u0438\u043c\u0435\u043d\u0435\u043c \u0420\u043e\u043a \u2014 \u043d\u0435\u043a\u043e\u0433\u0434\u0430 \u0431\u044b\u043b \u043e\u0431\u044b\u0447\u043d\u044b\u043c, \u043d\u0438\u0447\u0435\u043c \u043d\u0435 \u043f\u0440\u0438\u043c\u0435\u0447\u0430\u0442\u0435\u043b\u044c\u043d\u044b\u043c \u0438 \u0441\u043a\u043e\u0432\u0430\u043d\u043d\u044b\u043c \u0440\u0430\u0431\u043e\u0442\u043e\u0439 \u0441\u043b\u0443\u0436\u0430\u0449\u0438\u043c. \u041d\u043e \u043e\u0434\u043d\u0430\u0436\u0434\u044b, \u0432\u043e \u0432\u0440\u0435\u043c\u044f \u0441\u043e\u0432\u0435\u0440\u0448\u0435\u043d\u0438\u044f \u0431\u0438\u0437\u043d\u0435\u0441-\u043f\u043e\u0435\u0437\u0434\u043a\u0438, \u0435\u0433\u043e \u043f\u043e\u0445\u0438\u0442\u0438\u043b\u0430 \u043a\u043e\u043c\u043f\u0430\u043d\u0438\u044f \u00ab\u041b\u0430\u0433\u0443\u043d\u0430\u00bb \u2014 \u043f\u0440\u0435\u0434\u043f\u0440\u0438\u044f\u0442\u0438\u0435 \u043f\u043e \u043f\u0435\u0440\u0435\u0432\u043e\u0437\u0443 \u0433\u0440\u0443\u0437\u043e\u0432 \u0438 \u043f\u043e \u0441\u043e\u0432\u043c\u0435\u0441\u0442\u0438\u0442\u0435\u043b\u044c\u0441\u0442\u0432\u0443 \u0431\u0430\u043d\u0434\u0430 \u043d\u0430\u0451\u043c\u043d\u0438\u043a\u043e\u0432-\u043f\u0438\u0440\u0430\u0442\u043e\u0432 \u0438\u0437 \u0420\u043e\u0430\u043d\u0430\u043f\u0443\u0440\u0430 \u2014 \u0433\u043e\u0440\u043e\u0434\u0430 \u0441 \u0432\u044b\u0441\u043e\u043a\u0438\u043c \u043a\u043e\u043b\u0438\u0447\u0435\u0441\u0442\u0432\u043e\u043c \u043d\u0435\u0440\u0430\u0437\u0433\u0430\u0434\u0430\u043d\u043d\u044b\u0445 \u043f\u0440\u0435\u0441\u0442\u0443\u043f\u043b\u0435\u043d\u0438\u0439. \u0411\u0440\u043e\u0448\u0435\u043d\u043d\u044b\u0439 \u0441\u0432\u043e\u0438\u043c\u0438 \u043d\u0430\u0447\u0430\u043b\u044c\u043d\u0438\u043a\u0430\u043c\u0438, \u043e\u043d \u043d\u0435 \u0432\u0438\u0434\u0438\u0442 \u0434\u0440\u0443\u0433\u043e\u0433\u043e \u0432\u044b\u0445\u043e\u0434\u0430, \u043a\u0440\u043e\u043c\u0435 \u043a\u0430\u043a \u043f\u0440\u0438\u0441\u043e\u0435\u0434\u0438\u043d\u044f\u0435\u0442\u0441\u044f \u043a \u00ab\u041b\u0430\u0433\u0443\u043d\u0435\u00bb. \u0422\u0435\u043f\u0435\u0440\u044c \u043f\u0435\u0440\u0432\u0435\u0439\u0448\u0430\u044f \u0434\u043b\u044f \u043d\u0435\u0433\u043e \u0437\u0430\u0434\u0430\u0447\u0430 \u2014 \u043f\u043e\u043f\u044b\u0442\u0430\u0442\u044c\u0441\u044f \u0443\u0434\u0435\u0440\u0436\u0430\u0442\u044c\u0441\u044f \u043d\u0430 \u043f\u043b\u0430\u0432\u0443 \u0441\u0440\u0435\u0434\u0438 \u0441\u043c\u0435\u043d\u044f\u044e\u0449\u0438\u0445 \u0434\u0440\u0443\u0433 \u0434\u0440\u0443\u0433\u0430 \u0434\u0435\u043b\u044c\u0446\u043e\u0432 \u043a\u0440\u0438\u043c\u0438\u043d\u0430\u043b\u044c\u043d\u043e\u0433\u043e \u043f\u043e\u0434\u043f\u043e\u043b\u044c\u044f, \u043e\u0434\u043d\u043e\u0432\u0440\u0435\u043c\u0435\u043d\u043d\u043e \u0441 \u044d\u0442\u0438\u043c \u0438\u0437\u0431\u0435\u0433\u0430\u044f \u0441\u043c\u0435\u0440\u0442\u0438 \u043e\u0442 \u0440\u0443\u043a \u0432\u0441\u043f\u044b\u043b\u044c\u0447\u0438\u0432\u043e\u0439 \u0438 \u043f\u043e\u0432\u0441\u044e\u0434\u0443 \u0442\u0430\u0441\u043a\u0430\u044e\u0449\u0435\u0439 \u0441\u0432\u043e\u0451 \u043e\u0440\u0443\u0436\u0438\u0435 \u0420\u0435\u0439\u0432\u0438, \u043f\u043e \u043f\u0440\u043e\u0437\u0432\u0438\u0449\u0443 \u0414\u0432\u0443\u0440\u0443\u043a\u0430\u044f.\n\n\u0412\u0442\u043e\u0440\u043e\u0439 \u0441\u0435\u0437\u043e\u043d \u0430\u043d\u0438\u043c\u0435 \u0444\u043e\u043a\u0443\u0441\u0438\u0440\u0443\u0435\u0442\u0441\u044f \u043d\u0430 \u0431\u043e\u0440\u044c\u0431\u0435 \u044f\u043f\u043e\u043d\u0441\u043a\u0438\u0445 \u043f\u0440\u0435\u0441\u0442\u0443\u043f\u043d\u044b\u0445 \u043a\u043b\u0430\u043d\u043e\u0432 \u0437\u0430 \u0432\u0441\u044e \u043f\u043e\u043b\u043d\u043e\u0442\u0443 \u0442\u0435\u043d\u0435\u0432\u043e\u0439 \u0432\u043b\u0430\u0441\u0442\u0438 \u0438 \u043d\u0430 \u0442\u043e\u043c, \u043a\u0430\u043a \u0432 \u044d\u0442\u0443 \u0431\u043e\u0440\u044c\u0431\u0443 \u0432\u043a\u043b\u044e\u0447\u0430\u0435\u0442\u0441\u044f \u0442\u0440\u0435\u0442\u044c\u044f \u0441\u0438\u043b\u0430 \u2014 \u043c\u043e\u0433\u0443\u0449\u0435\u0441\u0442\u0432\u0435\u043d\u043d\u0430\u044f \u043f\u0440\u0435\u0441\u0442\u0443\u043f\u043d\u0430\u044f \u0433\u0440\u0443\u043f\u043f\u0438\u0440\u043e\u0432\u043a\u0430 \u0438\u0437 \u0420\u043e\u0441\u0441\u0438\u0438 \u00ab\u041e\u0442\u0435\u043b\u044c \u041c\u043e\u0441\u043a\u0432\u0430\u00bb.", "category": 1, "title": "Black Lagoon: The Second Barrage", "avatar": "/home/ctulhu/anylist/anylist/media/1519.jpg", "heroes": [], "creators": [], "genres": [22, 3], "old_limit": 5}, "pk": 40, "model": "myapp.product"}, {"fields": {"description": "\u0418\u043a\u044d\u0431\u0443\u043a\u0443\u0440\u043e, \u043e\u0434\u0438\u043d \u0438\u0437 \u0440\u0430\u0439\u043e\u043d\u043e\u0432 \u0422\u043e\u043a\u0438\u043e. \u041d\u0435\u043f\u043e\u043d\u044f\u0442\u043d\u044b\u0435, \u0432\u043e\u043b\u043d\u0443\u044e\u0449\u0438\u0435, \u0430 \u043f\u043e\u0440\u043e\u0439 \u0438 \u043e\u043f\u0430\u0441\u043d\u044b\u0435 \u0441\u043e\u0431\u044b\u0442\u0438\u044f \u0441\u043b\u0443\u0447\u0430\u044e\u0442\u0441\u044f \u0437\u0434\u0435\u0441\u044c: \u0444\u0430\u0440\u043c\u0430\u0446\u0435\u043f\u0442\u0438\u0447\u0435\u0441\u043a\u0438\u0435 \u043a\u043e\u043c\u043f\u0430\u043d\u0438\u0438 \u043f\u0440\u043e\u0432\u043e\u0440\u0430\u0447\u0438\u0432\u0430\u044e\u0442 \u0442\u0435\u043c\u043d\u044b\u0435 \u0434\u0435\u043b\u0438\u0448\u043a\u0438, \u043b\u044e\u0434\u0438 \u043f\u0440\u043e\u043f\u0430\u0434\u0430\u044e\u0442 \u0431\u0435\u0441\u0441\u043b\u0435\u0434\u043d\u043e, \u043c\u0435\u0441\u0442\u043d\u044b\u0435 \u0431\u0430\u043d\u0434\u044b \u0432\u043e\u044e\u044e\u0442 \u043f\u043e \u043e\u0434\u043d\u0438\u043c \u0438\u043c \u043f\u043e\u043d\u044f\u0442\u043d\u044b\u043c \u043f\u0440\u0438\u0447\u0438\u043d\u0430\u043c, \u0438 \u0431\u0435\u0437\u0433\u043e\u043b\u043e\u0432\u044b\u0439 \u043c\u043e\u0442\u043e\u0446\u0438\u043a\u043b\u0438\u0441\u0442 \u043d\u0430 \u0447\u0435\u0440\u043d\u043e\u043c \u0431\u0430\u0439\u043a\u0435 \u043c\u0447\u0438\u0442\u0441\u044f \u043f\u043e \u0443\u043b\u0438\u0446\u0430\u043c... \u0412\u043f\u0440\u043e\u0447\u0435\u043c, \u043f\u043e\u0441\u043b\u0435\u0434\u043d\u0435\u0435 - \u0432\u0441\u0435\u0433\u043e-\u043b\u0438\u0448\u044c \u043b\u0435\u0433\u0435\u043d\u0434\u0430 \u0434\u043b\u044f \u0442\u0443\u0440\u0438\u0441\u0442\u043e\u0432.\n\n\u041f\u0440\u0438\u0432\u044b\u043a\u0448\u0438\u0439 \u043a \u0440\u0430\u0437\u043c\u0435\u0440\u043d\u043e\u0439 \u0438 \u0442\u0438\u0445\u043e\u0439 \u0436\u0438\u0437\u043d\u0438 \u041c\u0438\u043a\u0430\u0434\u043e \u0420\u044e\u0433\u0430\u043c\u0438\u043d\u044d \u043f\u043e \u043f\u0440\u0438\u0433\u043b\u0430\u0448\u0435\u043d\u0438\u044e \u0434\u0440\u0443\u0433\u0430 \u0434\u0435\u0442\u0441\u0442\u0432\u0430 \u041c\u0430\u0441\u0430\u043e\u043c\u0438 \u041a\u0438\u0434\u044b \u043f\u0435\u0440\u0435\u0435\u0437\u0436\u0430\u0435\u0442 \u0432 \u0418\u043a\u044d\u0431\u0443\u043a\u0443\u0440\u043e.\n\n\u041f\u0440\u043e\u0449\u0430\u0439 \u0443\u043d\u044b\u043b\u0430\u044f \u0441\u0435\u043b\u044c\u0441\u043a\u0430\u044f \u0436\u0438\u0437\u043d\u044c! \u041e\u0442\u043d\u044b\u043d\u0435 \u041c\u0438\u043a\u0430\u0434\u043e \u0441\u0442\u0430\u043d\u043e\u0432\u0438\u0442\u0441\u044f \u0447\u0430\u0441\u0442\u044c\u044e \u0431\u043e\u043b\u044c\u0448\u043e\u0433\u043e \u0433\u043e\u0440\u043e\u0434\u0430: \u043d\u043e\u0432\u044b\u0435 \u0448\u043a\u043e\u043b\u044c\u043d\u044b\u0435 \u0434\u0440\u0443\u0437\u044c\u044f \u0438 \u0437\u0430\u0445\u0432\u0430\u0442\u044b\u0432\u0430\u044e\u0449\u0438\u0435 \u043f\u0440\u0438\u043a\u043b\u044e\u0447\u0435\u043d\u0438\u044f, \u0437\u043d\u0430\u043a\u043e\u043c\u0441\u0442\u0432\u043e \u0443\u043b\u0438\u0447\u043d\u044b\u043c\u0438 \u0431\u0430\u043d\u0434\u0430\u043c\u0438 \u0438 \u0441\u0435\u0442\u0435\u0432\u044b\u043c\u0438 \u0441\u043e\u043e\u0431\u0449\u0435\u0441\u0442\u0432\u0430\u043c\u0438, \u0434\u0438\u043b\u0435\u0440\u044b \u0447\u0435\u0440\u043d\u043e\u0433\u043e \u0440\u044b\u043d\u043a\u0430, \u0441\u0442\u0430\u043b\u043a\u0435\u0440\u044b, \u043c\u0430\u043d\u044c\u044f\u043a\u0438 \u0438 \u0441\u0432\u0435\u0440\u0445\u044a\u0435\u0441\u0442\u0435\u0441\u0442\u0432\u0435\u043d\u043d\u044b\u0435 \u0441\u0443\u0449\u0435\u0441\u0442\u0432\u0430 - \u0432\u0441\u0451 \u044d\u0442\u043e \u0442\u0435\u043f\u0435\u0440\u044c \u0441\u0442\u0430\u043d\u0435\u0442 \u0447\u0430\u0441\u0442\u044c\u044e \u0435\u0433\u043e \u043f\u043e\u0432\u0441\u0435\u0434\u043d\u0435\u0432\u043d\u043e\u0439 \u0436\u0438\u0437\u043d\u0438!", "category": 1, "title": "Durarara!!", "avatar": "/home/ctulhu/anylist/anylist/media/6746.jpg", "heroes": [], "creators": [2, 20], "genres": [22, 31, 1, 19], "old_limit": 5}, "pk": 41, "model": "myapp.product"}, {"fields": {"product": 11, "name": "", "frozen": false, "number": 1}, "pk": 1, "model": "myapp.seriesgroup"}, {"fields": {"product": 4, "name": null, "frozen": false, "number": 1}, "pk": 29, "model": "myapp.seriesgroup"}, {"fields": {"product": 11, "name": null, "frozen": false, "number": 2}, "pk": 30, "model": "myapp.seriesgroup"}, {"fields": {"product": 17, "name": null, "frozen": false, "number": 1}, "pk": 31, "model": "myapp.seriesgroup"}, {"fields": {"product": 11, "name": null, "frozen": false, "number": 3}, "pk": 32, "model": "myapp.seriesgroup"}, {"fields": {"season": 1, "length": 24, "start_date": "2014-07-06T00:00:00Z", "name": "Kill the Darkness", "number": 1}, "pk": 45, "model": "myapp.serie"}, {"fields": {"season": 1, "length": 24, "start_date": "2014-07-13T00:00:00Z", "name": "Kill the Authority", "number": 2}, "pk": 46, "model": "myapp.serie"}, {"fields": {"season": 1, "length": null, "start_date": "2014-07-02T00:00:00Z", "name": "dsfd", "number": 0}, "pk": 49, "model": "myapp.serie"}, {"fields": {"season": 1, "length": 24, "start_date": "2014-07-20T00:00:00Z", "name": "Kill Your Cares", "number": 3}, "pk": 60, "model": "myapp.serie"}, {"fields": {"season": 1, "length": 24, "start_date": "2014-07-27T00:00:00Z", "name": "Kill the Imperial Arm Users", "number": 4}, "pk": 61, "model": "myapp.serie"}, {"fields": {"season": 1, "length": 24, "start_date": "2014-08-03T00:00:00Z", "name": "Kill the Dream", "number": 5}, "pk": 66, "model": "myapp.serie"}, {"fields": {"season": 1, "length": 24, "start_date": "2014-08-10T00:00:00Z", "name": "Kill the Absolute Justice", "number": 6}, "pk": 67, "model": "myapp.serie"}, {"fields": {"season": 1, "length": 24, "start_date": "2014-08-17T00:00:00Z", "name": "Kill the Three: Part 1", "number": 7}, "pk": 68, "model": "myapp.serie"}, {"fields": {"season": 31, "length": 24, "start_date": "2012-04-06T00:00:00Z", "name": "Acceleration", "number": 1}, "pk": 69, "model": "myapp.serie"}, {"fields": {"season": 31, "length": 24, "start_date": "2012-04-13T00:00:00Z", "name": "Transformation", "number": 2}, "pk": 70, "model": "myapp.serie"}, {"fields": {"season": 31, "length": 24, "start_date": "2012-04-20T00:00:00Z", "name": "Investigation", "number": 3}, "pk": 71, "model": "myapp.serie"}, {"fields": {"season": 31, "length": 24, "start_date": "2012-04-27T00:00:00Z", "name": "Declaration", "number": 4}, "pk": 72, "model": "myapp.serie"}, {"fields": {"season": 31, "length": 24, "start_date": "2012-05-04T00:00:00Z", "name": "Aviation", "number": 5}, "pk": 73, "model": "myapp.serie"}, {"fields": {"season": 31, "length": 24, "start_date": "2012-05-11T00:00:00Z", "name": "Retribution", "number": 6}, "pk": 74, "model": "myapp.serie"}, {"fields": {"season": 31, "length": 24, "start_date": "2012-05-18T00:00:00Z", "name": "Restoration", "number": 7}, "pk": 75, "model": "myapp.serie"}, {"fields": {"season": 31, "length": 24, "start_date": "2012-05-25T00:00:00Z", "name": "Temptation", "number": 8}, "pk": 76, "model": "myapp.serie"}, {"fields": {"season": 31, "length": 24, "start_date": "2012-06-01T00:00:00Z", "name": "Escalation", "number": 9}, "pk": 77, "model": "myapp.serie"}, {"fields": {"season": 31, "length": 24, "start_date": "2012-06-15T00:00:00Z", "name": "Activation", "number": 10}, "pk": 78, "model": "myapp.serie"}, {"fields": {"season": 31, "length": 24, "start_date": "2012-06-22T00:00:00Z", "name": "Obligation", "number": 11}, "pk": 80, "model": "myapp.serie"}, {"fields": {"season": 31, "length": 24, "start_date": "2012-06-29T00:00:00Z", "name": "Absolution", "number": 12}, "pk": 81, "model": "myapp.serie"}, {"fields": {"season": 31, "length": 24, "start_date": "2012-07-06T00:00:00Z", "name": "Violation", "number": 13}, "pk": 82, "model": "myapp.serie"}, {"fields": {"season": 31, "length": 24, "start_date": "2012-07-13T00:00:00Z", "name": "Arrestation", "number": 14}, "pk": 83, "model": "myapp.serie"}, {"fields": {"season": 31, "length": 24, "start_date": "2012-07-20T00:00:00Z", "name": "Destruction", "number": 15}, "pk": 84, "model": "myapp.serie"}, {"fields": {"season": 31, "length": 24, "start_date": "2012-07-27T00:00:00Z", "name": "Imagination", "number": 16}, "pk": 85, "model": "myapp.serie"}, {"fields": {"season": 31, "length": 24, "start_date": "2012-08-03T00:00:00Z", "name": "Fragmentation", "number": 17}, "pk": 86, "model": "myapp.serie"}, {"fields": {"season": 31, "length": 24, "start_date": "2012-08-10T00:00:00Z", "name": "Invitation", "number": 18}, "pk": 87, "model": "myapp.serie"}, {"fields": {"season": 31, "length": 24, "start_date": "2012-08-17T00:00:00Z", "name": "Revolution", "number": 19}, "pk": 88, "model": "myapp.serie"}, {"fields": {"season": 31, "length": 24, "start_date": "2012-08-24T00:00:00Z", "name": "Domination", "number": 20}, "pk": 89, "model": "myapp.serie"}, {"fields": {"season": 31, "length": 24, "start_date": "2012-08-31T00:00:00Z", "name": "Insurrection", "number": 21}, "pk": 90, "model": "myapp.serie"}, {"fields": {"season": 31, "length": 24, "start_date": "2012-09-07T00:00:00Z", "name": "Determination", "number": 22}, "pk": 91, "model": "myapp.serie"}, {"fields": {"season": 31, "length": 24, "start_date": "2012-09-14T00:00:00Z", "name": "Consolidation", "number": 23}, "pk": 92, "model": "myapp.serie"}, {"fields": {"season": 31, "length": 24, "start_date": "2012-09-21T00:00:00Z", "name": "Reincarnation", "number": 24}, "pk": 93, "model": "myapp.serie"}, {"fields": {"name": "Planned"}, "pk": 1, "model": "myapp.status"}, {"fields": {"name": "Watch"}, "pk": 2, "model": "myapp.status"}, {"fields": {"name": "ReWatching"}, "pk": 3, "model": "myapp.status"}, {"fields": {"name": "Watched"}, "pk": 4, "model": "myapp.status"}, {"fields": {"name": "Deffered"}, "pk": 5, "model": "myapp.status"}, {"fields": {"name": "Dropped"}, "pk": 6, "model": "myapp.status"}, {"fields": {"serie": 49, "user_list": 7, "like": false}, "pk": 74, "model": "myapp.serielist"}, {"fields": {"serie": 60, "user_list": 7, "like": false}, "pk": 75, "model": "myapp.serielist"}, {"fields": {"serie": 45, "user_list": 7, "like": false}, "pk": 79, "model": "myapp.serielist"}, {"fields": {"serie": 61, "user_list": 7, "like": false}, "pk": 89, "model": "myapp.serielist"}, {"fields": {"serie": 66, "user_list": 7, "like": false}, "pk": 90, "model": "myapp.serielist"}, {"fields": {"serie": 70, "user_list": 29, "like": null}, "pk": 96, "model": "myapp.serielist"}, {"fields": {"serie": 71, "user_list": 29, "like": null}, "pk": 97, "model": "myapp.serielist"}, {"fields": {"serie": 72, "user_list": 29, "like": null}, "pk": 98, "model": "myapp.serielist"}, {"fields": {"serie": 73, "user_list": 29, "like": null}, "pk": 99, "model": "myapp.serielist"}, {"fields": {"serie": 74, "user_list": 29, "like": null}, "pk": 100, "model": "myapp.serielist"}, {"fields": {"serie": 69, "user_list": 29, "like": null}, "pk": 101, "model": "myapp.serielist"}, {"fields": {"content_type": 1, "name": "Can add log entry", "codename": "add_logentry"}, "pk": 1, "model": "auth.permission"}, {"fields": {"content_type": 1, "name": "Can change log entry", "codename": "change_logentry"}, "pk": 2, "model": "auth.permission"}, {"fields": {"content_type": 1, "name": "Can delete log entry", "codename": "delete_logentry"}, "pk": 3, "model": "auth.permission"}, {"fields": {"content_type": 2, "name": "Can add permission", "codename": "add_permission"}, "pk": 4, "model": "auth.permission"}, {"fields": {"content_type": 2, "name": "Can change permission", "codename": "change_permission"}, "pk": 5, "model": "auth.permission"}, {"fields": {"content_type": 2, "name": "Can delete permission", "codename": "delete_permission"}, "pk": 6, "model": "auth.permission"}, {"fields": {"content_type": 3, "name": "Can add group", "codename": "add_group"}, "pk": 7, "model": "auth.permission"}, {"fields": {"content_type": 3, "name": "Can change group", "codename": "change_group"}, "pk": 8, "model": "auth.permission"}, {"fields": {"content_type": 3, "name": "Can delete group", "codename": "delete_group"}, "pk": 9, "model": "auth.permission"}, {"fields": {"content_type": 4, "name": "Can add user", "codename": "add_user"}, "pk": 10, "model": "auth.permission"}, {"fields": {"content_type": 4, "name": "Can change user", "codename": "change_user"}, "pk": 11, "model": "auth.permission"}, {"fields": {"content_type": 4, "name": "Can delete user", "codename": "delete_user"}, "pk": 12, "model": "auth.permission"}, {"fields": {"content_type": 5, "name": "Can add content type", "codename": "add_contenttype"}, "pk": 13, "model": "auth.permission"}, {"fields": {"content_type": 5, "name": "Can change content type", "codename": "change_contenttype"}, "pk": 14, "model": "auth.permission"}, {"fields": {"content_type": 5, "name": "Can delete content type", "codename": "delete_contenttype"}, "pk": 15, "model": "auth.permission"}, {"fields": {"content_type": 6, "name": "Can add session", "codename": "add_session"}, "pk": 16, "model": "auth.permission"}, {"fields": {"content_type": 6, "name": "Can change session", "codename": "change_session"}, "pk": 17, "model": "auth.permission"}, {"fields": {"content_type": 6, "name": "Can delete session", "codename": "delete_session"}, "pk": 18, "model": "auth.permission"}, {"fields": {"content_type": 7, "name": "Can add category group", "codename": "add_categorygroup"}, "pk": 19, "model": "auth.permission"}, {"fields": {"content_type": 7, "name": "Can change category group", "codename": "change_categorygroup"}, "pk": 20, "model": "auth.permission"}, {"fields": {"content_type": 7, "name": "Can delete category group", "codename": "delete_categorygroup"}, "pk": 21, "model": "auth.permission"}, {"fields": {"content_type": 8, "name": "Can add category", "codename": "add_category"}, "pk": 22, "model": "auth.permission"}, {"fields": {"content_type": 8, "name": "Can change category", "codename": "change_category"}, "pk": 23, "model": "auth.permission"}, {"fields": {"content_type": 8, "name": "Can delete category", "codename": "delete_category"}, "pk": 24, "model": "auth.permission"}, {"fields": {"content_type": 9, "name": "Can add genre group", "codename": "add_genregroup"}, "pk": 25, "model": "auth.permission"}, {"fields": {"content_type": 9, "name": "Can change genre group", "codename": "change_genregroup"}, "pk": 26, "model": "auth.permission"}, {"fields": {"content_type": 9, "name": "Can delete genre group", "codename": "delete_genregroup"}, "pk": 27, "model": "auth.permission"}, {"fields": {"content_type": 10, "name": "Can add genre", "codename": "add_genre"}, "pk": 28, "model": "auth.permission"}, {"fields": {"content_type": 10, "name": "Can change genre", "codename": "change_genre"}, "pk": 29, "model": "auth.permission"}, {"fields": {"content_type": 10, "name": "Can delete genre", "codename": "delete_genre"}, "pk": 30, "model": "auth.permission"}, {"fields": {"content_type": 11, "name": "Can add alt name", "codename": "add_altname"}, "pk": 31, "model": "auth.permission"}, {"fields": {"content_type": 11, "name": "Can change alt name", "codename": "change_altname"}, "pk": 32, "model": "auth.permission"}, {"fields": {"content_type": 11, "name": "Can delete alt name", "codename": "delete_altname"}, "pk": 33, "model": "auth.permission"}, {"fields": {"content_type": 12, "name": "Can add employ", "codename": "add_employ"}, "pk": 34, "model": "auth.permission"}, {"fields": {"content_type": 12, "name": "Can change employ", "codename": "change_employ"}, "pk": 35, "model": "auth.permission"}, {"fields": {"content_type": 12, "name": "Can delete employ", "codename": "delete_employ"}, "pk": 36, "model": "auth.permission"}, {"fields": {"content_type": 13, "name": "Can add creator", "codename": "add_creator"}, "pk": 37, "model": "auth.permission"}, {"fields": {"content_type": 13, "name": "Can change creator", "codename": "change_creator"}, "pk": 38, "model": "auth.permission"}, {"fields": {"content_type": 13, "name": "Can delete creator", "codename": "delete_creator"}, "pk": 39, "model": "auth.permission"}, {"fields": {"content_type": 14, "name": "Can add hero", "codename": "add_hero"}, "pk": 40, "model": "auth.permission"}, {"fields": {"content_type": 14, "name": "Can change hero", "codename": "change_hero"}, "pk": 41, "model": "auth.permission"}, {"fields": {"content_type": 14, "name": "Can delete hero", "codename": "delete_hero"}, "pk": 42, "model": "auth.permission"}, {"fields": {"content_type": 15, "name": "Can add product", "codename": "add_product"}, "pk": 43, "model": "auth.permission"}, {"fields": {"content_type": 15, "name": "Can change product", "codename": "change_product"}, "pk": 44, "model": "auth.permission"}, {"fields": {"content_type": 15, "name": "Can delete product", "codename": "delete_product"}, "pk": 45, "model": "auth.permission"}, {"fields": {"content_type": 16, "name": "Can add serie", "codename": "add_serie"}, "pk": 46, "model": "auth.permission"}, {"fields": {"content_type": 16, "name": "Can change serie", "codename": "change_serie"}, "pk": 47, "model": "auth.permission"}, {"fields": {"content_type": 16, "name": "Can delete serie", "codename": "delete_serie"}, "pk": 48, "model": "auth.permission"}, {"fields": {"content_type": 17, "name": "Can add status", "codename": "add_status"}, "pk": 49, "model": "auth.permission"}, {"fields": {"content_type": 17, "name": "Can change status", "codename": "change_status"}, "pk": 50, "model": "auth.permission"}, {"fields": {"content_type": 17, "name": "Can delete status", "codename": "delete_status"}, "pk": 51, "model": "auth.permission"}, {"fields": {"content_type": 18, "name": "Can add user list", "codename": "add_userlist"}, "pk": 52, "model": "auth.permission"}, {"fields": {"content_type": 18, "name": "Can change user list", "codename": "change_userlist"}, "pk": 53, "model": "auth.permission"}, {"fields": {"content_type": 18, "name": "Can delete user list", "codename": "delete_userlist"}, "pk": 54, "model": "auth.permission"}, {"fields": {"content_type": 19, "name": "Can add serie list", "codename": "add_serielist"}, "pk": 55, "model": "auth.permission"}, {"fields": {"content_type": 19, "name": "Can change serie list", "codename": "change_serielist"}, "pk": 56, "model": "auth.permission"}, {"fields": {"content_type": 19, "name": "Can delete serie list", "codename": "delete_serielist"}, "pk": 57, "model": "auth.permission"}, {"fields": {"content_type": 20, "name": "Can add migration history", "codename": "add_migrationhistory"}, "pk": 58, "model": "auth.permission"}, {"fields": {"content_type": 20, "name": "Can change migration history", "codename": "change_migrationhistory"}, "pk": 59, "model": "auth.permission"}, {"fields": {"content_type": 20, "name": "Can delete migration history", "codename": "delete_migrationhistory"}, "pk": 60, "model": "auth.permission"}, {"fields": {"content_type": 21, "name": "Can add source", "codename": "add_source"}, "pk": 61, "model": "auth.permission"}, {"fields": {"content_type": 21, "name": "Can change source", "codename": "change_source"}, "pk": 62, "model": "auth.permission"}, {"fields": {"content_type": 21, "name": "Can delete source", "codename": "delete_source"}, "pk": 63, "model": "auth.permission"}, {"fields": {"content_type": 22, "name": "Can add thumbnail", "codename": "add_thumbnail"}, "pk": 64, "model": "auth.permission"}, {"fields": {"content_type": 22, "name": "Can change thumbnail", "codename": "change_thumbnail"}, "pk": 65, "model": "auth.permission"}, {"fields": {"content_type": 22, "name": "Can delete thumbnail", "codename": "delete_thumbnail"}, "pk": 66, "model": "auth.permission"}, {"fields": {"content_type": 23, "name": "Can add thumbnail dimensions", "codename": "add_thumbnaildimensions"}, "pk": 67, "model": "auth.permission"}, {"fields": {"content_type": 23, "name": "Can change thumbnail dimensions", "codename": "change_thumbnaildimensions"}, "pk": 68, "model": "auth.permission"}, {"fields": {"content_type": 23, "name": "Can delete thumbnail dimensions", "codename": "delete_thumbnaildimensions"}, "pk": 69, "model": "auth.permission"}, {"fields": {"content_type": 24, "name": "Can add raiting", "codename": "add_raiting"}, "pk": 70, "model": "auth.permission"}, {"fields": {"content_type": 24, "name": "Can change raiting", "codename": "change_raiting"}, "pk": 71, "model": "auth.permission"}, {"fields": {"content_type": 24, "name": "Can delete raiting", "codename": "delete_raiting"}, "pk": 72, "model": "auth.permission"}, {"fields": {"content_type": 25, "name": "Can add token", "codename": "add_token"}, "pk": 73, "model": "auth.permission"}, {"fields": {"content_type": 25, "name": "Can change token", "codename": "change_token"}, "pk": 74, "model": "auth.permission"}, {"fields": {"content_type": 25, "name": "Can delete token", "codename": "delete_token"}, "pk": 75, "model": "auth.permission"}, {"fields": {"content_type": 26, "name": "Can add series group", "codename": "add_seriesgroup"}, "pk": 76, "model": "auth.permission"}, {"fields": {"content_type": 26, "name": "Can change series group", "codename": "change_seriesgroup"}, "pk": 77, "model": "auth.permission"}, {"fields": {"content_type": 26, "name": "Can delete series group", "codename": "delete_seriesgroup"}, "pk": 78, "model": "auth.permission"}, {"fields": {"content_type": 27, "name": "Can add creator employs", "codename": "add_creatoremploys"}, "pk": 79, "model": "auth.permission"}, {"fields": {"content_type": 27, "name": "Can change creator employs", "codename": "change_creatoremploys"}, "pk": 80, "model": "auth.permission"}, {"fields": {"content_type": 27, "name": "Can delete creator employs", "codename": "delete_creatoremploys"}, "pk": 81, "model": "auth.permission"}, {"fields": {"groups": [], "first_name": "", "email": "sh@ya.ru", "last_login": "2014-08-09T11:25:20.365Z", "password": "pbkdf2_sha256$12000$rGAvbZu9FAhO$fGIzCf3viePy31Q3Dl5vi4FZu9/09XTfLSDTS15ODRQ=", "is_active": true, "username": "ctulhu", "is_staff": true, "last_name": "", "is_superuser": true, "user_permissions": [], "date_joined": "2014-07-02T09:55:41.177Z"}, "pk": 1, "model": "auth.user"}, {"fields": {"groups": [], "first_name": "", "email": "sh@ya.ru", "last_login": "2014-07-10T07:30:56.988Z", "password": "pbkdf2_sha256$12000$ZnWnGfuKq3Ug$aUQ4dAfYw5K+BQ8bsuGeNnbH9GI6c2E5kL37j4XZe30=", "is_active": true, "username": "first", "is_staff": false, "last_name": "", "is_superuser": false, "user_permissions": [], "date_joined": "2014-07-10T07:30:56.691Z"}, "pk": 2, "model": "auth.user"}, {"fields": {"user": 2, "created": "2014-08-01T12:43:19.925Z"}, "pk": "6cc8fbb8af33eda35f63970d50eeed2da872f9ba", "model": "authtoken.token"}, {"fields": {"user": 1, "created": "2014-08-01T12:43:20.051Z"}, "pk": "6f7abb9e9b018ba73df51e3512044c4b2cbfab33", "model": "authtoken.token"}, {"fields": {"score": null, "user": 1, "product": 1, "status": 2}, "pk": 2, "model": "myapp.userlist"}, {"fields": {"score": null, "user": 1, "product": 3, "status": 2}, "pk": 3, "model": "myapp.userlist"}, {"fields": {"score": null, "user": 1, "product": 4, "status": 2}, "pk": 4, "model": "myapp.userlist"}, {"fields": {"score": null, "user": 1, "product": 5, "status": 2}, "pk": 5, "model": "myapp.userlist"}, {"fields": {"score": null, "user": 1, "product": 7, "status": 2}, "pk": 6, "model": "myapp.userlist"}, {"fields": {"score": null, "user": 1, "product": 11, "status": 2}, "pk": 7, "model": "myapp.userlist"}, {"fields": {"score": null, "user": 1, "product": 12, "status": 2}, "pk": 8, "model": "myapp.userlist"}, {"fields": {"score": null, "user": 1, "product": 16, "status": 2}, "pk": 9, "model": "myapp.userlist"}, {"fields": {"score": null, "user": 1, "product": 19, "status": 4}, "pk": 15, "model": "myapp.userlist"}, {"fields": {"score": null, "user": 1, "product": 20, "status": 1}, "pk": 27, "model": "myapp.userlist"}, {"fields": {"score": null, "user": 1, "product": 17, "status": 2}, "pk": 29, "model": "myapp.userlist"}, {"fields": {"score": null, "user": 1, "product": 6, "status": 1}, "pk": 30, "model": "myapp.userlist"}, {"fields": {"score": null, "user": 1, "product": 31, "status": 1}, "pk": 31, "model": "myapp.userlist"}, {"fields": {"score": null, "user": 1, "product": 30, "status": 1}, "pk": 32, "model": "myapp.userlist"}, {"fields": {"score": null, "user": 1, "product": 14, "status": 1}, "pk": 33, "model": "myapp.userlist"}, {"fields": {"score": null, "user": 1, "product": 22, "status": 1}, "pk": 34, "model": "myapp.userlist"}, {"fields": {"score": null, "user": 1, "product": 25, "status": 1}, "pk": 35, "model": "myapp.userlist"}, {"fields": {"object_repr": "Japanese", "user": 1, "object_id": "1", "content_type": 7, "action_flag": 1, "action_time": "2014-07-02T09:57:12.859Z", "change_message": ""}, "pk": 1, "model": "admin.logentry"}, {"fields": {"object_repr": "Anime", "user": 1, "object_id": "1", "content_type": 8, "action_flag": 1, "action_time": "2014-07-02T09:57:14.440Z", "change_message": ""}, "pk": 2, "model": "admin.logentry"}, {"fields": {"object_repr": "Manga", "user": 1, "object_id": "2", "content_type": 8, "action_flag": 1, "action_time": "2014-07-02T09:57:29.116Z", "change_message": ""}, "pk": 3, "model": "admin.logentry"}, {"fields": {"object_repr": "Detectives", "user": 1, "object_id": "2", "content_type": 7, "action_flag": 1, "action_time": "2014-07-02T09:57:51.328Z", "change_message": ""}, "pk": 4, "model": "admin.logentry"}, {"fields": {"object_repr": "Detective Serial", "user": 1, "object_id": "3", "content_type": 8, "action_flag": 1, "action_time": "2014-07-02T09:57:52.574Z", "change_message": ""}, "pk": 5, "model": "admin.logentry"}, {"fields": {"object_repr": "Shounen", "user": 1, "object_id": "1", "content_type": 10, "action_flag": 1, "action_time": "2014-07-02T10:13:09.667Z", "change_message": ""}, "pk": 6, "model": "admin.logentry"}, {"fields": {"object_repr": "Shoujo", "user": 1, "object_id": "2", "content_type": 10, "action_flag": 1, "action_time": "2014-07-02T10:13:15.835Z", "change_message": ""}, "pk": 7, "model": "admin.logentry"}, {"fields": {"object_repr": "Seinen", "user": 1, "object_id": "3", "content_type": 10, "action_flag": 1, "action_time": "2014-07-02T10:13:23.272Z", "change_message": ""}, "pk": 8, "model": "admin.logentry"}, {"fields": {"object_repr": "Shoujo Ai", "user": 1, "object_id": "4", "content_type": 10, "action_flag": 1, "action_time": "2014-07-02T10:13:30.317Z", "change_message": ""}, "pk": 9, "model": "admin.logentry"}, {"fields": {"object_repr": "Shounen Ai", "user": 1, "object_id": "5", "content_type": 10, "action_flag": 1, "action_time": "2014-07-02T10:14:17.833Z", "change_message": ""}, "pk": 10, "model": "admin.logentry"}, {"fields": {"object_repr": "Anime Male", "user": 1, "object_id": "1", "content_type": 9, "action_flag": 1, "action_time": "2014-07-02T10:14:46.457Z", "change_message": ""}, "pk": 11, "model": "admin.logentry"}, {"fields": {"object_repr": "Djosay", "user": 1, "object_id": "6", "content_type": 10, "action_flag": 1, "action_time": "2014-07-02T10:28:33.605Z", "change_message": ""}, "pk": 12, "model": "admin.logentry"}, {"fields": {"object_repr": "Anime Female", "user": 1, "object_id": "2", "content_type": 9, "action_flag": 1, "action_time": "2014-07-02T10:28:56.687Z", "change_message": ""}, "pk": 13, "model": "admin.logentry"}, {"fields": {"object_repr": "G", "user": 1, "object_id": "1", "content_type": 24, "action_flag": 1, "action_time": "2014-07-02T23:30:56.109Z", "change_message": ""}, "pk": 14, "model": "admin.logentry"}, {"fields": {"object_repr": "PG", "user": 1, "object_id": "2", "content_type": 24, "action_flag": 1, "action_time": "2014-07-02T23:31:02.100Z", "change_message": ""}, "pk": 15, "model": "admin.logentry"}, {"fields": {"object_repr": "PG-13", "user": 1, "object_id": "3", "content_type": 24, "action_flag": 1, "action_time": "2014-07-02T23:31:08.836Z", "change_message": ""}, "pk": 16, "model": "admin.logentry"}, {"fields": {"object_repr": "R", "user": 1, "object_id": "4", "content_type": 24, "action_flag": 1, "action_time": "2014-07-02T23:31:13.728Z", "change_message": ""}, "pk": 17, "model": "admin.logentry"}, {"fields": {"object_repr": "NC-17", "user": 1, "object_id": "5", "content_type": 24, "action_flag": 1, "action_time": "2014-07-02T23:31:22.729Z", "change_message": ""}, "pk": 18, "model": "admin.logentry"}, {"fields": {"object_repr": "School", "user": 1, "object_id": "7", "content_type": 10, "action_flag": 1, "action_time": "2014-07-02T23:57:07.734Z", "change_message": ""}, "pk": 19, "model": "admin.logentry"}, {"fields": {"object_repr": "Harem", "user": 1, "object_id": "8", "content_type": 10, "action_flag": 1, "action_time": "2014-07-02T23:57:14.675Z", "change_message": ""}, "pk": 20, "model": "admin.logentry"}, {"fields": {"object_repr": "Comedy", "user": 1, "object_id": "9", "content_type": 10, "action_flag": 1, "action_time": "2014-07-02T23:57:22.469Z", "change_message": ""}, "pk": 21, "model": "admin.logentry"}, {"fields": {"object_repr": "Romantic", "user": 1, "object_id": "10", "content_type": 10, "action_flag": 1, "action_time": "2014-07-02T23:57:32.648Z", "change_message": ""}, "pk": 22, "model": "admin.logentry"}, {"fields": {"object_repr": "Anime School", "user": 1, "object_id": "3", "content_type": 9, "action_flag": 1, "action_time": "2014-07-02T23:57:56.668Z", "change_message": ""}, "pk": 23, "model": "admin.logentry"}, {"fields": {"object_repr": "Planned", "user": 1, "object_id": "1", "content_type": 17, "action_flag": 1, "action_time": "2014-07-03T03:31:03.826Z", "change_message": ""}, "pk": 24, "model": "admin.logentry"}, {"fields": {"object_repr": "Watch", "user": 1, "object_id": "2", "content_type": 17, "action_flag": 1, "action_time": "2014-07-03T03:31:20.061Z", "change_message": ""}, "pk": 25, "model": "admin.logentry"}, {"fields": {"object_repr": "ReWatching", "user": 1, "object_id": "3", "content_type": 17, "action_flag": 1, "action_time": "2014-07-03T03:31:34.793Z", "change_message": ""}, "pk": 26, "model": "admin.logentry"}, {"fields": {"object_repr": "Watched", "user": 1, "object_id": "4", "content_type": 17, "action_flag": 1, "action_time": "2014-07-03T03:32:09.030Z", "change_message": ""}, "pk": 27, "model": "admin.logentry"}, {"fields": {"object_repr": "Deffered", "user": 1, "object_id": "5", "content_type": 17, "action_flag": 1, "action_time": "2014-07-03T03:32:22.779Z", "change_message": ""}, "pk": 28, "model": "admin.logentry"}, {"fields": {"object_repr": "Dropped", "user": 1, "object_id": "6", "content_type": 17, "action_flag": 1, "action_time": "2014-07-03T03:32:30.822Z", "change_message": ""}, "pk": 29, "model": "admin.logentry"}, {"fields": {"object_repr": "Seyu", "user": 1, "object_id": "1", "content_type": 12, "action_flag": 1, "action_time": "2014-07-05T11:24:37.294Z", "change_message": ""}, "pk": 30, "model": "admin.logentry"}, {"fields": {"object_repr": "Produccer", "user": 1, "object_id": "2", "content_type": 12, "action_flag": 1, "action_time": "2014-07-05T11:24:43.412Z", "change_message": ""}, "pk": 31, "model": "admin.logentry"}, {"fields": {"object_repr": "Scenario", "user": 1, "object_id": "3", "content_type": 12, "action_flag": 1, "action_time": "2014-07-05T11:24:48.218Z", "change_message": ""}, "pk": 32, "model": "admin.logentry"}, {"fields": {"object_repr": "Original Autor", "user": 1, "object_id": "4", "content_type": 12, "action_flag": 1, "action_time": "2014-07-05T11:24:57.138Z", "change_message": ""}, "pk": 33, "model": "admin.logentry"}, {"fields": {"object_repr": "Techno Detective", "user": 1, "object_id": "11", "content_type": 10, "action_flag": 1, "action_time": "2014-07-07T12:41:10.459Z", "change_message": ""}, "pk": 34, "model": "admin.logentry"}, {"fields": {"object_repr": "Nour Detective", "user": 1, "object_id": "12", "content_type": 10, "action_flag": 1, "action_time": "2014-07-07T12:41:18.460Z", "change_message": ""}, "pk": 35, "model": "admin.logentry"}, {"fields": {"object_repr": "Criminalystic", "user": 1, "object_id": "13", "content_type": 10, "action_flag": 1, "action_time": "2014-07-07T12:41:25.179Z", "change_message": ""}, "pk": 36, "model": "admin.logentry"}, {"fields": {"object_repr": "Detective", "user": 1, "object_id": "14", "content_type": 10, "action_flag": 1, "action_time": "2014-07-07T12:41:32.888Z", "change_message": ""}, "pk": 37, "model": "admin.logentry"}, {"fields": {"object_repr": "Detectives", "user": 1, "object_id": "4", "content_type": 9, "action_flag": 1, "action_time": "2014-07-07T12:41:51.198Z", "change_message": ""}, "pk": 38, "model": "admin.logentry"}, {"fields": {"object_repr": "Sci-Fi", "user": 1, "object_id": "15", "content_type": 10, "action_flag": 1, "action_time": "2014-07-07T13:07:58.843Z", "change_message": ""}, "pk": 39, "model": "admin.logentry"}, {"fields": {"object_repr": "Fantstic", "user": 1, "object_id": "16", "content_type": 10, "action_flag": 1, "action_time": "2014-07-07T13:08:09.621Z", "change_message": ""}, "pk": 40, "model": "admin.logentry"}, {"fields": {"object_repr": "Psycology", "user": 1, "object_id": "17", "content_type": 10, "action_flag": 1, "action_time": "2014-07-07T13:08:19.234Z", "change_message": ""}, "pk": 41, "model": "admin.logentry"}, {"fields": {"object_repr": "Anime Standart", "user": 1, "object_id": "5", "content_type": 9, "action_flag": 1, "action_time": "2014-07-07T13:09:00.687Z", "change_message": ""}, "pk": 42, "model": "admin.logentry"}, {"fields": {"object_repr": "Horror", "user": 1, "object_id": "18", "content_type": 10, "action_flag": 1, "action_time": "2014-07-07T13:17:06.918Z", "change_message": ""}, "pk": 43, "model": "admin.logentry"}, {"fields": {"object_repr": "Supernatural", "user": 1, "object_id": "19", "content_type": 10, "action_flag": 1, "action_time": "2014-07-07T13:17:12.455Z", "change_message": ""}, "pk": 44, "model": "admin.logentry"}, {"fields": {"object_repr": "Anime Standart", "user": 1, "object_id": "5", "content_type": 9, "action_flag": 2, "action_time": "2014-07-07T13:17:43.272Z", "change_message": "Changed genres."}, "pk": 45, "model": "admin.logentry"}, {"fields": {"object_repr": "Triller", "user": 1, "object_id": "20", "content_type": 10, "action_flag": 1, "action_time": "2014-07-07T13:19:27.524Z", "change_message": ""}, "pk": 46, "model": "admin.logentry"}, {"fields": {"object_repr": "Anime Standart", "user": 1, "object_id": "5", "content_type": 9, "action_flag": 2, "action_time": "2014-07-07T13:19:44.610Z", "change_message": "Changed genres."}, "pk": 47, "model": "admin.logentry"}, {"fields": {"object_repr": "Drama", "user": 1, "object_id": "21", "content_type": 10, "action_flag": 1, "action_time": "2014-07-07T13:20:42.591Z", "change_message": ""}, "pk": 48, "model": "admin.logentry"}, {"fields": {"object_repr": "Anime Standart", "user": 1, "object_id": "5", "content_type": 9, "action_flag": 2, "action_time": "2014-07-07T13:20:51.815Z", "change_message": "Changed genres."}, "pk": 49, "model": "admin.logentry"}, {"fields": {"object_repr": "Manga", "user": 1, "object_id": "2", "content_type": 8, "action_flag": 2, "action_time": "2014-07-14T08:13:56.693Z", "change_message": "Changed avatar."}, "pk": 50, "model": "admin.logentry"}, {"fields": {"object_repr": "Manga", "user": 1, "object_id": "2", "content_type": 8, "action_flag": 2, "action_time": "2014-07-14T08:14:13.835Z", "change_message": "Changed avatar and icon."}, "pk": 51, "model": "admin.logentry"}, {"fields": {"object_repr": "Anime", "user": 1, "object_id": "1", "content_type": 8, "action_flag": 2, "action_time": "2014-07-14T08:14:36.199Z", "change_message": "Changed avatar and icon."}, "pk": 52, "model": "admin.logentry"}, {"fields": {"object_repr": "Fantstic", "user": 1, "object_id": "3", "content_type": 7, "action_flag": 1, "action_time": "2014-07-19T13:32:36.051Z", "change_message": ""}, "pk": 53, "model": "admin.logentry"}, {"fields": {"object_repr": "Games", "user": 1, "object_id": "4", "content_type": 7, "action_flag": 1, "action_time": "2014-07-19T13:32:42.133Z", "change_message": ""}, "pk": 54, "model": "admin.logentry"}, {"fields": {"object_repr": "Novells", "user": 1, "object_id": "4", "content_type": 8, "action_flag": 1, "action_time": "2014-07-19T13:36:51.305Z", "change_message": ""}, "pk": 55, "model": "admin.logentry"}, {"fields": {"object_repr": "Visual Kei", "user": 1, "object_id": "5", "content_type": 8, "action_flag": 1, "action_time": "2014-07-19T13:37:31.475Z", "change_message": ""}, "pk": 56, "model": "admin.logentry"}, {"fields": {"object_repr": "Detective Books", "user": 1, "object_id": "6", "content_type": 8, "action_flag": 1, "action_time": "2014-07-19T13:38:46.975Z", "change_message": ""}, "pk": 57, "model": "admin.logentry"}, {"fields": {"object_repr": "Comix", "user": 1, "object_id": "7", "content_type": 8, "action_flag": 1, "action_time": "2014-07-19T13:43:47.132Z", "change_message": ""}, "pk": 58, "model": "admin.logentry"}, {"fields": {"object_repr": "Games", "user": 1, "object_id": "8", "content_type": 8, "action_flag": 1, "action_time": "2014-07-19T13:44:11.751Z", "change_message": ""}, "pk": 59, "model": "admin.logentry"}, {"fields": {"object_repr": "Fantstic Films", "user": 1, "object_id": "9", "content_type": 8, "action_flag": 1, "action_time": "2014-07-19T13:44:59.003Z", "change_message": ""}, "pk": 60, "model": "admin.logentry"}, {"fields": {"object_repr": "Fantstic Books", "user": 1, "object_id": "10", "content_type": 8, "action_flag": 1, "action_time": "2014-07-19T13:45:20.119Z", "change_message": ""}, "pk": 61, "model": "admin.logentry"}, {"fields": {"object_repr": "Action", "user": 1, "object_id": "22", "content_type": 10, "action_flag": 1, "action_time": "2014-07-24T18:27:22.586Z", "change_message": ""}, "pk": 62, "model": "admin.logentry"}, {"fields": {"object_repr": "Adventure", "user": 1, "object_id": "23", "content_type": 10, "action_flag": 1, "action_time": "2014-07-24T18:27:29.852Z", "change_message": ""}, "pk": 63, "model": "admin.logentry"}, {"fields": {"object_repr": "Fantasy", "user": 1, "object_id": "24", "content_type": 10, "action_flag": 1, "action_time": "2014-07-24T18:27:35.713Z", "change_message": ""}, "pk": 64, "model": "admin.logentry"}, {"fields": {"object_repr": "Anime Standart", "user": 1, "object_id": "5", "content_type": 9, "action_flag": 2, "action_time": "2014-07-24T18:27:48.289Z", "change_message": "Changed genres."}, "pk": 65, "model": "admin.logentry"}, {"fields": {"object_repr": "Akame ga Kill!", "user": 1, "object_id": "8", "content_type": 15, "action_flag": 3, "action_time": "2014-07-24T18:31:25.199Z", "change_message": ""}, "pk": 66, "model": "admin.logentry"}, {"fields": {"object_repr": "Akame ga Kill!", "user": 1, "object_id": "9", "content_type": 15, "action_flag": 3, "action_time": "2014-07-24T18:41:43.710Z", "change_message": ""}, "pk": 67, "model": "admin.logentry"}, {"fields": {"object_repr": "Akame ga Kill!", "user": 1, "object_id": "10", "content_type": 15, "action_flag": 3, "action_time": "2014-07-24T18:49:01.977Z", "change_message": ""}, "pk": 68, "model": "admin.logentry"}, {"fields": {"object_repr": "Slice of Life", "user": 1, "object_id": "25", "content_type": 10, "action_flag": 1, "action_time": "2014-07-26T04:46:28.665Z", "change_message": ""}, "pk": 69, "model": "admin.logentry"}, {"fields": {"object_repr": "Anime Standart", "user": 1, "object_id": "5", "content_type": 9, "action_flag": 2, "action_time": "2014-07-26T04:46:55.575Z", "change_message": "Changed genres."}, "pk": 70, "model": "admin.logentry"}, {"fields": {"object_repr": "<American Ghost Jack>: Season: 1 Serie: 21", "user": 1, "object_id": "47", "content_type": 19, "action_flag": 3, "action_time": "2014-07-26T11:54:36.684Z", "change_message": ""}, "pk": 71, "model": "admin.logentry"}, {"fields": {"object_repr": "<American Ghost Jack>: Season: 1 Serie: 19", "user": 1, "object_id": "45", "content_type": 19, "action_flag": 3, "action_time": "2014-07-26T11:54:36.798Z", "change_message": ""}, "pk": 72, "model": "admin.logentry"}, {"fields": {"object_repr": "<American Ghost Jack>: Season: 1 Serie: 18", "user": 1, "object_id": "44", "content_type": 19, "action_flag": 3, "action_time": "2014-07-26T11:54:36.809Z", "change_message": ""}, "pk": 73, "model": "admin.logentry"}, {"fields": {"object_repr": "<American Ghost Jack>: Season: 1 Serie: 17", "user": 1, "object_id": "43", "content_type": 19, "action_flag": 3, "action_time": "2014-07-26T11:54:36.820Z", "change_message": ""}, "pk": 74, "model": "admin.logentry"}, {"fields": {"object_repr": "<American Ghost Jack>: Season: 1 Serie: 16", "user": 1, "object_id": "42", "content_type": 19, "action_flag": 3, "action_time": "2014-07-26T11:54:36.831Z", "change_message": ""}, "pk": 75, "model": "admin.logentry"}, {"fields": {"object_repr": "<American Ghost Jack>: Season: 1 Serie: 15", "user": 1, "object_id": "41", "content_type": 19, "action_flag": 3, "action_time": "2014-07-26T11:54:36.842Z", "change_message": ""}, "pk": 76, "model": "admin.logentry"}, {"fields": {"object_repr": "<American Ghost Jack>: Season: 1 Serie: 14", "user": 1, "object_id": "40", "content_type": 19, "action_flag": 3, "action_time": "2014-07-26T11:54:36.853Z", "change_message": ""}, "pk": 77, "model": "admin.logentry"}, {"fields": {"object_repr": "<American Ghost Jack>: Season: 1 Serie: 13", "user": 1, "object_id": "39", "content_type": 19, "action_flag": 3, "action_time": "2014-07-26T11:54:36.865Z", "change_message": ""}, "pk": 78, "model": "admin.logentry"}, {"fields": {"object_repr": "<American Ghost Jack>: Season: 1 Serie: 12", "user": 1, "object_id": "38", "content_type": 19, "action_flag": 3, "action_time": "2014-07-26T11:54:36.876Z", "change_message": ""}, "pk": 79, "model": "admin.logentry"}, {"fields": {"object_repr": "<American Ghost Jack>: Season: 1 Serie: 11", "user": 1, "object_id": "37", "content_type": 19, "action_flag": 3, "action_time": "2014-07-26T11:54:36.887Z", "change_message": ""}, "pk": 80, "model": "admin.logentry"}, {"fields": {"object_repr": "<American Ghost Jack>: Season: 1 Serie: 10", "user": 1, "object_id": "36", "content_type": 19, "action_flag": 3, "action_time": "2014-07-26T11:54:36.898Z", "change_message": ""}, "pk": 81, "model": "admin.logentry"}, {"fields": {"object_repr": "<American Ghost Jack>: Season: 1 Serie: 9", "user": 1, "object_id": "35", "content_type": 19, "action_flag": 3, "action_time": "2014-07-26T11:54:36.909Z", "change_message": ""}, "pk": 82, "model": "admin.logentry"}, {"fields": {"object_repr": "<American Ghost Jack>: Season: 1 Serie: 8", "user": 1, "object_id": "34", "content_type": 19, "action_flag": 3, "action_time": "2014-07-26T11:54:36.920Z", "change_message": ""}, "pk": 83, "model": "admin.logentry"}, {"fields": {"object_repr": "<American Ghost Jack>: Season: 1 Serie: 7", "user": 1, "object_id": "33", "content_type": 19, "action_flag": 3, "action_time": "2014-07-26T11:54:36.931Z", "change_message": ""}, "pk": 84, "model": "admin.logentry"}, {"fields": {"object_repr": "<American Ghost Jack>: Season: 1 Serie: 6", "user": 1, "object_id": "32", "content_type": 19, "action_flag": 3, "action_time": "2014-07-26T11:54:36.942Z", "change_message": ""}, "pk": 85, "model": "admin.logentry"}, {"fields": {"object_repr": "<American Ghost Jack>: Season: 1 Serie: 5", "user": 1, "object_id": "31", "content_type": 19, "action_flag": 3, "action_time": "2014-07-26T11:54:36.953Z", "change_message": ""}, "pk": 86, "model": "admin.logentry"}, {"fields": {"object_repr": "<American Ghost Jack>: Season: 1 Serie: 4", "user": 1, "object_id": "30", "content_type": 19, "action_flag": 3, "action_time": "2014-07-26T11:54:37.021Z", "change_message": ""}, "pk": 87, "model": "admin.logentry"}, {"fields": {"object_repr": "<American Ghost Jack>: Season: 1 Serie: 3", "user": 1, "object_id": "29", "content_type": 19, "action_flag": 3, "action_time": "2014-07-26T11:54:37.031Z", "change_message": ""}, "pk": 88, "model": "admin.logentry"}, {"fields": {"object_repr": "<American Ghost Jack>: Season: 1 Serie: 2", "user": 1, "object_id": "28", "content_type": 19, "action_flag": 3, "action_time": "2014-07-26T11:54:37.042Z", "change_message": ""}, "pk": 89, "model": "admin.logentry"}, {"fields": {"object_repr": "<American Ghost Jack>: Season: 1 Serie: 1", "user": 1, "object_id": "27", "content_type": 19, "action_flag": 3, "action_time": "2014-07-26T11:54:37.053Z", "change_message": ""}, "pk": 90, "model": "admin.logentry"}, {"fields": {"object_repr": "<Fisheye Placebo>: Season: 2 Serie: 2", "user": 1, "object_id": "26", "content_type": 19, "action_flag": 3, "action_time": "2014-07-26T11:54:37.065Z", "change_message": ""}, "pk": 91, "model": "admin.logentry"}, {"fields": {"object_repr": "<Fisheye Placebo>: Season: 2 Serie: 1", "user": 1, "object_id": "25", "content_type": 19, "action_flag": 3, "action_time": "2014-07-26T11:54:37.076Z", "change_message": ""}, "pk": 92, "model": "admin.logentry"}, {"fields": {"object_repr": "<Fisheye Placebo>: Season: 1 Serie: 9", "user": 1, "object_id": "24", "content_type": 19, "action_flag": 3, "action_time": "2014-07-26T11:54:37.087Z", "change_message": ""}, "pk": 93, "model": "admin.logentry"}, {"fields": {"object_repr": "<Fisheye Placebo>: Season: 1 Serie: 8", "user": 1, "object_id": "23", "content_type": 19, "action_flag": 3, "action_time": "2014-07-26T11:54:37.098Z", "change_message": ""}, "pk": 94, "model": "admin.logentry"}, {"fields": {"object_repr": "<Fisheye Placebo>: Season: 1 Serie: 7", "user": 1, "object_id": "22", "content_type": 19, "action_flag": 3, "action_time": "2014-07-26T11:54:37.109Z", "change_message": ""}, "pk": 95, "model": "admin.logentry"}, {"fields": {"object_repr": "<Fisheye Placebo>: Season: 1 Serie: 6", "user": 1, "object_id": "21", "content_type": 19, "action_flag": 3, "action_time": "2014-07-26T11:54:37.120Z", "change_message": ""}, "pk": 96, "model": "admin.logentry"}, {"fields": {"object_repr": "<Fisheye Placebo>: Season: 1 Serie: 5", "user": 1, "object_id": "20", "content_type": 19, "action_flag": 3, "action_time": "2014-07-26T11:54:37.132Z", "change_message": ""}, "pk": 97, "model": "admin.logentry"}, {"fields": {"object_repr": "<Fisheye Placebo>: Season: 1 Serie: 4", "user": 1, "object_id": "19", "content_type": 19, "action_flag": 3, "action_time": "2014-07-26T11:54:37.143Z", "change_message": ""}, "pk": 98, "model": "admin.logentry"}, {"fields": {"object_repr": "<Fisheye Placebo>: Season: 1 Serie: 3", "user": 1, "object_id": "18", "content_type": 19, "action_flag": 3, "action_time": "2014-07-26T11:54:37.154Z", "change_message": ""}, "pk": 99, "model": "admin.logentry"}, {"fields": {"object_repr": "<Fisheye Placebo>: Season: 1 Serie: 2", "user": 1, "object_id": "17", "content_type": 19, "action_flag": 3, "action_time": "2014-07-26T11:54:37.165Z", "change_message": ""}, "pk": 100, "model": "admin.logentry"}, {"fields": {"object_repr": "<Fisheye Placebo>: Season: 1 Serie: 1", "user": 1, "object_id": "16", "content_type": 19, "action_flag": 3, "action_time": "2014-07-26T11:54:37.176Z", "change_message": ""}, "pk": 101, "model": "admin.logentry"}, {"fields": {"object_repr": "<Bones>: Season: 1 Serie: 2", "user": 1, "object_id": "15", "content_type": 19, "action_flag": 3, "action_time": "2014-07-26T11:54:37.187Z", "change_message": ""}, "pk": 102, "model": "admin.logentry"}, {"fields": {"object_repr": "<Bones>: Season: 1 Serie: 1", "user": 1, "object_id": "14", "content_type": 19, "action_flag": 3, "action_time": "2014-07-26T11:54:37.198Z", "change_message": ""}, "pk": 103, "model": "admin.logentry"}, {"fields": {"object_repr": "<Mahouka Koukou no Rettousei>: Season: 1 Serie: 2", "user": 1, "object_id": "13", "content_type": 19, "action_flag": 3, "action_time": "2014-07-26T11:54:37.209Z", "change_message": ""}, "pk": 104, "model": "admin.logentry"}, {"fields": {"object_repr": "<Mahouka Koukou no Rettousei>: Season: 2 Serie: 1", "user": 1, "object_id": "12", "content_type": 19, "action_flag": 3, "action_time": "2014-07-26T11:54:37.220Z", "change_message": ""}, "pk": 105, "model": "admin.logentry"}, {"fields": {"object_repr": "<American Ghost Jack>: Season: 1 Serie: 21", "user": 1, "object_id": "41", "content_type": 16, "action_flag": 3, "action_time": "2014-07-26T11:54:57.282Z", "change_message": ""}, "pk": 106, "model": "admin.logentry"}, {"fields": {"object_repr": "<American Ghost Jack>: Season: 1 Serie: 20", "user": 1, "object_id": "40", "content_type": 16, "action_flag": 3, "action_time": "2014-07-26T11:54:57.299Z", "change_message": ""}, "pk": 107, "model": "admin.logentry"}, {"fields": {"object_repr": "<American Ghost Jack>: Season: 1 Serie: 19", "user": 1, "object_id": "39", "content_type": 16, "action_flag": 3, "action_time": "2014-07-26T11:54:57.310Z", "change_message": ""}, "pk": 108, "model": "admin.logentry"}, {"fields": {"object_repr": "<American Ghost Jack>: Season: 1 Serie: 18", "user": 1, "object_id": "38", "content_type": 16, "action_flag": 3, "action_time": "2014-07-26T11:54:57.321Z", "change_message": ""}, "pk": 109, "model": "admin.logentry"}, {"fields": {"object_repr": "<American Ghost Jack>: Season: 1 Serie: 17", "user": 1, "object_id": "37", "content_type": 16, "action_flag": 3, "action_time": "2014-07-26T11:54:57.332Z", "change_message": ""}, "pk": 110, "model": "admin.logentry"}, {"fields": {"object_repr": "<American Ghost Jack>: Season: 1 Serie: 16", "user": 1, "object_id": "36", "content_type": 16, "action_flag": 3, "action_time": "2014-07-26T11:54:57.344Z", "change_message": ""}, "pk": 111, "model": "admin.logentry"}, {"fields": {"object_repr": "<American Ghost Jack>: Season: 1 Serie: 15", "user": 1, "object_id": "35", "content_type": 16, "action_flag": 3, "action_time": "2014-07-26T11:54:57.355Z", "change_message": ""}, "pk": 112, "model": "admin.logentry"}, {"fields": {"object_repr": "<American Ghost Jack>: Season: 1 Serie: 14", "user": 1, "object_id": "34", "content_type": 16, "action_flag": 3, "action_time": "2014-07-26T11:54:57.366Z", "change_message": ""}, "pk": 113, "model": "admin.logentry"}, {"fields": {"object_repr": "<American Ghost Jack>: Season: 1 Serie: 13", "user": 1, "object_id": "33", "content_type": 16, "action_flag": 3, "action_time": "2014-07-26T11:54:57.377Z", "change_message": ""}, "pk": 114, "model": "admin.logentry"}, {"fields": {"object_repr": "<American Ghost Jack>: Season: 1 Serie: 12", "user": 1, "object_id": "32", "content_type": 16, "action_flag": 3, "action_time": "2014-07-26T11:54:57.388Z", "change_message": ""}, "pk": 115, "model": "admin.logentry"}, {"fields": {"object_repr": "<American Ghost Jack>: Season: 1 Serie: 11", "user": 1, "object_id": "31", "content_type": 16, "action_flag": 3, "action_time": "2014-07-26T11:54:57.399Z", "change_message": ""}, "pk": 116, "model": "admin.logentry"}, {"fields": {"object_repr": "<American Ghost Jack>: Season: 1 Serie: 10", "user": 1, "object_id": "30", "content_type": 16, "action_flag": 3, "action_time": "2014-07-26T11:54:57.410Z", "change_message": ""}, "pk": 117, "model": "admin.logentry"}, {"fields": {"object_repr": "<American Ghost Jack>: Season: 1 Serie: 9", "user": 1, "object_id": "29", "content_type": 16, "action_flag": 3, "action_time": "2014-07-26T11:54:57.421Z", "change_message": ""}, "pk": 118, "model": "admin.logentry"}, {"fields": {"object_repr": "<Fisheye Placebo>: Season: 1 Serie: 9", "user": 1, "object_id": "18", "content_type": 16, "action_flag": 3, "action_time": "2014-07-26T11:54:57.433Z", "change_message": ""}, "pk": 119, "model": "admin.logentry"}, {"fields": {"object_repr": "<American Ghost Jack>: Season: 1 Serie: 8", "user": 1, "object_id": "28", "content_type": 16, "action_flag": 3, "action_time": "2014-07-26T11:54:57.443Z", "change_message": ""}, "pk": 120, "model": "admin.logentry"}, {"fields": {"object_repr": "<Fisheye Placebo>: Season: 1 Serie: 8", "user": 1, "object_id": "17", "content_type": 16, "action_flag": 3, "action_time": "2014-07-26T11:54:57.454Z", "change_message": ""}, "pk": 121, "model": "admin.logentry"}, {"fields": {"object_repr": "<American Ghost Jack>: Season: 1 Serie: 7", "user": 1, "object_id": "27", "content_type": 16, "action_flag": 3, "action_time": "2014-07-26T11:54:57.466Z", "change_message": ""}, "pk": 122, "model": "admin.logentry"}, {"fields": {"object_repr": "<Fisheye Placebo>: Season: 1 Serie: 7", "user": 1, "object_id": "16", "content_type": 16, "action_flag": 3, "action_time": "2014-07-26T11:54:57.477Z", "change_message": ""}, "pk": 123, "model": "admin.logentry"}, {"fields": {"object_repr": "<American Ghost Jack>: Season: 1 Serie: 6", "user": 1, "object_id": "26", "content_type": 16, "action_flag": 3, "action_time": "2014-07-26T11:54:57.488Z", "change_message": ""}, "pk": 124, "model": "admin.logentry"}, {"fields": {"object_repr": "<Fisheye Placebo>: Season: 1 Serie: 6", "user": 1, "object_id": "15", "content_type": 16, "action_flag": 3, "action_time": "2014-07-26T11:54:57.499Z", "change_message": ""}, "pk": 125, "model": "admin.logentry"}, {"fields": {"object_repr": "<American Ghost Jack>: Season: 1 Serie: 5", "user": 1, "object_id": "25", "content_type": 16, "action_flag": 3, "action_time": "2014-07-26T11:54:57.510Z", "change_message": ""}, "pk": 126, "model": "admin.logentry"}, {"fields": {"object_repr": "<Fisheye Placebo>: Season: 1 Serie: 5", "user": 1, "object_id": "14", "content_type": 16, "action_flag": 3, "action_time": "2014-07-26T11:54:57.521Z", "change_message": ""}, "pk": 127, "model": "admin.logentry"}, {"fields": {"object_repr": "<American Ghost Jack>: Season: 1 Serie: 4", "user": 1, "object_id": "24", "content_type": 16, "action_flag": 3, "action_time": "2014-07-26T11:54:57.533Z", "change_message": ""}, "pk": 128, "model": "admin.logentry"}, {"fields": {"object_repr": "<Fisheye Placebo>: Season: 1 Serie: 4", "user": 1, "object_id": "13", "content_type": 16, "action_flag": 3, "action_time": "2014-07-26T11:54:57.543Z", "change_message": ""}, "pk": 129, "model": "admin.logentry"}, {"fields": {"object_repr": "<American Ghost Jack>: Season: 1 Serie: 3", "user": 1, "object_id": "23", "content_type": 16, "action_flag": 3, "action_time": "2014-07-26T11:54:57.555Z", "change_message": ""}, "pk": 130, "model": "admin.logentry"}, {"fields": {"object_repr": "<Fisheye Placebo>: Season: 1 Serie: 3", "user": 1, "object_id": "12", "content_type": 16, "action_flag": 3, "action_time": "2014-07-26T11:54:57.566Z", "change_message": ""}, "pk": 131, "model": "admin.logentry"}, {"fields": {"object_repr": "<Mahouka Koukou no Rettousei>: Season: 1 Serie: 3", "user": 1, "object_id": "6", "content_type": 16, "action_flag": 3, "action_time": "2014-07-26T11:54:57.577Z", "change_message": ""}, "pk": 132, "model": "admin.logentry"}, {"fields": {"object_repr": "<American Ghost Jack>: Season: 1 Serie: 2", "user": 1, "object_id": "22", "content_type": 16, "action_flag": 3, "action_time": "2014-07-26T11:54:57.588Z", "change_message": ""}, "pk": 133, "model": "admin.logentry"}, {"fields": {"object_repr": "<Fisheye Placebo>: Season: 2 Serie: 2", "user": 1, "object_id": "20", "content_type": 16, "action_flag": 3, "action_time": "2014-07-26T11:54:57.599Z", "change_message": ""}, "pk": 134, "model": "admin.logentry"}, {"fields": {"object_repr": "<Fisheye Placebo>: Season: 1 Serie: 2", "user": 1, "object_id": "11", "content_type": 16, "action_flag": 3, "action_time": "2014-07-26T11:54:57.610Z", "change_message": ""}, "pk": 135, "model": "admin.logentry"}, {"fields": {"object_repr": "<Bones>: Season: 1 Serie: 2", "user": 1, "object_id": "9", "content_type": 16, "action_flag": 3, "action_time": "2014-07-26T11:54:57.622Z", "change_message": ""}, "pk": 136, "model": "admin.logentry"}, {"fields": {"object_repr": "<Mahouka Koukou no Rettousei>: Season: 2 Serie: 2", "user": 1, "object_id": "7", "content_type": 16, "action_flag": 3, "action_time": "2014-07-26T11:54:57.633Z", "change_message": ""}, "pk": 137, "model": "admin.logentry"}, {"fields": {"object_repr": "<Mahouka Koukou no Rettousei>: Season: 1 Serie: 2", "user": 1, "object_id": "5", "content_type": 16, "action_flag": 3, "action_time": "2014-07-26T11:54:57.644Z", "change_message": ""}, "pk": 138, "model": "admin.logentry"}, {"fields": {"object_repr": "<American Ghost Jack>: Season: 1 Serie: 1", "user": 1, "object_id": "21", "content_type": 16, "action_flag": 3, "action_time": "2014-07-26T11:54:57.655Z", "change_message": ""}, "pk": 139, "model": "admin.logentry"}, {"fields": {"object_repr": "<Fisheye Placebo>: Season: 2 Serie: 1", "user": 1, "object_id": "19", "content_type": 16, "action_flag": 3, "action_time": "2014-07-26T11:54:57.666Z", "change_message": ""}, "pk": 140, "model": "admin.logentry"}, {"fields": {"object_repr": "<Fisheye Placebo>: Season: 1 Serie: 1", "user": 1, "object_id": "10", "content_type": 16, "action_flag": 3, "action_time": "2014-07-26T11:54:57.677Z", "change_message": ""}, "pk": 141, "model": "admin.logentry"}, {"fields": {"object_repr": "<Bones>: Season: 1 Serie: 1", "user": 1, "object_id": "8", "content_type": 16, "action_flag": 3, "action_time": "2014-07-26T11:54:57.688Z", "change_message": ""}, "pk": 142, "model": "admin.logentry"}, {"fields": {"object_repr": "<Mahouka Koukou no Rettousei>: Season: 2 Serie: 1", "user": 1, "object_id": "4", "content_type": 16, "action_flag": 3, "action_time": "2014-07-26T11:54:57.699Z", "change_message": ""}, "pk": 143, "model": "admin.logentry"}, {"fields": {"object_repr": "<Mahouka Koukou no Rettousei>: Season: 1 Serie: 1", "user": 1, "object_id": "3", "content_type": 16, "action_flag": 3, "action_time": "2014-07-26T11:54:57.710Z", "change_message": ""}, "pk": 144, "model": "admin.logentry"}, {"fields": {"object_repr": "Games", "user": 1, "object_id": "26", "content_type": 10, "action_flag": 1, "action_time": "2014-07-27T02:28:02.766Z", "change_message": ""}, "pk": 145, "model": "admin.logentry"}, {"fields": {"object_repr": "Anime Standart", "user": 1, "object_id": "5", "content_type": 9, "action_flag": 2, "action_time": "2014-07-27T02:28:29.686Z", "change_message": "Changed genres."}, "pk": 146, "model": "admin.logentry"}, {"fields": {"object_repr": "Magic", "user": 1, "object_id": "27", "content_type": 10, "action_flag": 1, "action_time": "2014-07-28T12:04:38.669Z", "change_message": ""}, "pk": 147, "model": "admin.logentry"}, {"fields": {"object_repr": "Anime Standart", "user": 1, "object_id": "5", "content_type": 9, "action_flag": 2, "action_time": "2014-07-28T12:04:54.317Z", "change_message": "Changed genres."}, "pk": 148, "model": "admin.logentry"}, {"fields": {"object_repr": "Sport", "user": 1, "object_id": "28", "content_type": 10, "action_flag": 1, "action_time": "2014-07-28T14:04:35.028Z", "change_message": ""}, "pk": 149, "model": "admin.logentry"}, {"fields": {"object_repr": "Etti", "user": 1, "object_id": "29", "content_type": 10, "action_flag": 1, "action_time": "2014-07-28T14:04:39.979Z", "change_message": ""}, "pk": 150, "model": "admin.logentry"}, {"fields": {"object_repr": "Anime School", "user": 1, "object_id": "3", "content_type": 9, "action_flag": 2, "action_time": "2014-07-28T14:04:56.012Z", "change_message": "Changed genres."}, "pk": 151, "model": "admin.logentry"}, {"fields": {"object_repr": "Anime Standart", "user": 1, "object_id": "5", "content_type": 9, "action_flag": 2, "action_time": "2014-07-28T14:05:05.009Z", "change_message": "Changed genres."}, "pk": 152, "model": "admin.logentry"}, {"fields": {"object_repr": "Music", "user": 1, "object_id": "30", "content_type": 10, "action_flag": 1, "action_time": "2014-07-28T15:22:31.852Z", "change_message": ""}, "pk": 153, "model": "admin.logentry"}, {"fields": {"object_repr": "Anime Standart", "user": 1, "object_id": "5", "content_type": 9, "action_flag": 2, "action_time": "2014-07-28T15:22:43.625Z", "change_message": "Changed genres."}, "pk": 154, "model": "admin.logentry"}, {"fields": {"object_repr": "Serie: 2", "user": 1, "object_id": "46", "content_type": 16, "action_flag": 2, "action_time": "2014-07-30T04:42:19.774Z", "change_message": "Changed number."}, "pk": 155, "model": "admin.logentry"}, {"fields": {"object_repr": "SeriesGroup object", "user": 1, "object_id": "3", "content_type": 26, "action_flag": 3, "action_time": "2014-07-30T10:41:12.179Z", "change_message": ""}, "pk": 156, "model": "admin.logentry"}, {"fields": {"object_repr": "SeriesGroup object", "user": 1, "object_id": "2", "content_type": 26, "action_flag": 3, "action_time": "2014-07-30T10:41:28.934Z", "change_message": ""}, "pk": 157, "model": "admin.logentry"}, {"fields": {"object_repr": "SeriesGroup object", "user": 1, "object_id": "6", "content_type": 26, "action_flag": 3, "action_time": "2014-07-30T13:37:52.770Z", "change_message": ""}, "pk": 158, "model": "admin.logentry"}, {"fields": {"object_repr": "SeriesGroup object", "user": 1, "object_id": "5", "content_type": 26, "action_flag": 3, "action_time": "2014-07-30T13:37:52.783Z", "change_message": ""}, "pk": 159, "model": "admin.logentry"}, {"fields": {"object_repr": "SeriesGroup object", "user": 1, "object_id": "4", "content_type": 26, "action_flag": 3, "action_time": "2014-07-30T13:37:52.794Z", "change_message": ""}, "pk": 160, "model": "admin.logentry"}, {"fields": {"object_repr": "SeriesGroup object", "user": 1, "object_id": "8", "content_type": 26, "action_flag": 3, "action_time": "2014-07-30T13:47:49.225Z", "change_message": ""}, "pk": 161, "model": "admin.logentry"}, {"fields": {"object_repr": "SeriesGroup object", "user": 1, "object_id": "7", "content_type": 26, "action_flag": 3, "action_time": "2014-07-30T13:47:49.244Z", "change_message": ""}, "pk": 162, "model": "admin.logentry"}, {"fields": {"object_repr": "SeriesGroup object", "user": 1, "object_id": "9", "content_type": 26, "action_flag": 3, "action_time": "2014-08-01T07:11:30.417Z", "change_message": ""}, "pk": 163, "model": "admin.logentry"}, {"fields": {"object_repr": "SeriesGroup object", "user": 1, "object_id": "24", "content_type": 26, "action_flag": 3, "action_time": "2014-08-01T09:28:52.318Z", "change_message": ""}, "pk": 164, "model": "admin.logentry"}, {"fields": {"object_repr": "SeriesGroup object", "user": 1, "object_id": "23", "content_type": 26, "action_flag": 3, "action_time": "2014-08-01T09:28:52.360Z", "change_message": ""}, "pk": 165, "model": "admin.logentry"}, {"fields": {"object_repr": "SeriesGroup object", "user": 1, "object_id": "22", "content_type": 26, "action_flag": 3, "action_time": "2014-08-01T09:28:52.371Z", "change_message": ""}, "pk": 166, "model": "admin.logentry"}, {"fields": {"object_repr": "SeriesGroup object", "user": 1, "object_id": "21", "content_type": 26, "action_flag": 3, "action_time": "2014-08-01T09:28:52.382Z", "change_message": ""}, "pk": 167, "model": "admin.logentry"}, {"fields": {"object_repr": "SeriesGroup object", "user": 1, "object_id": "20", "content_type": 26, "action_flag": 3, "action_time": "2014-08-01T09:28:52.393Z", "change_message": ""}, "pk": 168, "model": "admin.logentry"}, {"fields": {"object_repr": "SeriesGroup object", "user": 1, "object_id": "19", "content_type": 26, "action_flag": 3, "action_time": "2014-08-01T09:28:52.404Z", "change_message": ""}, "pk": 169, "model": "admin.logentry"}, {"fields": {"object_repr": "SeriesGroup object", "user": 1, "object_id": "18", "content_type": 26, "action_flag": 3, "action_time": "2014-08-01T09:28:52.416Z", "change_message": ""}, "pk": 170, "model": "admin.logentry"}, {"fields": {"object_repr": "SeriesGroup object", "user": 1, "object_id": "17", "content_type": 26, "action_flag": 3, "action_time": "2014-08-01T09:28:52.427Z", "change_message": ""}, "pk": 171, "model": "admin.logentry"}, {"fields": {"object_repr": "SeriesGroup object", "user": 1, "object_id": "16", "content_type": 26, "action_flag": 3, "action_time": "2014-08-01T09:28:52.438Z", "change_message": ""}, "pk": 172, "model": "admin.logentry"}, {"fields": {"object_repr": "SeriesGroup object", "user": 1, "object_id": "15", "content_type": 26, "action_flag": 3, "action_time": "2014-08-01T09:28:52.449Z", "change_message": ""}, "pk": 173, "model": "admin.logentry"}, {"fields": {"object_repr": "SeriesGroup object", "user": 1, "object_id": "14", "content_type": 26, "action_flag": 3, "action_time": "2014-08-01T09:28:52.460Z", "change_message": ""}, "pk": 174, "model": "admin.logentry"}, {"fields": {"object_repr": "SeriesGroup object", "user": 1, "object_id": "13", "content_type": 26, "action_flag": 3, "action_time": "2014-08-01T09:28:52.471Z", "change_message": ""}, "pk": 175, "model": "admin.logentry"}, {"fields": {"object_repr": "SeriesGroup object", "user": 1, "object_id": "12", "content_type": 26, "action_flag": 3, "action_time": "2014-08-01T09:28:52.483Z", "change_message": ""}, "pk": 176, "model": "admin.logentry"}, {"fields": {"object_repr": "SeriesGroup object", "user": 1, "object_id": "11", "content_type": 26, "action_flag": 3, "action_time": "2014-08-01T09:28:52.494Z", "change_message": ""}, "pk": 177, "model": "admin.logentry"}, {"fields": {"object_repr": "SeriesGroup object", "user": 1, "object_id": "10", "content_type": 26, "action_flag": 3, "action_time": "2014-08-01T09:28:52.505Z", "change_message": ""}, "pk": 178, "model": "admin.logentry"}, {"fields": {"object_repr": "SeriesGroup object", "user": 1, "object_id": "27", "content_type": 26, "action_flag": 3, "action_time": "2014-08-01T09:35:07.301Z", "change_message": ""}, "pk": 179, "model": "admin.logentry"}, {"fields": {"object_repr": "SeriesGroup object", "user": 1, "object_id": "26", "content_type": 26, "action_flag": 3, "action_time": "2014-08-01T09:35:07.323Z", "change_message": ""}, "pk": 180, "model": "admin.logentry"}, {"fields": {"object_repr": "SeriesGroup object", "user": 1, "object_id": "25", "content_type": 26, "action_flag": 3, "action_time": "2014-08-01T09:35:07.333Z", "change_message": ""}, "pk": 181, "model": "admin.logentry"}, {"fields": {"object_repr": "Dropped: Air Gear", "user": 1, "object_id": "19", "content_type": 18, "action_flag": 3, "action_time": "2014-08-02T12:44:59.426Z", "change_message": ""}, "pk": 182, "model": "admin.logentry"}, {"fields": {"object_repr": "Dropped: Air Gear", "user": 1, "object_id": "18", "content_type": 18, "action_flag": 3, "action_time": "2014-08-02T12:44:59.442Z", "change_message": ""}, "pk": 183, "model": "admin.logentry"}, {"fields": {"object_repr": "Dropped: Air Gear", "user": 1, "object_id": "17", "content_type": 18, "action_flag": 3, "action_time": "2014-08-02T12:44:59.476Z", "change_message": ""}, "pk": 184, "model": "admin.logentry"}, {"fields": {"object_repr": "Dropped: Air Gear", "user": 1, "object_id": "16", "content_type": 18, "action_flag": 3, "action_time": "2014-08-02T12:45:21.797Z", "change_message": ""}, "pk": 185, "model": "admin.logentry"}, {"fields": {"object_repr": "Planned: AKB0048 First Stage", "user": 1, "object_id": "21", "content_type": 18, "action_flag": 3, "action_time": "2014-08-02T16:53:44.349Z", "change_message": ""}, "pk": 186, "model": "admin.logentry"}, {"fields": {"object_repr": "Watched: Accel World", "user": 1, "object_id": "20", "content_type": 18, "action_flag": 3, "action_time": "2014-08-02T16:53:44.366Z", "change_message": ""}, "pk": 187, "model": "admin.logentry"}, {"fields": {"object_repr": "Planned: AKB0048 First Stage", "user": 1, "object_id": "22", "content_type": 18, "action_flag": 3, "action_time": "2014-08-02T16:54:37.503Z", "change_message": ""}, "pk": 188, "model": "admin.logentry"}, {"fields": {"object_repr": "Planned: AKB0048 First Stage", "user": 1, "object_id": "23", "content_type": 18, "action_flag": 3, "action_time": "2014-08-02T16:55:56.811Z", "change_message": ""}, "pk": 189, "model": "admin.logentry"}, {"fields": {"object_repr": "Planned: AKB0048 First Stage", "user": 1, "object_id": "24", "content_type": 18, "action_flag": 3, "action_time": "2014-08-02T17:04:47.518Z", "change_message": ""}, "pk": 190, "model": "admin.logentry"}, {"fields": {"object_repr": "Planned: AKB0048 First Stage", "user": 1, "object_id": "25", "content_type": 18, "action_flag": 3, "action_time": "2014-08-02T17:10:04.074Z", "change_message": ""}, "pk": 191, "model": "admin.logentry"}, {"fields": {"object_repr": "Planned: AKB0048 First Stage", "user": 1, "object_id": "26", "content_type": 18, "action_flag": 3, "action_time": "2014-08-02T17:11:28.519Z", "change_message": ""}, "pk": 192, "model": "admin.logentry"}, {"fields": {"object_repr": "Watch: Akame ga Kill!", "user": 1, "object_id": "28", "content_type": 18, "action_flag": 3, "action_time": "2014-08-03T07:41:22.640Z", "change_message": ""}, "pk": 193, "model": "admin.logentry"}, {"fields": {"object_repr": "Serie: None", "user": 1, "object_id": "50", "content_type": 16, "action_flag": 3, "action_time": "2014-08-03T07:59:33.799Z", "change_message": ""}, "pk": 194, "model": "admin.logentry"}, {"fields": {"object_repr": "Serie: 8", "user": 1, "object_id": "59", "content_type": 16, "action_flag": 3, "action_time": "2014-08-03T07:59:33.817Z", "change_message": ""}, "pk": 195, "model": "admin.logentry"}, {"fields": {"object_repr": "Serie: 6", "user": 1, "object_id": "51", "content_type": 16, "action_flag": 3, "action_time": "2014-08-03T07:59:33.828Z", "change_message": ""}, "pk": 196, "model": "admin.logentry"}, {"fields": {"object_repr": "Serie: 5", "user": 1, "object_id": "58", "content_type": 16, "action_flag": 3, "action_time": "2014-08-03T07:59:33.839Z", "change_message": ""}, "pk": 197, "model": "admin.logentry"}, {"fields": {"object_repr": "Serie: 5", "user": 1, "object_id": "57", "content_type": 16, "action_flag": 3, "action_time": "2014-08-03T07:59:33.851Z", "change_message": ""}, "pk": 198, "model": "admin.logentry"}, {"fields": {"object_repr": "Serie: 5", "user": 1, "object_id": "56", "content_type": 16, "action_flag": 3, "action_time": "2014-08-03T07:59:33.862Z", "change_message": ""}, "pk": 199, "model": "admin.logentry"}, {"fields": {"object_repr": "Serie: 5", "user": 1, "object_id": "55", "content_type": 16, "action_flag": 3, "action_time": "2014-08-03T07:59:33.873Z", "change_message": ""}, "pk": 200, "model": "admin.logentry"}, {"fields": {"object_repr": "Serie: 5", "user": 1, "object_id": "54", "content_type": 16, "action_flag": 3, "action_time": "2014-08-03T07:59:33.885Z", "change_message": ""}, "pk": 201, "model": "admin.logentry"}, {"fields": {"object_repr": "Serie: 5", "user": 1, "object_id": "53", "content_type": 16, "action_flag": 3, "action_time": "2014-08-03T07:59:33.896Z", "change_message": ""}, "pk": 202, "model": "admin.logentry"}, {"fields": {"object_repr": "Serie: 5", "user": 1, "object_id": "52", "content_type": 16, "action_flag": 3, "action_time": "2014-08-03T07:59:33.907Z", "change_message": ""}, "pk": 203, "model": "admin.logentry"}, {"fields": {"object_repr": "Serie: 4", "user": 1, "object_id": "48", "content_type": 16, "action_flag": 3, "action_time": "2014-08-03T07:59:33.918Z", "change_message": ""}, "pk": 204, "model": "admin.logentry"}, {"fields": {"object_repr": "Serie: 4", "user": 1, "object_id": "47", "content_type": 16, "action_flag": 3, "action_time": "2014-08-03T07:59:33.929Z", "change_message": ""}, "pk": 205, "model": "admin.logentry"}, {"fields": {"object_repr": "Serie: None", "user": 1, "object_id": "65", "content_type": 16, "action_flag": 3, "action_time": "2014-08-03T09:59:52.795Z", "change_message": ""}, "pk": 206, "model": "admin.logentry"}, {"fields": {"object_repr": "Serie: None", "user": 1, "object_id": "64", "content_type": 16, "action_flag": 3, "action_time": "2014-08-03T09:59:52.822Z", "change_message": ""}, "pk": 207, "model": "admin.logentry"}, {"fields": {"object_repr": "Serie: 4", "user": 1, "object_id": "48", "content_type": 19, "action_flag": 2, "action_time": "2014-08-03T10:00:22.543Z", "change_message": "Changed like."}, "pk": 208, "model": "admin.logentry"}, {"fields": {"object_repr": "SeriesGroup object", "user": 1, "object_id": "32", "content_type": 26, "action_flag": 3, "action_time": "2014-08-03T17:58:09.237Z", "change_message": ""}, "pk": 209, "model": "admin.logentry"}, {"fields": {"object_repr": "SeriesGroup object", "user": 1, "object_id": "31", "content_type": 26, "action_flag": 3, "action_time": "2014-08-03T17:58:09.364Z", "change_message": ""}, "pk": 210, "model": "admin.logentry"}, {"fields": {"object_repr": "SeriesGroup object", "user": 1, "object_id": "30", "content_type": 26, "action_flag": 3, "action_time": "2014-08-03T17:58:09.375Z", "change_message": ""}, "pk": 211, "model": "admin.logentry"}, {"fields": {"object_repr": "SeriesGroup object", "user": 1, "object_id": "28", "content_type": 26, "action_flag": 3, "action_time": "2014-08-03T17:58:09.386Z", "change_message": ""}, "pk": 212, "model": "admin.logentry"}, {"fields": {"object_repr": "Serie: 4", "user": 1, "object_id": "61", "content_type": 16, "action_flag": 2, "action_time": "2014-08-04T10:11:53.973Z", "change_message": "Changed season."}, "pk": 213, "model": "admin.logentry"}, {"fields": {"object_repr": "Serie: 4", "user": 1, "object_id": "61", "content_type": 16, "action_flag": 2, "action_time": "2014-08-04T10:12:10.611Z", "change_message": "Changed season."}, "pk": 214, "model": "admin.logentry"}, {"fields": {"object_repr": "Mysctic", "user": 1, "object_id": "31", "content_type": 10, "action_flag": 1, "action_time": "2014-08-05T15:18:12.720Z", "change_message": ""}, "pk": 215, "model": "admin.logentry"}, {"fields": {"object_repr": "Vampires", "user": 1, "object_id": "32", "content_type": 10, "action_flag": 1, "action_time": "2014-08-05T15:18:19.158Z", "change_message": ""}, "pk": 216, "model": "admin.logentry"}, {"fields": {"object_repr": "Anime Standart", "user": 1, "object_id": "5", "content_type": 9, "action_flag": 2, "action_time": "2014-08-05T15:18:38.733Z", "change_message": "Changed genres."}, "pk": 217, "model": "admin.logentry"}, {"fields": {"object_repr": "Historical", "user": 1, "object_id": "33", "content_type": 10, "action_flag": 1, "action_time": "2014-08-05T20:17:05.754Z", "change_message": ""}, "pk": 218, "model": "admin.logentry"}, {"fields": {"object_repr": "Anime Standart", "user": 1, "object_id": "5", "content_type": 9, "action_flag": 2, "action_time": "2014-08-05T20:17:16.254Z", "change_message": "Changed genres."}, "pk": 219, "model": "admin.logentry"}, {"fields": {"object_repr": "Yoshimasa Hosoya", "user": 1, "object_id": "4", "content_type": 13, "action_flag": 3, "action_time": "2014-08-07T07:10:08.841Z", "change_message": ""}, "pk": 220, "model": "admin.logentry"}, {"fields": {"object_repr": "Yoshimasa Hosoya", "user": 1, "object_id": "3", "content_type": 13, "action_flag": 3, "action_time": "2014-08-07T07:10:09.208Z", "change_message": ""}, "pk": 221, "model": "admin.logentry"}, {"fields": {"object_repr": "Yoshimasa Hosoya", "user": 1, "object_id": "2", "content_type": 13, "action_flag": 3, "action_time": "2014-08-07T07:10:09.218Z", "change_message": ""}, "pk": 222, "model": "admin.logentry"}, {"fields": {"object_repr": "Director", "user": 1, "object_id": "5", "content_type": 12, "action_flag": 1, "action_time": "2014-08-07T12:05:49.463Z", "change_message": ""}, "pk": 223, "model": "admin.logentry"}, {"fields": {"object_repr": "Soundtrack", "user": 1, "object_id": "6", "content_type": 12, "action_flag": 1, "action_time": "2014-08-07T12:23:16.942Z", "change_message": ""}, "pk": 224, "model": "admin.logentry"}, {"fields": {"object_repr": "Compositor", "user": 1, "object_id": "6", "content_type": 12, "action_flag": 2, "action_time": "2014-08-07T12:41:53.411Z", "change_message": "Changed name."}, "pk": 225, "model": "admin.logentry"}, {"fields": {"object_repr": "Soundtrack", "user": 1, "object_id": "7", "content_type": 12, "action_flag": 1, "action_time": "2014-08-07T12:41:58.273Z", "change_message": ""}, "pk": 226, "model": "admin.logentry"}, {"fields": {"object_repr": "Sound Director", "user": 1, "object_id": "8", "content_type": 12, "action_flag": 1, "action_time": "2014-08-07T12:42:12.221Z", "change_message": ""}, "pk": 227, "model": "admin.logentry"}, {"fields": {"object_repr": "Eir Aoi", "user": 1, "object_id": "14", "content_type": 13, "action_flag": 2, "action_time": "2014-08-07T12:43:54.324Z", "change_message": "Changed employ."}, "pk": 228, "model": "admin.logentry"}, {"fields": {"object_repr": "CreatorEmploys object", "user": 1, "object_id": "1", "content_type": 27, "action_flag": 1, "action_time": "2014-08-12T07:15:05.378Z", "change_message": ""}, "pk": 229, "model": "admin.logentry"}, {"fields": {"object_repr": "CreatorEmploys object", "user": 1, "object_id": "2", "content_type": 27, "action_flag": 1, "action_time": "2014-08-12T07:23:10.730Z", "change_message": ""}, "pk": 230, "model": "admin.logentry"}, {"fields": {"object_repr": "Yoshitsugu Matsuoka:Seyu", "user": 1, "object_id": "3", "content_type": 27, "action_flag": 1, "action_time": "2014-08-12T07:39:14.214Z", "change_message": ""}, "pk": 231, "model": "admin.logentry"}, {"fields": {"object_repr": "Tomohiko Itou:Director", "user": 1, "object_id": "4", "content_type": 27, "action_flag": 1, "action_time": "2014-08-12T07:41:20.094Z", "change_message": ""}, "pk": 232, "model": "admin.logentry"}, {"fields": {"object_repr": "Yuki Kajiura:Compositor", "user": 1, "object_id": "5", "content_type": 27, "action_flag": 1, "action_time": "2014-08-12T07:41:57.219Z", "change_message": ""}, "pk": 233, "model": "admin.logentry"}, {"fields": {"object_repr": "Reki Kawahara:Original Autor", "user": 1, "object_id": "6", "content_type": 27, "action_flag": 1, "action_time": "2014-08-12T07:43:05.527Z", "change_message": ""}, "pk": 234, "model": "admin.logentry"}, {"fields": {"object_repr": "Yoshikazu Iwanami:Sound Director", "user": 1, "object_id": "7", "content_type": 27, "action_flag": 1, "action_time": "2014-08-12T07:43:30.395Z", "change_message": ""}, "pk": 235, "model": "admin.logentry"}, {"fields": {"object_repr": "Opening", "user": 1, "object_id": "9", "content_type": 12, "action_flag": 1, "action_time": "2014-08-12T07:44:11.040Z", "change_message": ""}, "pk": 236, "model": "admin.logentry"}, {"fields": {"object_repr": "Eir Aoi:Opening", "user": 1, "object_id": "8", "content_type": 27, "action_flag": 1, "action_time": "2014-08-12T07:44:14.019Z", "change_message": ""}, "pk": 237, "model": "admin.logentry"}, {"fields": {"object_repr": "Ending", "user": 1, "object_id": "10", "content_type": 12, "action_flag": 1, "action_time": "2014-08-12T07:44:38.917Z", "change_message": ""}, "pk": 238, "model": "admin.logentry"}, {"fields": {"object_repr": "Luna Haruna:Ending", "user": 1, "object_id": "9", "content_type": 27, "action_flag": 1, "action_time": "2014-08-12T07:44:41.334Z", "change_message": ""}, "pk": 239, "model": "admin.logentry"}, {"fields": {"object_repr": "Haruka Tomatsu:Seyu", "user": 1, "object_id": "10", "content_type": 27, "action_flag": 1, "action_time": "2014-08-12T12:40:40.584Z", "change_message": ""}, "pk": 240, "model": "admin.logentry"}, {"fields": {"object_repr": "Kenichirou Matsuda:Seyu", "user": 1, "object_id": "11", "content_type": 27, "action_flag": 1, "action_time": "2014-08-12T12:53:43.038Z", "change_message": ""}, "pk": 241, "model": "admin.logentry"}, {"fields": {"object_repr": "Satoshi Tsuruoka:Seyu", "user": 1, "object_id": "12", "content_type": 27, "action_flag": 1, "action_time": "2014-08-12T13:00:25.391Z", "change_message": ""}, "pk": 242, "model": "admin.logentry"}, {"fields": {"object_repr": "Anri Katsu:Seyu", "user": 1, "object_id": "14", "content_type": 27, "action_flag": 1, "action_time": "2014-08-12T13:01:59.911Z", "change_message": ""}, "pk": 243, "model": "admin.logentry"}, {"fields": {"object_repr": "Anri Katsu:Seyu", "user": 1, "object_id": "14", "content_type": 27, "action_flag": 3, "action_time": "2014-08-12T13:05:35.862Z", "change_message": ""}, "pk": 244, "model": "admin.logentry"}, {"fields": {"object_repr": "Kana Hanazawa:Seyu", "user": 1, "object_id": "20", "content_type": 27, "action_flag": 1, "action_time": "2014-08-12T13:47:23.739Z", "change_message": ""}, "pk": 245, "model": "admin.logentry"}, {"fields": {"object_repr": "Miyuki Shiba", "user": 1, "object_id": "6", "content_type": 14, "action_flag": 2, "action_time": "2014-08-12T17:08:09.049Z", "change_message": "Changed actors and is_main_hero."}, "pk": 246, "model": "admin.logentry"}, {"fields": {"object_repr": "Miyuki Shiba", "user": 1, "object_id": "6", "content_type": 14, "action_flag": 2, "action_time": "2014-08-12T17:08:44.082Z", "change_message": "Changed actors."}, "pk": 247, "model": "admin.logentry"}, {"fields": {"object_repr": "Tatsuya Shiba", "user": 1, "object_id": "5", "content_type": 14, "action_flag": 2, "action_time": "2014-08-12T17:09:17.043Z", "change_message": "Changed actors and is_main_hero."}, "pk": 248, "model": "admin.logentry"}, {"fields": {"object_repr": "Kazuto Kirigaya", "user": 1, "object_id": "7", "content_type": 14, "action_flag": 2, "action_time": "2014-08-12T17:36:07.319Z", "change_message": "Changed avatar and is_main_hero."}, "pk": 249, "model": "admin.logentry"}, {"fields": {"object_repr": "Tatsuya Shiba", "user": 1, "object_id": "5", "content_type": 14, "action_flag": 2, "action_time": "2014-08-12T17:58:25.878Z", "change_message": "Changed actor."}, "pk": 250, "model": "admin.logentry"}, {"fields": {"object_repr": "Miyuki Shiba", "user": 1, "object_id": "6", "content_type": 14, "action_flag": 2, "action_time": "2014-08-12T17:58:32.061Z", "change_message": "Changed actor."}, "pk": 251, "model": "admin.logentry"}, {"fields": {"object_repr": "Kazuto Kirigaya", "user": 1, "object_id": "7", "content_type": 14, "action_flag": 2, "action_time": "2014-08-12T17:58:52.025Z", "change_message": "Changed actor."}, "pk": 252, "model": "admin.logentry"}, {"fields": {"object_repr": "Asuna Yuuki", "user": 1, "object_id": "8", "content_type": 14, "action_flag": 2, "action_time": "2014-08-12T18:17:17.153Z", "change_message": "Changed avatar."}, "pk": 253, "model": "admin.logentry"}, {"fields": {"object_repr": "Serie: 10", "user": 1, "object_id": "79", "content_type": 16, "action_flag": 3, "action_time": "2014-08-12T20:23:45.759Z", "change_message": ""}, "pk": 254, "model": "admin.logentry"}, {"fields": {"object_repr": "Sword Art Online II", "user": 1, "object_id": "14", "content_type": 15, "action_flag": 2, "action_time": "2014-08-14T11:22:18.577Z", "change_message": "Changed creators."}, "pk": 255, "model": "admin.logentry"}]