[{"fields": {"name": "log entry", "app_label": "admin", "model": "logentry"}, "pk": 1, "model": "contenttypes.contenttype"}, {"fields": {"name": "permission", "app_label": "auth", "model": "permission"}, "pk": 2, "model": "contenttypes.contenttype"}, {"fields": {"name": "group", "app_label": "auth", "model": "group"}, "pk": 3, "model": "contenttypes.contenttype"}, {"fields": {"name": "user", "app_label": "auth", "model": "user"}, "pk": 4, "model": "contenttypes.contenttype"}, {"fields": {"name": "content type", "app_label": "contenttypes", "model": "contenttype"}, "pk": 5, "model": "contenttypes.contenttype"}, {"fields": {"name": "session", "app_label": "sessions", "model": "session"}, "pk": 6, "model": "contenttypes.contenttype"}, {"fields": {"name": "genre group", "app_label": "apps", "model": "genregroup"}, "pk": 7, "model": "contenttypes.contenttype"}, {"fields": {"name": "raiting", "app_label": "apps", "model": "raiting"}, "pk": 8, "model": "contenttypes.contenttype"}, {"fields": {"name": "genre", "app_label": "apps", "model": "genre"}, "pk": 9, "model": "contenttypes.contenttype"}, {"fields": {"name": "thematic group", "app_label": "apps", "model": "thematicgroup"}, "pk": 10, "model": "contenttypes.contenttype"}, {"fields": {"name": "category", "app_label": "apps", "model": "category"}, "pk": 11, "model": "contenttypes.contenttype"}, {"fields": {"name": "production", "app_label": "apps", "model": "production"}, "pk": 12, "model": "contenttypes.contenttype"}, {"fields": {"name": "hero", "app_label": "apps", "model": "hero"}, "pk": 13, "model": "contenttypes.contenttype"}, {"fields": {"name": "anime", "app_label": "apps", "model": "anime"}, "pk": 14, "model": "contenttypes.contenttype"}, {"fields": {"name": "manga", "app_label": "apps", "model": "manga"}, "pk": 15, "model": "contenttypes.contenttype"}, {"fields": {"name": "migration history", "app_label": "south", "model": "migrationhistory"}, "pk": 16, "model": "contenttypes.contenttype"}, {"fields": {"name": "serie", "app_label": "apps", "model": "serie"}, "pk": 18, "model": "contenttypes.contenttype"}, {"fields": {"name": "status", "app_label": "apps", "model": "status"}, "pk": 20, "model": "contenttypes.contenttype"}, {"fields": {"name": "listed product", "app_label": "apps", "model": "listedproduct"}, "pk": 21, "model": "contenttypes.contenttype"}, {"fields": {"name": "source", "app_label": "easy_thumbnails", "model": "source"}, "pk": 22, "model": "contenttypes.contenttype"}, {"fields": {"name": "thumbnail", "app_label": "easy_thumbnails", "model": "thumbnail"}, "pk": 23, "model": "contenttypes.contenttype"}, {"fields": {"name": "thumbnail dimensions", "app_label": "easy_thumbnails", "model": "thumbnaildimensions"}, "pk": 24, "model": "contenttypes.contenttype"}, {"fields": {"name": "dash board", "app_label": "apps", "model": "dashboard"}, "pk": 25, "model": "contenttypes.contenttype"}, {"fields": {"name": "criminalystic", "app_label": "apps", "model": "criminalystic"}, "pk": 27, "model": "contenttypes.contenttype"}, {"fields": {"expire_date": "2014-07-06T19:10:16.377Z", "session_data": "YjEwZThlNmVmODA5NjA3NDkwYzg4ZmY4OWNiNDljZWJmMzU5ZTQ0Mjp7Il9hdXRoX3VzZXJfaWQiOjIsIl9hdXRoX3VzZXJfYmFja2VuZCI6ImRqYW5nby5jb250cmliLmF1dGguYmFja2VuZHMuTW9kZWxCYWNrZW5kIn0="}, "pk": "l6metmajjxwn0khfyuu7z5pj2fjhd514", "model": "sessions.session"}, {"fields": {"expire_date": "2014-07-06T11:37:12.489Z", "session_data": "NzE3ZTkzYjllZjljZjU0YzA2YTEwNzZlZGZlOTk5YTBkMTc5ZDRjMTp7fQ=="}, "pk": "pmhthw1ss3pmw8fxbw49u4tppidl5qs1", "model": "sessions.session"}, {"fields": {"expire_date": "2014-06-28T12:47:30.965Z", "session_data": "YjJkMmNhMjUxODFkNWFiYTFlNzM0YWM1ODRjMmIzNzQxMDk1YmQwYTp7Il9hdXRoX3VzZXJfaWQiOjEsIl9hdXRoX3VzZXJfYmFja2VuZCI6ImRqYW5nby5jb250cmliLmF1dGguYmFja2VuZHMuTW9kZWxCYWNrZW5kIn0="}, "pk": "u0r627i3cqrojgo93lsui2mcwyp2ooyd", "model": "sessions.session"}, {"fields": {"name": "Anime Female"}, "pk": 1, "model": "apps.genregroup"}, {"fields": {"name": "Anime Male"}, "pk": 2, "model": "apps.genregroup"}, {"fields": {"name": "Standart"}, "pk": 3, "model": "apps.genregroup"}, {"fields": {"name": "Anime Standart"}, "pk": 4, "model": "apps.genregroup"}, {"fields": {"name": "Anime Porn"}, "pk": 5, "model": "apps.genregroup"}, {"fields": {"name": "Anime School"}, "pk": 6, "model": "apps.genregroup"}, {"fields": {"name": "Detectives"}, "pk": 7, "model": "apps.genregroup"}, {"fields": {"name": "PG-13"}, "pk": 1, "model": "apps.raiting"}, {"fields": {"name": "NC-17"}, "pk": 2, "model": "apps.raiting"}, {"fields": {"name": "G"}, "pk": 3, "model": "apps.raiting"}, {"fields": {"name": "PG"}, "pk": 4, "model": "apps.raiting"}, {"fields": {"name": "R"}, "pk": 5, "model": "apps.raiting"}, {"fields": {"name": "\u0421\u0451\u043d\u0435\u043d", "group": 2}, "pk": 1, "model": "apps.genre"}, {"fields": {"name": "\u0421\u0451\u0434\u0437\u0435", "group": 1}, "pk": 2, "model": "apps.genre"}, {"fields": {"name": "\u0421\u044d\u0439\u043d\u0435\u043d", "group": 2}, "pk": 3, "model": "apps.genre"}, {"fields": {"name": "\u0414\u0437\u0451\u0441\u0435\u0439", "group": 1}, "pk": 4, "model": "apps.genre"}, {"fields": {"name": "\u0421\u0451\u043d\u0435\u043d \u0410\u0439", "group": 1}, "pk": 5, "model": "apps.genre"}, {"fields": {"name": "\u0421\u0451\u0434\u0437\u0435 \u0410\u0439", "group": 2}, "pk": 6, "model": "apps.genre"}, {"fields": {"name": "\u0423\u0436\u0430\u0441\u044b", "group": 3}, "pk": 7, "model": "apps.genre"}, {"fields": {"name": "\u0411\u0435\u0437\u0443\u043c\u0438\u0435", "group": 3}, "pk": 8, "model": "apps.genre"}, {"fields": {"name": "\u0411\u043e\u0435\u0432\u044b\u0435 \u0438\u0441\u043a\u0443\u0441\u0441\u0442\u0432\u0430", "group": 3}, "pk": 9, "model": "apps.genre"}, {"fields": {"name": "\u0412\u0430\u043c\u043f\u0438\u0440\u044b", "group": 3}, "pk": 10, "model": "apps.genre"}, {"fields": {"name": "\u0412\u043e\u0435\u043d\u043d\u043e\u0435", "group": 3}, "pk": 11, "model": "apps.genre"}, {"fields": {"name": "\u0414\u0435\u043c\u043e\u043d\u044b", "group": 3}, "pk": 12, "model": "apps.genre"}, {"fields": {"name": "\u0414\u0435\u0442\u0441\u043a\u043e\u0435", "group": 3}, "pk": 13, "model": "apps.genre"}, {"fields": {"name": "\u0414\u0440\u0430\u043c\u0430", "group": 3}, "pk": 14, "model": "apps.genre"}, {"fields": {"name": "\u0418\u0433\u0440\u044b", "group": 4}, "pk": 15, "model": "apps.genre"}, {"fields": {"name": "\u0418\u0441\u0442\u043e\u0440\u0438\u0447\u0435\u0441\u043a\u0438\u0439", "group": 3}, "pk": 16, "model": "apps.genre"}, {"fields": {"name": "\u041a\u043e\u0441\u043c\u043e\u0441", "group": 3}, "pk": 17, "model": "apps.genre"}, {"fields": {"name": "\u041c\u0430\u0433\u0438\u044f", "group": 3}, "pk": 18, "model": "apps.genre"}, {"fields": {"name": "\u0410\u0432\u0442\u043e\u043c\u043e\u0431\u0438\u043b\u0438", "group": 4}, "pk": 19, "model": "apps.genre"}, {"fields": {"name": "\u041c\u0435\u0445\u0430", "group": 4}, "pk": 20, "model": "apps.genre"}, {"fields": {"name": "\u041c\u0438\u0441\u0442\u0438\u043a\u0430", "group": 3}, "pk": 21, "model": "apps.genre"}, {"fields": {"name": "\u041c\u0443\u0437\u044b\u043a\u0430", "group": 3}, "pk": 22, "model": "apps.genre"}, {"fields": {"name": "\u041f\u0430\u0440\u043e\u0434\u0438\u044f", "group": 3}, "pk": 23, "model": "apps.genre"}, {"fields": {"name": "\u041f\u043e\u0432\u0441\u0435\u0434\u043d\u0435\u0432\u043d\u043e\u0441\u0442\u044c", "group": 3}, "pk": 24, "model": "apps.genre"}, {"fields": {"name": "\u041f\u043e\u043b\u0438\u0446\u0438\u044f", "group": 3}, "pk": 25, "model": "apps.genre"}, {"fields": {"name": "\u041f\u0440\u0438\u043a\u043b\u044e\u0447\u0435\u043d\u0438\u044f", "group": 3}, "pk": 26, "model": "apps.genre"}, {"fields": {"name": "\u041f\u0441\u0438\u0445\u043e\u043b\u043e\u0433\u0438\u0447\u0435\u0441\u043a\u043e\u0435", "group": 3}, "pk": 27, "model": "apps.genre"}, {"fields": {"name": "\u0421\u0430\u043c\u0443\u0440\u0430\u0438", "group": 3}, "pk": 28, "model": "apps.genre"}, {"fields": {"name": "\u0421\u0432\u0435\u0440\u0445\u0435\u0441\u0442\u0435\u0441\u0442\u0432\u0435\u043d\u043d\u043e\u0435", "group": 3}, "pk": 29, "model": "apps.genre"}, {"fields": {"name": "\u0421\u043f\u043e\u0440\u0442", "group": 3}, "pk": 30, "model": "apps.genre"}, {"fields": {"name": "\u0421\u0443\u043f\u0435\u0440 \u0441\u0438\u043b\u0430", "group": 3}, "pk": 31, "model": "apps.genre"}, {"fields": {"name": "\u0424\u0430\u043d\u0442\u0430\u0441\u0442\u0438\u043a\u0430", "group": 3}, "pk": 32, "model": "apps.genre"}, {"fields": {"name": "\u0424\u044d\u043d\u0442\u0435\u0437\u0438", "group": 3}, "pk": 33, "model": "apps.genre"}, {"fields": {"name": "\u042d\u043a\u0448\u044d\u043d", "group": 3}, "pk": 34, "model": "apps.genre"}, {"fields": {"name": "\u0422\u0440\u0438\u043b\u043b\u0435\u0440", "group": 3}, "pk": 35, "model": "apps.genre"}, {"fields": {"name": "\u042d\u0442\u0442\u0438", "group": 5}, "pk": 36, "model": "apps.genre"}, {"fields": {"name": "\u0413\u0435\u043d\u0435\u0440\u043d\u0430\u044f \u0438\u043d\u0442\u0440\u0438\u0433\u0430", "group": 5}, "pk": 37, "model": "apps.genre"}, {"fields": {"name": "\u042f\u043e\u0439", "group": 5}, "pk": 38, "model": "apps.genre"}, {"fields": {"name": "\u042e\u0440\u0438", "group": 5}, "pk": 39, "model": "apps.genre"}, {"fields": {"name": "\u0425\u0435\u043d\u0442\u0430\u0439", "group": 5}, "pk": 40, "model": "apps.genre"}, {"fields": {"name": "\u0428\u043a\u043e\u043b\u0430", "group": 6}, "pk": 41, "model": "apps.genre"}, {"fields": {"name": "\u041a\u043e\u043c\u0435\u0434\u0438\u044f", "group": 6}, "pk": 42, "model": "apps.genre"}, {"fields": {"name": "\u0420\u043e\u043c\u0430\u043d\u0442\u0438\u043a\u0430", "group": 6}, "pk": 43, "model": "apps.genre"}, {"fields": {"name": "\u0413\u0430\u0440\u0435\u043c", "group": 6}, "pk": 44, "model": "apps.genre"}, {"fields": {"name": "Japanese Culture"}, "pk": 1, "model": "apps.thematicgroup"}, {"fields": {"name": "Detectives"}, "pk": 2, "model": "apps.thematicgroup"}, {"fields": {"name": "Anime", "icon": "/home/ctulhu/anylist/anylist/media/Miku-Hatsune-Icon-hatsune-miku-14355629-100-100_1.jpg", "group": 1}, "pk": 1, "model": "apps.dashboard"}, {"fields": {"name": "Manga", "icon": "/home/ctulhu/anylist/anylist/media/dragonball-kai-icon.png", "group": 1}, "pk": 2, "model": "apps.dashboard"}, {"fields": {"name": "Criminalystic", "icon": "/home/ctulhu/anylist/anylist/media/images.duckduckgo.com_3.jpeg", "group": 2}, "pk": 3, "model": "apps.dashboard"}, {"fields": {"name": "Anime", "avatar": "/home/ctulhu/anylist/anylist/media/Anime_1.png", "group": 1}, "pk": 1, "model": "apps.category"}, {"fields": {"name": "Manga", "avatar": "/home/ctulhu/anylist/anylist/media/57.jpg", "group": 1}, "pk": 2, "model": "apps.category"}, {"fields": {"name": "Criminalystic", "avatar": "/home/ctulhu/anylist/anylist/media/images.duckduckgo.com.jpeg", "group": 2}, "pk": 3, "model": "apps.category"}, {"fields": {"title": "Akuma no Riddle", "pub_date": "2014-06-08T00:00:00Z", "old_limit": 2, "description": "<p><a href=\"http://shikimori.org/characters/86241-Tokaku-Azuma\">\u0422\u043e\u043a\u0430\u043a\u0443 \u0410\u0434\u0437\u0443\u043c\u0430</a> \u043e\u0431\u0443\u0447\u0430\u0435\u0442\u0441\u044f \u0432 \u0448\u043a\u043e\u043b\u0435 \u0434\u043b\u044f \u043d\u0430\u0435\u043c\u043d\u044b\u0445 \u0443\u0431\u0438\u0439\u0446. \u041e\u0434\u043d\u0430\u0436\u0434\u044b \u0435\u0451 \u043f\u0435\u0440\u0435\u0432\u043e\u0434\u044f\u0442 \u0432 \u0441\u043f\u0435\u0446\u0438\u0430\u043b\u044c\u043d\u044b\u0439 \u043a\u043b\u0430\u0441\u0441, \u0433\u0434\u0435 \u0433\u043b\u0430\u0432\u043d\u043e\u0435 \u0437\u0430\u0434\u0430\u043d\u0438\u0435 - \u0443\u0431\u0438\u0442\u044c \u0434\u043e\u0431\u0440\u043e\u0434\u0443\u0448\u043d\u0443\u044e <a href=\"http://shikimori.org/characters/86239-Haru-Ichinose\">\u0425\u0430\u0440\u0443 \u0418\u0442\u0438\u043d\u043e\u0441\u044d</a>. \u041f\u044b\u0442\u0430\u0442\u044c\u0441\u044f \u0443\u0431\u0438\u0442\u044c \u0434\u0435\u0432\u0443\u0448\u043a\u0443 \u0443\u0447\u0435\u043d\u0438\u043a\u0438 \u0434\u043e\u043b\u0436\u043d\u044b \u043f\u043e \u043e\u0447\u0435\u0440\u0435\u0434\u0438, \u043f\u0440\u0435\u0434\u0432\u0430\u0440\u0438\u0442\u0435\u043b\u044c\u043d\u043e \u0443\u0432\u0435\u0434\u043e\u043c\u0438\u0432 \u0441\u0432\u043e\u044e \u0436\u0435\u0440\u0442\u0432\u0443 \u043e\u0431 \u044d\u0442\u043e\u043c. \u041d\u0430 \u0443\u0431\u0438\u0439\u0441\u0442\u0432\u043e \u043a\u0430\u0436\u0434\u043e\u043c\u0443 \u0438\u0437 \u0443\u0447\u0435\u043d\u0438\u043a\u043e\u0432 \u0434\u0430\u0435\u0442\u0441\u044f \u0440\u043e\u0432\u043d\u043e 48 \u0447\u0430\u0441\u043e\u0432. <a href=\"http://shikimori.org/characters/86241-Tokaku-Azuma\">\u0422\u043e\u043a\u0430\u043a\u0443</a> \u043d\u0430\u0434\u043e \u043e\u0431\u044f\u0437\u0430\u0442\u0435\u043b\u044c\u043d\u043e \u0443\u0431\u0438\u0442\u044c <a href=\"http://shikimori.org/characters/86239-Haru-Ichinose\">\u0425\u0430\u0440\u0443</a>, \u0438\u0431\u043e \u0435\u0441\u043b\u0438 \u0443\u0431\u0438\u0439\u0446\u0430 \u043d\u0435 \u043f\u043e\u043a\u043e\u043d\u0447\u0438\u0442 \u0441 <a href=\"http://shikimori.org/characters/86239-Haru-Ichinose\">\u0418\u0442\u0438\u043d\u043e\u0441\u044d</a>, \u043e\u043d\u0430 \u0431\u0443\u0434\u0435\u0442 \u0438\u0441\u043a\u043b\u044e\u0447\u0435\u043d\u0430. \u041d\u043e, \u043f\u043e\u0437\u043d\u0430\u043a\u043e\u043c\u0438\u0432\u0448\u0438\u0441\u044c \u043f\u043e\u0431\u043b\u0438\u0436\u0435 \u0441 \u043c\u0438\u043b\u0430\u0448\u043a\u043e\u0439 <a href=\"http://shikimori.org/characters/86239-Haru-Ichinose\">\u0425\u0430\u0440\u0443</a>, <a href=\"http://shikimori.org/characters/86241-Tokaku-Azuma\">\u0410\u0434\u0437\u0443\u043c\u0430</a> \u043f\u043e\u043d\u0438\u043c\u0430\u0435\u0442, \u0447\u0442\u043e \u0438\u0441\u043f\u044b\u0442\u044b\u0432\u0430\u0435\u0442 \u043a \u043d\u0435\u0439 \u0442\u0435\u043f\u043b\u044b\u0435 \u0447\u0443\u0432\u0441\u0442\u0432\u0430 \u0438 \u0434\u043e\u043b\u0436\u043d\u0430 \u0437\u0430\u0449\u0438\u0442\u0438\u0442\u044c \u0435\u0451, \u043d\u0435\u0441\u043c\u043e\u0442\u0440\u044f \u043d\u0438 \u043d\u0430 \u0447\u0442\u043e...</p>", "avatar": "/home/ctulhu/anylist/anylist/media/19429_1.jpg", "genres": [6, 34, 41]}, "pk": 1, "model": "apps.production"}, {"fields": {"title": "Abnormal-kei Joshi", "pub_date": "2014-06-11T21:15:41.759Z", "old_limit": 2, "description": "<p>\u0421\u0442\u0430\u043b\u043a\u0435\u0440, \u0441\u0435\u0440\u0438\u0439\u043d\u044b\u0439 \u0443\u0431\u0438\u0439\u0446\u0430, \u043c\u0430\u0437\u043e\u0445\u0438\u0441\u0442\u043a\u0430, \u0440\u044b\u0446\u0430\u0440\u044c, \u043f\u043e\u0434\u0440\u0443\u0433\u0430 \u0434\u0435\u0442\u0441\u0442\u0432\u0430, \u0432\u0430\u043c\u043f\u0438\u0440 \u0438 \u0441\u043f\u044f\u0449\u0430\u044f \u043a\u0440\u0430\u0441\u0430\u0432\u0438\u0446\u0430... \u0421 \u043a\u0435\u043c \u0435\u0449\u0435 \u043f\u0440\u0435\u0434\u0441\u0442\u043e\u0438\u0442 \u0441\u0442\u043e\u043b\u043a\u043d\u0443\u0442\u044c\u0441\u044f \u0433\u043b\u0430\u0432\u043d\u043e\u043c\u0443 \u0433\u0435\u0440\u043e\u044e?</p>", "avatar": "/home/ctulhu/anylist/anylist/media/41773_5.jpg", "genres": [3, 35, 41, 42, 44]}, "pk": 2, "model": "apps.production"}, {"fields": {"title": "Black Bullet", "pub_date": "2014-06-08T00:00:00Z", "old_limit": 2, "description": "\u042d\u0442\u0430 \u0438\u0441\u0442\u043e\u0440\u0438\u044f \u043f\u0440\u043e\u0438\u0441\u0445\u043e\u0434\u0438\u0442 \u0432 \u043d\u0435\u0434\u0430\u043b\u0435\u043a\u043e\u043c \u0431\u0443\u0434\u0443\u0449\u0435\u043c, \u0433\u0434\u0435 \u0447\u0435\u043b\u043e\u0432\u0435\u0447\u0435\u0441\u0442\u0432\u043e \u0431\u044b\u043b\u043e \u043f\u043e\u0434\u0432\u0435\u0440\u0436\u0435\u043d\u043e \u0430\u0442\u0430\u043a\u0435 \u0440\u0430\u0437\u043d\u043e\u0441\u044f\u0449\u0438\u043c\u0438 \u0432\u0438\u0440\u0443\u0441 \u043f\u0430\u0440\u0430\u0437\u0438\u0442\u0430\u043c\u0438, \u0438\u043c\u0435\u043d\u0443\u0435\u043c\u044b\u043c\u0438 \u0413\u0430\u0441\u0442\u0440\u0438\u0430. \u0412 \u0440\u0435\u0437\u0443\u043b\u044c\u0442\u0430\u0442\u0435 \u044d\u0442\u043e\u0433\u043e, \u0431\u0443\u0434\u0443\u0447\u0438 \u0438\u0437\u0433\u043d\u0430\u043d\u043d\u044b\u043c\u0438 \u0438\u0437 \u0441\u0432\u043e\u0438\u0445 \u0440\u043e\u0434\u043d\u044b\u0445 \u0434\u043e\u043c\u043e\u0432, \u0440\u043e\u0434 \u043b\u044e\u0434\u0435\u0439 \u0441\u0443\u0449\u0435\u0441\u0442\u0432\u0443\u0435\u0442 \u043b\u0438\u0448\u044c \u043d\u0430 \u043d\u0435\u0431\u043e\u043b\u044c\u0448\u043e\u0439 \u0442\u0435\u0440\u0440\u0438\u0442\u043e\u0440\u0438\u0438, \u0433\u0434\u0435, \u0443\u0436\u0435 \u043f\u043e\u0442\u0435\u0440\u044f\u0432\u0448\u0438\u0435 \u0432\u0441\u044f\u043a\u0443\u044e \u043d\u0430\u0434\u0435\u0436\u0434\u0443, \u043e\u043d\u0438 \u0436\u0438\u0432\u0443\u0442 \u0431\u043e\u043a \u043e \u0431\u043e\u043a \u0441\u043e \u0441\u043c\u0435\u0440\u0442\u044c\u044e.\r\n\u0412 \u044d\u0442\u043e\u043c \u0442\u0435\u043c\u043d\u043e\u043c \u043c\u0438\u0440\u0435 \u0436\u0438\u0432\u0451\u0442 \u0420\u0435\u043d\u0442\u0430\u0440\u043e, \u043f\u0430\u0440\u0435\u043d\u044c, \u0447\u0435\u0439 \u0434\u043e\u043c \u043d\u0430\u0445\u043e\u0434\u0438\u0442\u0441\u044f \u0440\u044f\u0434\u043e\u043c \u0441 \u0422\u043e\u043a\u0438\u043e, \u0441\u043e\u0441\u0442\u043e\u044f\u0449\u0438\u0439 \u0432 \"\u0413\u0440\u0430\u0436\u0434\u0430\u043d\u0441\u043a\u043e\u0439 \u0411\u0435\u0437\u043e\u043f\u0430\u0441\u043d\u043e\u0441\u0442\u0438\" \u2014 \u043e\u0440\u0433\u0430\u043d\u0438\u0437\u0430\u0446\u0438\u0438, \u0437\u0430\u043d\u0438\u043c\u0430\u044e\u0449\u0435\u0439\u0441\u044f \u0431\u043e\u0440\u044c\u0431\u043e\u0439 \u0441 \u0442\u0435\u043c\u0438 \u0441\u0430\u043c\u044b\u043c\u0438 \u043f\u0430\u0440\u0430\u0437\u0438\u0442\u0430\u043c\u0438 \u0413\u0430\u0441\u0442\u0440\u0438\u0430. \u0412\u043c\u0435\u0441\u0442\u0435 \u0441\u043e \u0441\u0432\u043e\u0435\u0439 \u043d\u0430\u043f\u0430\u0440\u043d\u0438\u0446\u0435\u0439 \u042d\u043d\u0434\u0436\u0443 \u043e\u043d\u0438 \u0432\u044b\u043f\u043e\u043b\u043d\u044f\u044e\u0442 \u0441\u0430\u043c\u044b\u0435 \u0440\u0438\u0441\u043a\u043e\u0432\u0430\u043d\u043d\u044b\u0435 \u0437\u0430\u0434\u0430\u043d\u0438\u044f.\r\n\u0412\u044b\u043f\u043e\u043b\u043d\u044f\u044f \u043e\u0434\u043d\u0443 \u043c\u0438\u0441\u0441\u0438\u044e \u043e\u043f\u0430\u0441\u043d\u0435\u0435 \u0434\u0440\u0443\u0433\u043e\u0439, \u0440\u0430\u0431\u043e\u0442\u0430\u044f \u0434\u0435\u043d\u044c \u0437\u0430 \u0434\u043d\u0435\u043c, \u043e\u0434\u043d\u0430\u0436\u0434\u044b, \u043e\u043d\u0438 \u043f\u043e\u043b\u0443\u0447\u0430\u044e\u0442 \u0441\u043f\u0435\u0446\u0438\u0430\u043b\u044c\u043d\u043e\u0435 \u0437\u0430\u0434\u0430\u043d\u0438\u0435 \u043e\u0442 \u043f\u0440\u0430\u0432\u0438\u0442\u0435\u043b\u044c\u0441\u0442\u0432\u0430 \u043f\u043e \u043f\u0440\u0435\u0434\u043e\u0442\u0432\u0440\u0430\u0449\u0435\u043d\u0438\u044e \u0440\u0430\u0437\u0440\u0443\u0448\u0435\u043d\u0438\u044f \u0422\u043e\u043a\u0438\u043e.\r\n\u0418 \u0432\u043e\u0442 \u0438\u043c\u0435\u043d\u043d\u043e \u0442\u0430\u043a \u043d\u0430\u0447\u0438\u043d\u0430\u0435\u0442\u0441\u044f \u043f\u043e\u0432\u0435\u0441\u0442\u0432\u043e\u0432\u0430\u043d\u0438\u0435 \u043e\u0431 \u043e\u0434\u043d\u043e\u0439 \u0438\u0437 \u0441\u0430\u043c\u044b\u0445 \u0437\u043d\u0430\u0447\u0438\u043c\u044b\u0445 \u043c\u0438\u0441\u0441\u0438\u0439 \u043f\u043e \u0437\u0430\u0449\u0438\u0442\u0435 \u0447\u0435\u043b\u043e\u0432\u0435\u0447\u0435\u0441\u0442\u0432\u0430.", "avatar": "/home/ctulhu/anylist/anylist/media/20787.jpg", "genres": [1]}, "pk": 3, "model": "apps.production"}, {"fields": {"title": "Blade & Soul", "pub_date": "2014-06-08T00:00:00Z", "old_limit": 2, "description": "<p>\u0423\u0431\u0438\u0439\u0446\u0430 \u043a\u043b\u0430\u043d\u0430 \u043c\u0435\u0447\u0430 <a href=\"http://shikimori.org/characters/103461-Aruka\">\u0410\u0440\u0443\u043a\u0430</a> \u043f\u0443\u0442\u0435\u0448\u0435\u0441\u0442\u0432\u0443\u0435\u0442 \u0432 \u043f\u043e\u0438\u0441\u043a\u0430\u0445 \u0436\u0435\u043d\u0449\u0438\u043d\u044b \u043f\u043e \u0438\u043c\u0435\u043d\u0438 <a href=\"http://shikimori.org/characters/100623-Varel-Jin\">\u0414\u0436\u0438\u043d \u0412\u0430\u043b\u0435\u043b</a>, \u043a\u043e\u0442\u043e\u0440\u0430\u044f \u0443\u0431\u0438\u043b\u0430 \u0435\u0451 \u043c\u0430\u0441\u0442\u0435\u0440\u0430. \u0414\u0435\u043c\u043e\u043d\u043e\u043f\u043e\u0434\u043e\u0431\u043d\u0430\u044f <a href=\"http://shikimori.org/characters/100623-Varel-Jin\">\u0414\u0436\u0438\u043d</a> \u0443\u043c\u0435\u0435\u0442 \u043a\u043e\u043d\u0442\u0440\u043e\u043b\u0438\u0440\u043e\u0432\u0430\u0442\u044c \u044d\u043d\u0435\u0440\u0433\u0438\u044e \u0445\u0430\u043e\u0441\u0430 \u0438 \u0443\u0431\u0438\u0432\u0430\u0435\u0442 \u0431\u0435\u0437 \u043a\u0430\u043a\u0438\u0445-\u043b\u0438\u0431\u043e \u0447\u0443\u0432\u0441\u0442\u0432 \u0438 \u044d\u043c\u043e\u0446\u0438\u0439 - \u0441\u043e\u0432\u0441\u0435\u043c \u043d\u0435 \u0442\u0430\u043a \u043a\u0430\u043a \u044d\u0442\u043e\u043c\u0443 \u0431\u044b\u043b\u0430 \u043e\u0431\u0443\u0447\u0435\u043d\u0430 <a href=\"http://shikimori.org/characters/103461-Aruka\">\u0410\u0440\u0443\u043a\u0430</a> \u043d\u0430 \u043f\u0440\u043e\u0442\u044f\u0436\u0435\u043d\u0438\u0438 \u0440\u0430\u0431\u043e\u0442\u044b \u0443 \u043d\u0430\u0441\u0442\u0430\u0432\u043d\u0438\u043a\u0430.</p><p>\u041c\u043d\u043e\u0433\u043e \u0440\u0430\u0437\u043d\u044b\u0445 \u043b\u044e\u0434\u0435\u0439 \u0432\u0441\u0442\u0440\u0435\u0447\u0430\u0435\u0442 \u043d\u0430 \u0441\u0432\u043e\u0435\u043c \u043f\u0443\u0442\u0438 <a href=\"http://shikimori.org/characters/103461-Aruka\">\u0410\u0440\u0443\u043a\u0430</a>, \u0430 \u0441\u0440\u0435\u0434\u0438 \u043d\u0438\u0445 - \u0442\u0440\u0435\u0445 \u0442\u0440\u0435\u0445 \u043d\u0435\u043e\u0431\u044b\u0447\u043d\u044b\u0445 \u0436\u0435\u043d\u0449\u0438\u043d, \u043a\u0430\u0436\u0434\u0430\u044f \u0438\u0437 \u043a\u043e\u0442\u043e\u0440\u044b\u0445 \u0432\u044b\u0434\u0430\u044e\u0449\u0438\u0439\u0441\u044f \u0432\u043e\u0438\u043d \u0432 \u0441\u0432\u043e\u0435\u043c \u0441\u0442\u0438\u043b\u0435, \u0438 \u043a\u0430\u0436\u0434\u0430\u044f \u0441\u0440\u0430\u0436\u0430\u0435\u0442\u0441\u044f \u0441 \u043d\u0435\u0439, \u0447\u0442\u043e\u0431\u044b \u043f\u0440\u043e\u0442\u0438\u0432\u043e\u0441\u0442\u043e\u044f\u0442\u044c \u0436\u0435\u043b\u0430\u043d\u0438\u044e \u0443\u0431\u0438\u0442\u043e\u0433\u043e \u043c\u0430\u0441\u0442\u0435\u0440\u0430, \u043a\u043e\u0442\u043e\u0440\u044b\u0439 \u0445\u043e\u0442\u0435\u043b, \u0447\u0442\u043e\u0431\u044b <a href=\"http://shikimori.org/characters/103461-Aruka\">\u0410\u0440\u0443\u043a\u0430</a> \u043e\u0441\u0442\u0430\u0432\u0438\u043b\u0430 \u0436\u0438\u0437\u043d\u044c \u0443\u0431\u0438\u0439\u0446\u044b \u043f\u043e\u0437\u0430\u0434\u0438..</p><p><br />\u0410\u043d\u0438\u043c\u0435 \u044f\u0432\u043b\u044f\u0435\u0442\u0441\u044f \u0430\u0434\u0430\u043f\u0442\u0430\u0446\u0438\u0435\u0439 \u043a\u043e\u0440\u0435\u0439\u0441\u043a\u043e\u0439 \u041c\u041c\u041e\u0420\u041f\u0413 \u0438\u0433\u0440\u044b &quot;\u041a\u043b\u0438\u043d\u043e\u043a \u0438 \u0414\u0443\u0448\u0430&quot;.</p>", "avatar": "/home/ctulhu/anylist/anylist/media/22547.jpg", "genres": [1, 3]}, "pk": 4, "model": "apps.production"}, {"fields": {"title": "Bokura wa Minna Kawaisou", "pub_date": "2014-06-08T00:00:00Z", "old_limit": 1, "description": "<p><a href=\"http://shikimori.org/characters/95627-Kazunari-Usa\">\u0423\u0441\u0430</a>, \u0441\u0442\u0430\u0440\u0448\u0435\u043a\u043b\u0430\u0441\u0441\u043d\u0438\u043a (\u0432 \u043f\u0440\u043e\u0448\u043b\u043e\u043c &quot;\u0441\u043f\u043b\u043e\u0448\u043d\u0430\u044f \u043d\u0435\u043f\u0440\u0438\u044f\u0442\u043d\u043e\u0441\u0442\u044c&quot; \u0432 \u0441\u0440\u0435\u0434\u043d\u0435\u0439 \u0448\u043a\u043e\u043b\u0435), \u0432 \u0441\u0442\u0440\u0435\u043c\u043b\u0435\u043d\u0438\u0438 \u0432\u0435\u0441\u0442\u0438 \u0441\u043f\u043e\u043a\u043e\u0439\u043d\u0443\u044e, \u0440\u0430\u0437\u043c\u0435\u0440\u0435\u043d\u043d\u0443\u044e \u0438, \u0441\u0430\u043c\u043e\u0435 \u0433\u043b\u0430\u0432\u043d\u043e\u0435, \u0441\u0432\u043e\u0431\u043e\u0434\u043d\u0443\u044e \u0436\u0438\u0437\u043d\u044c, \u043f\u0435\u0440\u0435\u0435\u0437\u0436\u0430\u0435\u0442 \u0432 \u043d\u043e\u0432\u0443\u044e \u043a\u0432\u0430\u0440\u0442\u0438\u0440\u0443. \u0410 \u0442\u043e\u043b\u044c\u043a\u043e \u043f\u0435\u0440\u0435\u0435\u0445\u0430\u0432, \u043e\u0431\u043d\u0430\u0440\u0443\u0436\u0438\u0432\u0430\u0435\u0442, \u0447\u0442\u043e \u0435\u043c\u0443 \u043f\u0440\u0435\u0434\u0441\u0442\u043e\u0438\u0442 \u0436\u0438\u0442\u044c \u0441 \u0438\u0437\u0432\u0440\u0430\u0449\u0435\u043d\u0446\u0435\u043c-\u0441\u043e\u0441\u0435\u0434\u043e\u043c, \u0434\u043b\u044f \u043a\u043e\u0442\u043e\u0440\u043e\u0433\u043e \u043d\u0435 \u0441\u0443\u0449\u0435\u0441\u0442\u0432\u0443\u0435\u0442 \u0431\u043b\u0430\u0436\u0435\u043d\u0441\u0442\u0432\u0430 \u0431\u043e\u043b\u044c\u0448\u0435, \u0447\u0435\u043c \u0431\u044b\u0442\u044c \u043a\u0435\u043c-\u0442\u043e \u0438\u0437\u0431\u0438\u0442\u044b\u043c (\u043c\u0430\u0437\u043e\u0445\u0438\u0441\u0442\u044b, \u043e\u043d\u0438 \u0442\u0430\u043a\u0438\u0435...). \u041f\u043e\u0442\u043e\u043c \u0438 \u0432\u043e\u0432\u0441\u0435 \u043e\u043a\u0430\u0437\u044b\u0432\u0430\u0435\u0442\u0441\u044f, \u0447\u0442\u043e \u0441\u043e\u0441\u0435\u0434\u043a\u043e\u0439 <a href=\"http://shikimori.org/characters/95627-Kazunari-Usa\">\u0423\u0441\u044b</a> \u0431\u0443\u0434\u0435\u0442 \u043d\u0438\u043a\u0442\u043e \u0438\u043d\u0430\u044f, \u043a\u0430\u043a \u0435\u0433\u043e \u043f\u0435\u0440\u0432\u0430\u044f \u043b\u044e\u0431\u043e\u0432\u044c \u0435\u0449\u0435 \u0441\u043e \u0432\u0440\u0435\u043c\u0435\u043d \u043c\u043b\u0430\u0434\u0448\u0435\u0439 \u0448\u043a\u043e\u043b\u044b &mdash; \u0434\u0435\u0432\u0443\u0448\u043a\u0430 \u043f\u043e \u0438\u043c\u0435\u043d\u0438 <a href=\"http://shikimori.org/characters/87505-Ritsu-Kawai\">\u0420\u0438\u0446\u0443</a>! \u0412\u043e\u0442 \u0438 \u043d\u0430\u0441\u0442\u0430\u043b\u043e \u0432\u0440\u0435\u043c\u044f \u0440\u0435\u0448\u0430\u0442\u044c \u043f\u0430\u0440\u043d\u044e: \u043f\u0430\u043d \u0438\u043b\u0438 \u043f\u0440\u043e\u043f\u0430\u043b?</p>", "avatar": "/home/ctulhu/anylist/anylist/media/21405.jpg", "genres": [3]}, "pk": 5, "model": "apps.production"}, {"fields": {"title": "Captain Earth", "pub_date": "2014-06-08T00:00:00Z", "old_limit": 1, "description": "<p>\u0418\u0441\u0442\u043e\u0440\u0438\u044f \u0440\u0430\u0437\u0432\u043e\u0440\u0430\u0447\u0438\u0432\u0430\u0435\u0442\u0441\u044f \u0432\u043e\u043a\u0440\u0443\u0433 \u0443\u0447\u0435\u043d\u0438\u043a\u0430 \u0441\u0442\u0430\u0440\u0448\u0435\u0439 \u0448\u043a\u043e\u043b\u044b <a href=\"http://shikimori.org/characters/97473-Daichi-Manatsu\">\u0414\u0430\u0438\u0447\u0438 \u041c\u0430\u043d\u0430\u0446\u0443</a>, \u043e\u0442\u0435\u0446 \u043a\u043e\u0442\u043e\u0440\u043e\u0433\u043e \u0431\u044b\u043b \u0430\u0441\u0442\u0440\u043e\u043d\u0430\u0432\u0442\u043e\u043c \u0438 \u043f\u043e\u0433\u0438\u0431 \u0432 \u0440\u0435\u0437\u0443\u043b\u044c\u0442\u0430\u0442\u0435 \u043d\u0435\u0441\u0447\u0430\u0441\u0442\u043d\u043e\u0433\u043e \u0441\u043b\u0443\u0447\u0430\u044f.</p><p>\u041e\u0434\u043d\u0430\u0436\u0434\u044b \u0432\u0435\u0447\u0435\u0440\u043e\u043c \u043e\u043d \u0432\u0438\u0434\u0438\u0442 \u043f\u043e \u0442\u0435\u043b\u0435\u0432\u0438\u0437\u043e\u0440\u0443 \u0441\u0442\u0440\u0430\u043d\u043d\u0443\u044e \u0440\u0430\u0434\u0443\u0433\u0443, \u0447\u0442\u043e \u0437\u0430\u0432\u0438\u0441\u043b\u0430 \u043d\u0430\u0434 \u043e\u0441\u0442\u0440\u043e\u0432\u043e\u043c \u0422\u0430\u043d\u0435\u0433\u0430\u0441\u0438\u043c\u0430. \u0423\u0432\u0438\u0434\u0435\u043d\u043d\u043e\u0435 \u043f\u0440\u043e\u0431\u0443\u0436\u0434\u0430\u0435\u0442 \u0432 \u043d\u0435\u043c \u0441\u0442\u0430\u0440\u044b\u0435 \u0432\u043e\u0441\u043f\u043e\u043c\u0438\u043d\u0430\u043d\u0438\u044f, \u043e \u0442\u043e\u043c, \u0447\u0442\u043e \u043a\u043e\u0433\u0434\u0430-\u0442\u043e \u043e\u043d \u0443\u0436\u0435 \u0432\u0438\u0434\u0435\u043b \u044d\u0442\u0443 \u0440\u0430\u0434\u0443\u0433\u0443, \u0430 \u0442\u0430\u043a\u0436\u0435 \u043e \u0442\u0430\u0438\u043d\u0441\u0442\u0432\u0435\u043d\u043d\u043e\u043c \u0434\u0440\u0443\u0433\u0435 \u0438\u0437 \u0435\u0433\u043e \u0434\u0435\u0442\u0441\u0442\u0432\u0430 \u0438 \u0441\u0442\u0440\u0430\u043d\u043d\u043e\u0439 \u0434\u0435\u0432\u043e\u0447\u043a\u0435, \u043a\u043e\u0442\u043e\u0440\u0443\u044e \u043e\u043d\u0438 \u043d\u0430\u0448\u043b\u0438 \u043f\u043e\u0434 \u0437\u0430\u0431\u0440\u043e\u0448\u0435\u043d\u043d\u044b\u043c \u043a\u043e\u0441\u043c\u043e\u0434\u0440\u043e\u043c\u043e\u043c.</p><p>\u0412 \u043f\u043e\u0438\u0441\u043a\u0435 \u043e\u0442\u0432\u0435\u0442\u0430, \u0441\u0443\u0434\u044c\u0431\u0430 \u0432\u043e\u0437\u0432\u0440\u0430\u0449\u0430\u0435\u0442 <a href=\"http://shikimori.org/characters/97473-Daichi-Manatsu\">\u0414\u0430\u0438\u0447\u0438</a> \u043e\u0431\u0440\u0430\u0442\u043d\u043e \u043d\u0430 \u0422\u0430\u043d\u0435\u0433\u0430\u0441\u0438\u043c\u0443, \u043d\u0430 \u0442\u043e\u0442 \u0441\u0430\u043c\u044b\u0439 \u0437\u0430\u0431\u0440\u043e\u0448\u0435\u043d\u043d\u044b\u0439 \u043a\u043e\u0441\u043c\u043e\u0434\u0440\u043e\u043c.</p><p>\u0427\u0442\u043e \u0441\u043d\u043e\u0432\u0430 \u043d\u0430\u0439\u0434\u0435\u0442 <a href=\"http://shikimori.org/characters/97473-Daichi-Manatsu\">\u0414\u0430\u0438\u0447\u0438</a> \u0432 \u0433\u043b\u0443\u0431\u0438\u043d\u0430\u0445 \u043a\u043e\u0441\u043c\u043e\u0434\u0440\u043e\u043c\u0430? \u041a\u0430\u043a\u0438\u0435 \u0438\u0441\u043f\u044b\u0442\u0430\u043d\u0438\u044f \u043f\u0440\u0438\u0433\u043e\u0442\u043e\u0432\u0438\u043b\u0430 \u0441\u0443\u0434\u044c\u0431\u0430 \u0434\u043b\u044f \u043d\u0430\u0448\u0435\u0433\u043e \u0433\u0435\u0440\u043e\u044f? \u0418 \u0434\u0435\u0439\u0441\u0442\u0432\u0438\u0442\u0435\u043b\u044c\u043d\u043e \u043b\u0438 \u0435\u0433\u043e \u043e\u0442\u0435\u0446 \u043f\u043e\u0433\u0438\u0431 \u0432 \u0440\u0435\u0437\u0443\u043b\u044c\u0442\u0430\u0442\u0435 \u043d\u0435\u0441\u0447\u0430\u0441\u0442\u043d\u043e\u0433\u043e \u0441\u043b\u0443\u0447\u0430\u044f?..</p>", "avatar": "/home/ctulhu/anylist/anylist/media/21677.jpg", "genres": [20, 32, 34]}, "pk": 6, "model": "apps.production"}, {"fields": {"title": "Fairy Tail (2014)", "pub_date": "2014-06-08T00:00:00Z", "old_limit": 1, "description": "<p>\u0414\u043e\u043b\u0433\u043e\u0436\u0434\u0430\u043d\u043d\u043e\u0435 \u043f\u0440\u043e\u0434\u043e\u043b\u0436\u0435\u043d\u0438\u0435 \u0438\u0441\u0442\u043e\u0440\u0438\u0438 \u043e \u043f\u0440\u0438\u043a\u043b\u044e\u0447\u0435\u043d\u0438\u044f\u0445 <a href=\"http://shikimori.org/characters/5186-Lucy-Heartfilia\">\u041b\u044e\u0441\u0438</a>, <a href=\"http://shikimori.org/characters/5187-Natsu-Dragneel\">\u041d\u0430\u0442\u0441\u0443</a> \u0438 \u0441\u0430\u043c\u043e\u0439 \u0431\u0435\u0437\u0431\u0430\u0448\u0435\u043d\u043d\u043e\u0439 \u0433\u0438\u043b\u044c\u0434\u0438\u0438 \u0424\u0438\u043e\u0440\u0430 &mdash; &quot;Fairy tail&quot; \u043e\u0442 <a href=\"http://shikimori.org/person/1882-Hiro-Mashima\">\u0425\u0438\u0440\u043e \u041c\u0430\u0448\u0438\u043c\u044b</a>.</p><p>\u0412\u0435\u043b\u0438\u043a\u0438\u0435 \u043c\u0430\u0433\u0438\u0447\u0435\u0441\u043a\u0438\u0435 \u0438\u0433\u0440\u044b \u043f\u0440\u043e\u0434\u043e\u043b\u0436\u0430\u044e\u0442\u0441\u044f, \u0438 \u0444\u0438\u043d\u0430\u043b \u0443\u0436\u0435 \u0442\u0430\u043a \u0431\u043b\u0438\u0437\u043e\u043a! \u041a\u0442\u043e \u0436\u0435 \u043f\u043e\u043b\u0443\u0447\u0438\u0442 \u0433\u043b\u0430\u0432\u043d\u044b\u0439 \u043f\u0440\u0438\u0437 \u0438 \u0437\u0432\u0430\u043d\u0438\u0435 \u0441\u0438\u043b\u044c\u043d\u0435\u0439\u0448\u0435\u0439 \u0433\u0438\u043b\u044c\u0434\u0438\u0438? \u041a\u0430\u043a\u043e\u0435 \u043e\u0442\u043d\u043e\u0448\u0435\u043d\u0438\u0435 \u043a \u0438\u0433\u0440\u0430\u043c \u0438\u043c\u0435\u044e\u0442 \u0434\u0440\u0430\u043a\u043e\u043d\u044b? \u0427\u0442\u043e \u0437\u0430\u0434\u0443\u043c\u0430\u043b\u0438 \u043a\u043e\u0440\u043e\u043b\u0435\u0432\u0441\u043a\u0438\u0435 \u0432\u043e\u0439\u0441\u043a\u0430 \u0424\u0438\u043e\u0440\u0430, \u0438 \u043a\u0430\u043a \u0441 \u044d\u0442\u0438\u043c \u0441\u0432\u044f\u0437\u0430\u043d\u044b \u0437\u0430\u043a\u043b\u0438\u043d\u0430\u0442\u0435\u043b\u0438 \u0434\u0443\u0445\u043e\u0432? \u041d\u043e\u0432\u044b\u0435 \u043f\u0440\u0438\u043a\u043b\u044e\u0447\u0435\u043d\u0438\u044f, \u0433\u0435\u0440\u043e\u0438 \u0438 \u043a\u043e\u0432\u0430\u0440\u043d\u044b\u0435 \u0437\u043b\u043e\u0434\u0435\u0438 &mdash; \u044d\u0442\u043e \u0438 \u043c\u043d\u043e\u0433\u043e\u0435 \u0434\u0440\u0443\u0433\u043e\u0435 \u0432\u044b \u0443\u0432\u0438\u0434\u0438\u0442\u0435 \u0432 \u043d\u043e\u0432\u043e\u043c \u0441\u0435\u0437\u043e\u043d\u0435 Fairy tail!</p>", "avatar": "/home/ctulhu/anylist/anylist/media/22043.jpg", "genres": [1, 18, 26, 33, 34, 42]}, "pk": 7, "model": "apps.production"}, {"fields": {"title": "Mahouka Koukou no Rettousei", "pub_date": "2014-06-08T00:00:00Z", "old_limit": 1, "description": "<p>\u041c\u0430\u0433\u0438\u044f... \u0422\u0435\u043f\u0435\u0440\u044c \u044d\u0442\u043e \u0440\u0435\u0430\u043b\u044c\u043d\u0430\u044f \u0442\u0435\u0445\u043d\u043e\u043b\u043e\u0433\u0438\u044f, \u043e\u0442\u043a\u0440\u044b\u0442\u0430\u044f \u0443\u0447\u0435\u043d\u044b\u043c\u0438. \u0414\u043b\u044f \u043e\u0431\u0443\u0447\u0435\u043d\u0438\u044f \u0431\u0443\u0434\u0443\u0449\u0438\u0445 \u0412\u043e\u043b\u0448\u0435\u0431\u043d\u0438\u043a\u043e\u0432 (\u0421\u043f\u0435\u0446\u0438\u0430\u043b\u0438\u0441\u0442\u043e\u0432 \u041c\u0430\u0433\u0438\u0438) \u0433\u043e\u0441\u0443\u0434\u0430\u0440\u0441\u0442\u0432\u0430 \u043e\u0442\u043a\u0440\u044b\u043b\u043e \u043d\u0435\u0441\u043a\u043e\u043b\u044c\u043a\u043e \u0448\u043a\u043e\u043b \u0438 \u0443\u043d\u0438\u0432\u0435\u0440\u0441\u0438\u0442\u0435\u0442.</p><p>\u041d\u0435\u043f\u0443\u0442\u0451\u0432\u044b\u0439 \u0441\u0442\u0430\u0440\u0448\u0438\u0439 \u0431\u0440\u0430\u0442 <a href=\"http://shikimori.org/characters/55743-Tatsuya-Shiba\">\u0422\u0430\u0446\u0443\u044f</a> \u0438 \u0435\u0433\u043e \u0431\u0435\u0437\u0443\u043f\u0440\u0435\u0447\u043d\u0430\u044f \u043c\u043b\u0430\u0434\u0448\u0430\u044f \u0441\u0435\u0441\u0442\u0440\u0451\u043d\u043a\u0430 <a href=\"http://shikimori.org/characters/55741-Miyuki-Shiba\">\u041c\u0438\u044e\u043a\u0438</a> \u043f\u043e\u0441\u0442\u0443\u043f\u0438\u043b\u0438 \u0432 \u043e\u0434\u043d\u0443 \u0438\u0437 \u0421\u0442\u0430\u0440\u0448\u0438\u0445 \u0428\u043a\u043e\u043b \u041c\u0430\u0433\u0438\u0438. \u0421 \u044d\u0442\u043e\u0433\u043e \u043c\u043e\u043c\u0435\u043d\u0442\u0430 \u0443 \u043d\u0438\u0445 \u043d\u0430\u0447\u0438\u043d\u0430\u0435\u0442\u0441\u044f \u043d\u043e\u0432\u0430\u044f \u0443\u0434\u0438\u0432\u0438\u0442\u0435\u043b\u044c\u043d\u0430\u044f \u0436\u0438\u0437\u043d\u044c - \u043d\u043e\u0432\u044b\u0435 \u0434\u0440\u0443\u0437\u044c\u044f \u0438 \u0432\u0440\u0430\u0433\u0438, \u0440\u0430\u0431\u043e\u0442\u0430 \u0432 \u0448\u043a\u043e\u043b\u044c\u043d\u043e\u043c \u0441\u043e\u0432\u0435\u0442\u0435 \u0438 \u0434\u0440.</p>", "avatar": "/home/ctulhu/anylist/anylist/media/20785.jpg", "genres": [1, 18, 29, 32, 41, 43]}, "pk": 8, "model": "apps.production"}, {"fields": {"title": "Mangaka-san to Assistant-san to The Animation", "pub_date": "2014-06-08T00:00:00Z", "old_limit": 1, "description": "<p>\u041c\u0430\u043d\u0433\u0430\u043a\u0430 <a href=\"http://shikimori.org/characters/43467-Yuuki-Aito\">\u042e\u043a\u0438 \u0410\u0438\u0442\u043e</a> \u043d\u0435 \u043f\u043e\u043d\u0438\u043c\u0430\u0435\u0442 \u0447\u0443\u0432\u0441\u0442\u0432 \u043f\u0435\u0440\u0441\u043e\u043d\u0430\u0436\u0435\u0439 \u0441\u043e\u0431\u0441\u0442\u0432\u0435\u043d\u043d\u044b\u0445 \u0438\u0441\u0442\u043e\u0440\u0438\u0439, \u0438 \u043f\u0440\u043e\u0441\u0438\u0442 \u0430\u0441\u0441\u0438\u0441\u0442\u0435\u043d\u0442\u043a\u0443 <a href=\"http://shikimori.org/characters/33017-Sahoto-Ashisu\">\u0410\u0448\u0438\u0441\u0443</a> \u043f\u043e\u043c\u043e\u0447\u044c. \u041e\u043d\u0430 \u0436\u0435 \u0433\u043e\u0442\u043e\u0432\u0430 \u043d\u0430 \u0432\u0441\u0435 \u0440\u0430\u0434\u0438 \u0440\u0430\u0431\u043e\u0442\u044b! \u0414\u0430\u0436\u0435 \u043f\u043e\u0437\u0432\u043e\u043b\u0438\u0442\u044c <a href=\"http://shikimori.org/characters/43467-Yuuki-Aito\">\u0410\u0438\u0442\u043e</a> \u043f\u0440\u0438\u043a\u043e\u0441\u043d\u0443\u0442\u044c\u0441\u044f \u043a \u0435\u0451 \u0433\u0440\u0443\u0434\u0438, \u0447\u0442\u043e\u0431\u044b \u043e\u043d \u043c\u043e\u0433 \u043f\u0440\u043e\u0447\u0443\u0432\u0441\u0442\u0432\u043e\u0432\u0430\u0442\u044c \u044d\u0442\u0438 \u043e\u0449\u0443\u0449\u0435\u043d\u0438\u044f!</p><p>\u041f\u0440\u0438\u0432\u044b\u0447\u043a\u0430?! \u0418\u0437\u0432\u0440\u0430\u0449\u0435\u043d\u0438\u0435? \u041a\u0430\u043a \u0436\u0435 \u0438\u0445 \u043f\u043e\u043d\u044f\u0442\u044c??...</p><p>\u041a\u043e\u043c\u0435\u0434\u0438\u044f \u043e \u0431\u0435\u0437\u0443\u043c\u043d\u043e\u0439 \u043f\u043e\u0432\u0441\u0435\u0434\u043d\u0435\u0432\u043d\u043e\u0441\u0442\u0438 \u043c\u0430\u043d\u0433\u0430\u043a\u0438 \u0438 \u0435\u0433\u043e \u0430\u0441\u0441\u0438\u0441\u0442\u0435\u043d\u0442\u043a\u0438 \u0432\u043e \u0432\u0441\u0435\u0439 \u043a\u0440\u0430\u0441\u0435!</p>", "avatar": "/home/ctulhu/anylist/anylist/media/21863.jpg", "genres": [3, 24, 36, 42, 44]}, "pk": 9, "model": "apps.production"}, {"fields": {"title": "Mekakucity Actors", "pub_date": "2014-06-08T00:00:00Z", "old_limit": 1, "description": "<p><a href=\"http://shikimori.org/characters/67167-Shintaro-Kisaragi\">\u0428\u0438\u043d\u0442\u0430\u0440\u043e \u041a\u0438\u0441\u0430\u0440\u0430\u0433\u0438</a> - 18-\u043b\u0435\u0442\u043d\u0438\u0439 \u0445\u0438\u043a\u043a\u0438\u043a\u043e\u043c\u043e\u0440\u0438, \u043a\u043e\u0442\u043e\u0440\u044b\u0439 \u0443\u0436\u0435 \u0434\u0432\u0430 \u0433\u043e\u0434\u0430 \u043d\u0435 \u0432\u044b\u0445\u043e\u0434\u0438\u0442 \u0438\u0437 \u0441\u0432\u043e\u0435\u0439 \u043a\u043e\u043c\u043d\u0430\u0442\u044b. \u0412\u0441\u0435 \u0431\u044b\u043b\u043e \u043d\u043e\u0440\u043c\u0430\u043b\u044c\u043d\u043e, \u043f\u043e\u043a\u0430 \u043e\u043d \u043d\u0435 \u043f\u043e\u0432\u0441\u0442\u0440\u0435\u0447\u0430\u043b \u043a\u0438\u0431\u0435\u0440-\u0434\u0435\u0432\u0443\u0448\u043a\u0443 \u043f\u043e \u0438\u043c\u0435\u043d\u0438 \u042d\u043d\u044d, \u043a\u043e\u0442\u043e\u0440\u0430\u044f \u0432\u043d\u0435\u0437\u0430\u043f\u043d\u043e \u043f\u043e\u044f\u0432\u0438\u043b\u0430\u0441\u044c \u043d\u0430 \u044d\u043a\u0440\u0430\u043d\u0435 \u0435\u0433\u043e \u043a\u043e\u043c\u043f\u044c\u044e\u0442\u0435\u0440\u0430. \u0418\u0437-\u0437\u0430 \u043d\u0435\u0435 <a href=\"http://shikimori.org/characters/67167-Shintaro-Kisaragi\">\u0428\u0438\u043d\u0442\u0430\u0440\u043e</a>-\u043a\u0443\u043d \u043f\u0440\u043e\u043b\u0438\u043b \u0432\u043e\u0434\u0443 \u043d\u0430 \u043a\u043b\u0430\u0432\u0438\u0430\u0442\u0443\u0440\u0443. \u0423\u0432\u044b, \u043e\u043d\u0430 \u0441\u043b\u043e\u043c\u0430\u043b\u0430\u0441\u044c... \u041d\u0443\u0436\u043d\u0430 \u043d\u043e\u0432\u0430\u044f \u043a\u043b\u0430\u0432\u0438\u0430\u0442\u0443\u0440\u0430! \u042e\u043d\u043e\u0448\u0435 \u043f\u0440\u0438\u0448\u043b\u043e\u0441\u044c \u043f\u0435\u0440\u0432\u044b\u0439 \u0440\u0430\u0437 \u0437\u0430 \u0434\u0432\u0430 \u0433\u043e\u0434\u0430 \u0432\u044b\u0439\u0442\u0438 \u043d\u0430 \u0443\u043b\u0438\u0446\u0443. \u0418 \u0432\u043e\u0442 \u043e\u043d \u0438\u0434\u0435\u0442 \u0432 \u0443\u043d\u0438\u0432\u0435\u0440\u043c\u0430\u0433 \u0437\u0430 \u043d\u043e\u0432\u044b\u043c \u043e\u0431\u043e\u0440\u0443\u0434\u043e\u0432\u0430\u043d\u0438\u0435\u043c, \u0433\u0434\u0435 \u0432\u0441\u0442\u0440\u0435\u0447\u0430\u0435\u0442 \u0433\u0440\u0443\u043f\u043f\u0443 \u043f\u0440\u0435\u0441\u0442\u0443\u043f\u043d\u0438\u043a\u043e\u0432 \u0438 \u043d\u0435\u0441\u043a\u043e\u043b\u044c\u043a\u0438\u0445 \u043b\u044e\u0434\u0435\u0439, \u043a\u043e\u0442\u043e\u0440\u044b\u0435 \u043d\u0430\u0437\u044b\u0432\u0430\u044e\u0442 \u0441\u0435\u0431\u044f &quot;\u041e\u0441\u043b\u0435\u043f\u043b\u044f\u044e\u0449\u0435\u0439 \u0431\u0430\u043d\u0434\u043e\u0439&quot;, \u0445\u0440\u0430\u0431\u0440\u043e \u0441\u0440\u0430\u0436\u0430\u044f\u0441\u044c \u0441 \u043f\u0440\u0435\u0441\u0442\u0443\u043f\u043d\u0438\u043a\u0430\u043c\u0438. &quot;\u0411\u0430\u043d\u0434\u0430&quot; \u043f\u0440\u0435\u0434\u043b\u0430\u0433\u0430\u0435\u0442 <a href=\"http://shikimori.org/characters/67167-Shintaro-Kisaragi\">\u0428\u0438\u043d\u0442\u0430\u0440\u043e</a> \u043f\u0440\u0438\u0441\u043e\u0435\u0434\u0438\u043d\u0438\u0442\u044c\u0441\u044f \u043a \u043d\u0438\u043c.</p><p>\u0417\u043d\u0430\u0435\u0442\u0435 \u043b\u0438, \u043d\u0430\u0432\u0435\u0440\u043d\u043e\u0435 \u0432\u0441\u0435 \u044d\u0442\u043e \u043d\u0435 \u0441\u043b\u0443\u0447\u0430\u0439\u043d\u043e...</p>", "avatar": "/home/ctulhu/anylist/anylist/media/21603.jpg", "genres": [29, 32]}, "pk": 10, "model": "apps.production"}, {"fields": {"title": "Mushishi Zoku Shou", "pub_date": "2014-06-08T00:00:00Z", "old_limit": 2, "description": "<p>\u0414\u0430\u0432\u043d\u044b\u043c-\u0434\u0430\u0432\u043d\u043e \u043d\u0430 \u0437\u0435\u043c\u043b\u0435 \u0431\u044b\u043b\u0438 \u0442\u043e\u043b\u044c\u043a\u043e \u043e\u043d\u0438. \u0412\u043e\u0437\u043c\u043e\u0436\u043d\u043e, \u043e\u043d\u0438 \u0441\u0443\u0449\u0435\u0441\u0442\u0432\u043e\u0432\u0430\u043b\u0438 \u0435\u0449\u0451 \u0434\u043e \u0437\u0430\u0440\u043e\u0436\u0434\u0435\u043d\u0438\u044f \u0441\u0430\u043c\u043e\u0439 \u0436\u0438\u0437\u043d\u0438, \u0445\u043e\u0442\u044f \u043e\u043d\u0438 \u0438 \u0435\u0441\u0442\u044c \u0436\u0438\u0437\u043d\u044c. \u041d\u0435 \u043f\u043e\u0445\u043e\u0436\u0438\u0435 \u043d\u0438 \u043d\u0430 \u0447\u0442\u043e. \u0418\u0441\u043f\u043e\u043a\u043e\u043d \u0432\u0435\u043a\u043e\u0432 \u043b\u044e\u0434\u0438 \u043f\u043e\u0447\u0438\u0442\u0430\u043b\u0438 \u0438 \u0431\u043e\u044f\u043b\u0438\u0441\u044c \u0438\u0445 \u0438 \u043d\u0430\u0437\u044b\u0432\u0430\u043b\u0438 \u0438\u0445 &laquo;\u041c\u0443\u0441\u0438&raquo;. \u041e\u043d\u0438 \u043c\u043e\u0433\u0443\u0442 \u0432\u043b\u0438\u044f\u0442\u044c \u043d\u0430 \u0436\u0438\u0437\u043d\u044c, \u0430 \u043c\u043e\u0433\u0443\u0442 \u043f\u0440\u043e\u0441\u0442\u043e \u043e\u0441\u0442\u0430\u0432\u0430\u0442\u044c\u0441\u044f \u0432 \u0441\u0442\u043e\u0440\u043e\u043d\u0435. \u0427\u0442\u043e\u0431\u044b \u0438\u0437\u0431\u0435\u0436\u0430\u0442\u044c \u0438\u0445 \u043f\u0430\u0433\u0443\u0431\u043d\u043e\u0433\u043e \u0432\u043e\u0437\u0434\u0435\u0439\u0441\u0442\u0432\u0438\u044f, \u043f\u043e\u044f\u0432\u0438\u043b\u0438\u0441\u044c \u043b\u044e\u0434\u0438, \u043d\u0430\u0437\u044b\u0432\u0430\u0435\u043c\u044b\u0435 \u041c\u0430\u0441\u0442\u0435\u0440\u0430 \u041c\u0443\u0441\u0438.</p><p>\u042d\u0442\u0430 \u0438\u0441\u0442\u043e\u0440\u0438\u044f \u043e\u0431 \u043e\u0434\u043d\u043e\u043c \u0438\u0437 \u0442\u0430\u043a\u0438\u0445 \u043c\u0430\u0441\u0442\u0435\u0440\u043e\u0432, <a href=\"http://shikimori.org/characters/425-Ginko\">\u0413\u0438\u043d\u043a\u043e</a>, \u043a\u043e\u0442\u043e\u0440\u044b\u0439, \u043e\u0434\u043d\u0430\u043a\u043e, \u0441\u0438\u043b\u044c\u043d\u043e \u043e\u0442\u043b\u0438\u0447\u0430\u0435\u0442\u0441\u044f \u043e\u0442 \u043e\u0441\u0442\u0430\u043b\u044c\u043d\u044b\u0445. \u0421\u043f\u043e\u043a\u043e\u0439\u043d\u044b\u0439 \u0438 \u043c\u0430\u043b\u043e\u044d\u043c\u043e\u0446\u0438\u043e\u043d\u0430\u043b\u044c\u043d\u044b\u0439, \u043e\u043d \u0441\u043b\u0435\u0434\u0443\u0435\u0442 \u0441\u0432\u043e\u0438\u043c \u0441\u043e\u0431\u0441\u0442\u0432\u0435\u043d\u043d\u044b\u043c \u0432\u043e\u0437\u0437\u0440\u0435\u043d\u0438\u044f\u043c \u0438 \u0441\u0442\u0430\u0440\u0430\u0435\u0442\u0441\u044f \u043d\u0435 \u0432\u043e\u0437\u0434\u0435\u0439\u0441\u0442\u0432\u043e\u0432\u0430\u0442\u044c \u043d\u0430 \u043c\u0438\u0440 \u041c\u0443\u0441\u0438. \u0421\u0442\u0440\u0430\u043d\u0441\u0442\u0432\u0443\u044f, \u043e\u043d \u043f\u044b\u0442\u0430\u0435\u0442\u0441\u044f \u043d\u0430\u0439\u0442\u0438 \u043e\u0442\u0432\u0435\u0442\u044b \u043d\u0430 \u0432\u043e\u043f\u0440\u043e\u0441\u044b, \u0433\u043b\u043e\u0436\u0443\u0449\u0438\u0435 \u0435\u0433\u043e \u0441 \u0434\u0435\u0442\u0441\u0442\u0432\u0430. \u041d\u043e \u0443\u0434\u0430\u0441\u0442\u0441\u044f \u043b\u0438 \u0435\u043c\u0443 \u044d\u0442\u043e?</p>", "avatar": "/home/ctulhu/anylist/anylist/media/21939.jpg", "genres": [3, 21, 26, 29]}, "pk": 11, "model": "apps.production"}, {"fields": {"title": "No Game No Life", "pub_date": "2014-06-08T00:00:00Z", "old_limit": 5, "description": "<p>\u0418\u0441\u0442\u043e\u0440\u0438\u044f &laquo;No Game, No Life&raquo; \u0444\u043e\u043a\u0443\u0441\u0438\u0440\u0443\u0435\u0442\u0441\u044f \u043d\u0430 <a href=\"http://shikimori.org/characters/82523-Sora\">\u0421\u043e\u0440\u0435</a> \u0438 <a href=\"http://shikimori.org/characters/82525-Shiro\">\u0428\u0438\u0440\u043e</a>, \u0431\u0440\u0430\u0442\u0435 \u0438 \u0441\u0435\u0441\u0442\u0440\u0435, \u0440\u0435\u043f\u0443\u0442\u0430\u0446\u0438\u044f \u043a\u043e\u0442\u043e\u0440\u044b\u0445 \u043a\u0430\u043a \u0431\u0435\u0437\u0443\u043f\u0440\u0435\u0447\u043d\u044b\u0445 NEET, \u0445\u0438\u043a\u0438\u043a\u043e\u043c\u043e\u0440\u0438 \u0438 \u0433\u0435\u0439\u043c\u0435\u0440\u043e\u0432 \u043f\u043e\u0440\u043e\u0434\u0438\u043b\u0430 \u043b\u0435\u0433\u0435\u043d\u0434\u044b \u043f\u043e \u0432\u0441\u0435\u043c\u0443 \u0438\u043d\u0442\u0435\u0440\u043d\u0435\u0442\u0443. \u042d\u0442\u0438 \u0434\u0432\u0430 \u0433\u0435\u0439\u043c\u0435\u0440\u0430 \u0440\u0430\u0441\u0441\u043c\u0430\u0442\u0440\u0438\u0432\u0430\u044e\u0442 \u0440\u0435\u0430\u043b\u044c\u043d\u0443\u044e \u0436\u0438\u0437\u043d\u044c \u043a\u0430\u043a \u043e\u0447\u0435\u0440\u0435\u0434\u043d\u0443\u044e &laquo;\u043e\u0442\u0441\u0442\u043e\u0439\u043d\u0443\u044e \u0438\u0433\u0440\u0443&raquo;. \u041e\u0434\u043d\u0430\u0436\u0434\u044b \u043f\u0430\u0440\u0435\u043d\u044c, \u0438\u043c\u0435\u043d\u0443\u0435\u043c\u044b\u0439 &laquo;\u0411\u043e\u0433\u043e\u043c&raquo;, \u043f\u0440\u0438\u0437\u0432\u0430\u043b \u0438\u0445 \u0432 \u0430\u043b\u044c\u0442\u0435\u0440\u043d\u0430\u0442\u0438\u0432\u043d\u044b\u0439 \u043c\u0438\u0440. \u0422\u0430\u043c \u043e\u043d \u0437\u0430\u043f\u0440\u0435\u0442\u0438\u043b \u0432\u043e\u0439\u043d\u044b \u0438 \u0437\u0430\u044f\u0432\u0438\u043b, \u0447\u0442\u043e \u044d\u0442\u043e \u043c\u0438\u0440, \u0432 \u043a\u043e\u0442\u043e\u0440\u043e\u043c &laquo;\u0432\u0441\u0451 \u0440\u0435\u0448\u0430\u044e\u0442 \u0438\u0433\u0440\u044b&raquo;, \u0434\u0430\u0436\u0435 \u043d\u0430\u0446\u0438\u043e\u043d\u0430\u043b\u044c\u043d\u044b\u0435 \u0433\u0440\u0430\u043d\u0438\u0446\u044b. \u0427\u0435\u043b\u043e\u0432\u0435\u0447\u0435\u0441\u0442\u0432\u043e \u0431\u044b\u043b\u043e \u0432\u044b\u0442\u0435\u0441\u043d\u0435\u043d\u043e \u0434\u0440\u0443\u0433\u0438\u043c\u0438 \u0440\u0430\u0441\u0430\u043c\u0438 \u0432 \u0435\u0434\u0438\u043d\u0441\u0442\u0432\u0435\u043d\u043d\u044b\u0439 \u043e\u0441\u0442\u0430\u0432\u0448\u0438\u0439\u0441\u044f \u0433\u043e\u0440\u043e\u0434. \u0421\u0442\u0430\u043d\u0443\u0442 \u043b\u0438 \u043d\u0438 \u043d\u0430 \u0447\u0442\u043e \u043d\u0435 \u0433\u043e\u0434\u043d\u044b\u0435 <a href=\"http://shikimori.org/characters/82523-Sora\">\u0421\u043e\u0440\u0430</a> \u0438 <a href=\"http://shikimori.org/characters/82525-Shiro\">\u0428\u0438\u0440\u043e</a> &laquo;\u0441\u043f\u0430\u0441\u0438\u0442\u0435\u043b\u044f\u043c\u0438 \u0447\u0435\u043b\u043e\u0432\u0435\u0447\u0435\u0441\u0442\u0432\u0430&raquo; \u0432 \u044d\u0442\u043e\u043c \u0430\u043b\u044c\u0442\u0435\u0440\u043d\u0430\u0442\u0438\u0432\u043d\u043e\u043c \u043c\u0438\u0440\u0435?</p><p>&laquo;\u041d\u0443 \u0447\u0442\u043e \u0436, \u043d\u0430\u0447\u043d\u0451\u043c \u0438\u0433\u0440\u0443.&raquo;</p>", "avatar": "/home/ctulhu/anylist/anylist/media/19815.jpg", "genres": [26, 29, 33, 36, 42]}, "pk": 12, "model": "apps.production"}, {"fields": {"title": "Ryuugajou Nanana no Maizoukin (TV)", "pub_date": "2014-06-08T00:00:00Z", "old_limit": 1, "description": "<p>\u0418\u0441\u0442\u043e\u0440\u0438\u044f \u0441\u043e\u0441\u0440\u0435\u0434\u043e\u0442\u0430\u0447\u0438\u0432\u0430\u0435\u0442\u0441\u044f \u0432\u043e\u043a\u0440\u0443\u0433 \u0441\u043e\u043a\u0440\u043e\u0432\u0438\u0449\u0430 <a href=\"http://shikimori.org/characters/96777-Nanana-Ryuugajou\">\u041d\u0430\u043d\u0430\u043d\u044b</a> &ndash; \u043f\u0440\u0438\u0437\u0440\u0430\u043a\u0430 \u043f\u0440\u0435\u043a\u0440\u0430\u0441\u043d\u043e\u0439 \u0434\u0435\u0432\u0443\u0448\u043a\u0438, \u043d\u0435\u043a\u043e\u0433\u0434\u0430 \u0431\u044b\u0432\u0448\u0435\u0439 NEET-\u043e\u043c.</p><p>\u041e\u0442\u0435\u0446 \u0414\u0437\u044e\u0433\u043e \u043e\u0442\u043a\u0430\u0437\u0430\u043b\u0441\u044f \u043e\u0442 \u043d\u0435\u0433\u043e, \u0438\u0437-\u0437\u0430 \u0447\u0435\u0433\u043e \u043f\u0430\u0440\u0435\u043d\u044c \u0432\u044b\u043d\u0443\u0436\u0434\u0435\u043d \u0431\u044b\u043b \u043f\u0435\u0440\u0435\u0432\u0435\u0441\u0442\u0438\u0441\u044c \u0432 &laquo;\u0421\u043f\u0435\u0446\u0438\u0430\u043b\u044c\u043d\u0443\u044e \u0441\u0442\u0443\u0434\u0435\u043d\u0447\u0435\u0441\u043a\u0443\u044e \u0437\u043e\u043d\u0443&raquo;, \u044f\u0432\u043b\u044f\u044e\u0449\u0443\u044e\u0441\u044f \u0438\u0441\u043a\u0443\u0441\u0441\u0442\u0432\u0435\u043d\u043d\u044b\u043c \u043e\u0441\u0442\u0440\u043e\u0432\u043e\u043c. \u041d\u0430 \u0436\u0438\u0437\u043d\u044c \u0433\u043b\u0430\u0432\u043d\u043e\u043c\u0443 \u0433\u0435\u0440\u043e\u044e \u043e\u0442\u0432\u0435\u0434\u0435\u043d\u043e \u043b\u0438\u0448\u044c 40 \u0442\u044b\u0441\u044f\u0447 \u0438\u0435\u043d \u0432 \u043c\u0435\u0441\u044f\u0446, \u043f\u043e\u044d\u0442\u043e\u043c\u0443 \u0414\u0437\u044e\u0433\u043e \u0430\u0440\u0435\u043d\u0434\u0443\u0435\u0442 \u0441\u0430\u043c\u0443\u044e \u0434\u0435\u0448\u0435\u0432\u0443\u044e \u043a\u0432\u0430\u0440\u0442\u0438\u0440\u0443. \u0418\u043c\u0435\u043d\u043d\u043e \u044d\u0442\u0443 \u043a\u0432\u0430\u0440\u0442\u0438\u0440\u0443 \u043e\u0431\u043b\u044e\u0431\u043e\u0432\u0430\u043b\u0430 \u0434\u043b\u044f \u0441\u0435\u0431\u044f <a href=\"http://shikimori.org/characters/96777-Nanana-Ryuugajou\">\u041d\u0430\u043d\u0430\u043d\u0430</a> \u0435\u0449\u0435 \u0437\u0430\u0434\u043e\u043b\u0433\u043e \u0434\u043e \u0437\u0430\u0441\u0435\u043b\u0435\u043d\u0438\u044f \u0414\u0437\u044e\u0433\u043e; \u0437\u0434\u0435\u0441\u044c \u0436\u0435 \u0438 \u043f\u0440\u043e\u0438\u0441\u0445\u043e\u0434\u0438\u0442 \u0438\u0445 \u043f\u0435\u0440\u0432\u0430\u044f \u0432\u0441\u0442\u0440\u0435\u0447\u0430.</p><p>\u0412\u043c\u0435\u0441\u0442\u0435 \u0441\u043e \u0441\u0432\u043e\u0438\u043c\u0438 \u043e\u0434\u043d\u043e\u043a\u043b\u0430\u0441\u0441\u043d\u0438\u043a\u0430\u043c\u0438, \u0447\u043b\u0435\u043d\u0430\u043c\u0438 \u043a\u043b\u0443\u0431\u0430 \u043f\u0440\u0438\u043a\u043b\u044e\u0447\u0435\u043d\u0438\u0439, \u0414\u0437\u044e\u0433\u043e \u043d\u0430\u0447\u0438\u043d\u0430\u0435\u0442 \u0438\u0441\u043a\u0430\u0442\u044c \u043d\u0430 \u043e\u0441\u0442\u0440\u043e\u0432\u0435 \u0441\u043e\u043a\u0440\u043e\u0432\u0438\u0449\u0435 &laquo;\u041a\u043e\u043b\u043b\u0435\u043a\u0446\u0438\u044f <a href=\"http://shikimori.org/characters/96777-Nanana-Ryuugajou\">\u041d\u0430\u043d\u0430\u043d\u044b</a>&raquo;, \u043a\u043e\u0442\u043e\u0440\u043e\u0435 \u0434\u043e\u043b\u0436\u043d\u043e \u043e\u0431\u043b\u0430\u0434\u0430\u0442\u044c \u043c\u0438\u0441\u0442\u0438\u0447\u0435\u0441\u043a\u043e\u0439 \u0441\u0438\u043b\u043e\u0439.</p>", "avatar": "/home/ctulhu/anylist/anylist/media/21561.jpg", "genres": [29, 42, 43]}, "pk": 13, "model": "apps.production"}, {"fields": {"title": "Selector Infected WIXOSS", "pub_date": "2014-06-08T00:00:00Z", "old_limit": 2, "description": "<p>WIXOSS - \u044d\u0442\u043e \u043e\u0447\u0435\u043d\u044c \u043f\u043e\u043f\u0443\u043b\u044f\u0440\u043d\u0430\u044f \u043a\u0430\u0440\u0442\u043e\u0447\u043d\u0430\u044f \u0438\u0433\u0440\u0430 \u0441\u0440\u0435\u0434\u0438 \u0434\u0435\u0432\u043e\u0447\u0435\u043a \u0432 \u042f\u043f\u043e\u043d\u0438\u0438. \u0413\u043e\u0432\u043e\u0440\u044f\u0442, \u0447\u0442\u043e \u0432 \u044d\u0442\u043e\u0439 \u0438\u0433\u0440\u0435 \u0441\u0443\u0449\u0435\u0441\u0442\u0432\u0443\u0435\u0442 \u043e\u0441\u043e\u0431\u0435\u043d\u043d\u044b\u0439 \u0432\u0438\u0434 \u043a\u0430\u0440\u0442 - &laquo;\u0420\u0443\u043b\u0438\u0433&raquo;, \u0441 \u0436\u0438\u0432\u044b\u043c\u0438 \u0436\u0435\u043d\u0441\u043a\u0438\u043c\u0438 \u043f\u0435\u0440\u0441\u043e\u043d\u0430\u0436\u0430\u043c\u0438, \u043a\u043e\u0442\u043e\u0440\u044b\u0435 \u0438\u043c\u0435\u044e\u0442 \u0441\u043e\u0431\u0441\u0442\u0432\u0435\u043d\u043d\u0443\u044e \u0432\u043e\u043b\u044e \u0438 \u0436\u0435\u043b\u0430\u043d\u0438\u044f. \u041e\u0431\u043b\u0430\u0434\u0430\u0442\u0435\u043b\u0435\u0439 \u0442\u0430\u043a\u0438\u0445 \u043a\u0430\u0440\u0442 \u043d\u0430\u0437\u044b\u0432\u0430\u044e\u0442 &laquo;\u0421\u0435\u043b\u0435\u043a\u0442\u043e\u0440\u0430\u043c\u0438&raquo;, \u0438 \u0442\u043e\u043b\u044c\u043a\u043e \u043e\u043d\u0438 \u043c\u043e\u0433\u0443\u0442 \u0432\u0438\u0434\u0435\u0442\u044c \u0438 \u0441\u043b\u044b\u0448\u0430\u0442\u044c \u044d\u0442\u0438\u0445 \u043f\u0435\u0440\u0441\u043e\u043d\u0430\u0436\u0435\u0439. \u0421 \u043f\u043e\u043c\u043e\u0449\u044c\u044e \u0434\u0430\u043d\u043d\u044b\u0445 \u043a\u0430\u0440\u0442 \u0438\u0433\u0440\u043e\u043a\u0438 \u043c\u043e\u0433\u0443\u0442 \u043f\u0435\u0440\u0435\u043c\u0435\u0449\u0430\u0442\u044c\u0441\u044f \u0432 \u043d\u0435\u0434\u043e\u0441\u0442\u0443\u043f\u043d\u043e\u0435 \u0434\u043b\u044f \u043e\u0441\u0442\u0430\u043b\u044c\u043d\u044b\u0445 \u043b\u044e\u0434\u0435\u0439 \u043f\u0430\u0440\u0430\u043b\u043b\u0435\u043b\u044c\u043d\u043e\u0435 \u0438\u0437\u043c\u0435\u0440\u0435\u043d\u0438\u0435, \u0432 \u043a\u043e\u0442\u043e\u0440\u043e\u043c \u043f\u0440\u043e\u0432\u043e\u0434\u044f\u0442\u0441\u044f \u0441\u0440\u0430\u0436\u0435\u043d\u0438\u044f. \u041f\u043e\u0431\u0435\u0434\u0438\u0442\u0435\u043b\u044c\u043d\u0438\u0446\u0430 \u0438\u0433\u0440\u044b \u0441\u0442\u0430\u043d\u0435\u0442 \u0414\u0435\u0432\u043e\u0439 \u0413\u0440\u0451\u0437 \u0438 \u0441\u043c\u043e\u0436\u0435\u0442 \u0432\u043e\u043f\u043b\u043e\u0442\u0438\u0442\u044c \u0441\u0432\u043e\u0451 \u0441\u0430\u043c\u043e\u0435 \u0441\u043e\u043a\u0440\u043e\u0432\u0435\u043d\u043d\u043e\u0435 \u0436\u0435\u043b\u0430\u043d\u0438\u0435.</p><p><a href=\"http://shikimori.org/characters/99833-Ruuko-Kominato\">\u0420\u0443\u043a\u043e \u041a\u043e\u043c\u0438\u043d\u0430\u0442\u043e</a> - \u0442\u0438\u0445\u0430\u044f \u0438 \u0441\u0442\u0435\u0441\u043d\u0438\u0442\u0435\u043b\u044c\u043d\u0430\u044f \u0432\u043e\u0441\u044c\u043c\u0438\u043a\u043b\u0430\u0441\u0441\u043d\u0438\u0446\u0430, \u043f\u043e\u043b\u0443\u0447\u0438\u0432 \u0432 \u043f\u043e\u0434\u0430\u0440\u043e\u043a \u043e\u0442 \u0431\u0440\u0430\u0442\u0430 \u043a\u043e\u0440\u043e\u0431\u043a\u0443 \u0441 WIXOSS, \u0441\u0442\u0430\u043d\u043e\u0432\u0438\u0442\u0441\u044f \u043f\u043e\u0441\u043b\u0435\u0434\u043d\u0438\u043c &laquo;\u0421\u0435\u043b\u0435\u043a\u0442\u043e\u0440\u043e\u043c&raquo;. \u0418 \u0442\u0435\u043f\u0435\u0440\u044c \u043e\u043d\u0430, \u0431\u0435\u0437 \u043a\u0430\u043a\u0438\u0445-\u043b\u0438\u0431\u043e \u0432\u043e\u043f\u0440\u043e\u0441\u043e\u0432, \u0432\u043c\u0435\u0441\u0442\u0435 \u0441\u043e \u0441\u0432\u043e\u0438\u043c \u043a\u0430\u0440\u0442\u043e\u0447\u043d\u044b\u043c \u043f\u0435\u0440\u0441\u043e\u043d\u0430\u0436\u0435\u043c, \u0422\u0430\u043c\u043e\u0439, \u0431\u0443\u0434\u0435\u0442 \u0443\u0447\u0430\u0441\u0442\u0432\u043e\u0432\u0430\u0442\u044c \u0432 \u044d\u0442\u043e\u0439 \u0436\u0435\u0441\u0442\u043e\u043a\u043e\u0439 \u0438\u0433\u0440\u0435!</p>", "avatar": "/home/ctulhu/anylist/anylist/media/22273.jpg", "genres": [14, 15, 27]}, "pk": 14, "model": "apps.production"}, {"fields": {"title": "Sidonia no Kishi", "pub_date": "2014-06-08T00:00:00Z", "old_limit": 2, "description": "<p>\u041f\u0440\u043e\u0448\u043b\u043e \u0442\u044b\u0441\u044f\u0447\u0443 \u043b\u0435\u0442 \u0441 \u0442\u0435\u0445 \u043f\u043e\u0440, \u043a\u0430\u043a \u0421\u043e\u043b\u043d\u0435\u0447\u043d\u0443\u044e \u0441\u0438\u0441\u0442\u0435\u043c\u0443 \u0443\u043d\u0438\u0447\u0442\u043e\u0436\u0438\u043b\u0430 \u043d\u0435\u0438\u0437\u0432\u0435\u0441\u0442\u043d\u0430\u044f \u0440\u0430\u0441\u0430 \u0413\u0430\u0443\u043d\u0430. \u042d\u0442\u043e \u0433\u0438\u0433\u0430\u043d\u0442\u0441\u043a\u0438\u0435, \u043f\u0440\u0430\u043a\u0442\u0438\u0447\u0435\u0441\u043a\u0438 \u043d\u0435\u0443\u044f\u0437\u0432\u0438\u043c\u044b\u0435 \u0442\u0432\u0430\u0440\u0438, \u043d\u0435 \u0438\u043c\u0435\u044e\u0449\u0438\u0435 \u0440\u0430\u0437\u0443\u043c\u0430. \u0412\u044b\u0436\u0438\u0432\u0448\u0435\u0435 \u043d\u0430\u0441\u0435\u043b\u0435\u043d\u0438\u0435 \u0417\u0435\u043c\u043b\u0438 \u0441\u0431\u0435\u0436\u0430\u043b\u043e \u0438\u0437 \u0421\u043e\u043b\u043d\u0435\u0447\u043d\u043e\u0439 \u0441\u0438\u0441\u0442\u0435\u043c\u044b \u043d\u0430 \u043a\u043e\u0441\u043c\u0438\u0447\u0435\u0441\u043a\u0438\u0445 \u043a\u043e\u0440\u0430\u0431\u043b\u044f\u0445 &laquo;\u0421\u0438\u0434\u043e\u043d\u0438\u044f&raquo;, \u043a\u043e\u0442\u043e\u0440\u044b\u0435 \u043f\u043e\u0437\u0432\u043e\u043b\u0438\u043b\u0438 \u0441\u043e\u0445\u0440\u0430\u043d\u0438\u0442\u044c \u0447\u0435\u043b\u043e\u0432\u0435\u0447\u0435\u0441\u043a\u0438\u0439 \u0440\u043e\u0434. \u041f\u0443\u0442\u0435\u0448\u0435\u0441\u0442\u0432\u0443\u044f \u0432 \u043f\u0440\u043e\u0441\u0442\u0440\u0430\u043d\u0441\u0442\u0432\u0435 \u0438 \u0441\u043f\u0430\u0441\u0430\u044f\u0441\u044c \u043e\u0442 \u043f\u0440\u0435\u0441\u043b\u0435\u0434\u043e\u0432\u0430\u043d\u0438\u044f \u0438\u043d\u043e\u043f\u043b\u0430\u043d\u0435\u0442\u043d\u044b\u0445 \u0441\u0443\u0449\u0435\u0441\u0442\u0432, \u043b\u044e\u0434\u0438 \u043d\u0430\u0443\u0447\u0438\u043b\u0438\u0441\u044c \u0441\u0442\u0440\u043e\u0438\u0442\u044c \u043f\u0438\u043b\u043e\u0442\u0438\u0440\u0443\u0435\u043c\u044b\u0435 \u043c\u0435\u0445\u0430\u043d\u0438\u0437\u043c\u044b \u0434\u043b\u044f \u0441\u0432\u043e\u0435\u0439 \u0437\u0430\u0449\u0438\u0442\u044b.</p><p><br />\u0412\u0441\u044f \u0436\u0438\u0437\u043d\u044c <a href=\"http://shikimori.org/characters/22249-Nagate-Tanikaze\">\u041d\u0430\u0433\u0430\u0442\u0435 \u0422\u0430\u043d\u0438\u043a\u0430\u0434\u0437\u0435</a> \u043f\u0440\u043e\u0448\u043b\u0430 \u0432 \u0438\u0437\u043e\u043b\u044f\u0446\u0438\u0438 \u043d\u0430 \u043a\u043e\u0441\u043c\u0438\u0447\u0435\u0441\u043a\u043e\u043c \u043a\u043e\u0440\u0430\u0431\u043b\u0435. \u041f\u043e\u0441\u043b\u0435 \u0435\u0433\u043e \u043e\u0431\u043d\u0430\u0440\u0443\u0436\u0435\u043d\u0438\u044f \u0432 \u043d\u0435\u043c \u0431\u044b\u043b \u0437\u0430\u043c\u0435\u0447\u0435\u043d \u0442\u0430\u043b\u0430\u043d\u0442 \u043a \u0443\u043f\u0440\u0430\u0432\u043b\u0435\u043d\u0438\u044e \u0431\u043e\u0435\u0432\u044b\u043c\u0438 \u043c\u0435\u0445\u0430\u043d\u0438\u0437\u043c\u0430\u043c\u0438, \u0438 \u043e\u043d \u043d\u0430\u0447\u0430\u043b \u043e\u0431\u0443\u0447\u0430\u0442\u044c\u0441\u044f \u043f\u0438\u043b\u043e\u0442\u0438\u0440\u043e\u0432\u0430\u043d\u0438\u044e. \u0422\u0435\u043f\u0435\u0440\u044c \u043e\u043d \u0438 \u0435\u0433\u043e \u043a\u043e\u043b\u043b\u0435\u0433\u0438-\u043f\u0438\u043b\u043e\u0442\u044b \u0432\u0435\u0434\u0443\u0442 \u0442\u044f\u0436\u0435\u043b\u0443\u044e \u0438 \u043e\u043f\u0430\u0441\u043d\u0443\u044e \u0432\u043e\u0439\u043d\u0443 \u043f\u0440\u043e\u0442\u0438\u0432 \u0413\u0430\u0443\u043d\u0430, \u0431\u043e\u0440\u044f\u0441\u044c \u0437\u0430 \u0432\u044b\u0436\u0438\u0432\u0430\u043d\u0438\u0435 \u0447\u0435\u043b\u043e\u0432\u0435\u0447\u0435\u0441\u0442\u0432\u0430.</p>", "avatar": "/home/ctulhu/anylist/anylist/media/19775.jpg", "genres": [3, 17, 20, 32, 34]}, "pk": 15, "model": "apps.production"}, {"fields": {"title": "Eden: It's an Endless World!", "pub_date": "2014-06-08T22:58:25.769Z", "old_limit": 2, "description": "<p>\u0418\u0437-\u0437\u0430 \u043f\u0430\u043d\u0438\u043a\u0438 \u0432 \u0441\u0432\u044f\u0437\u0438 \u0441 \u043d\u043e\u0432\u044b\u043c \u0437\u0430\u0431\u043e\u043b\u0435\u0432\u0430\u043d\u0438\u0435\u043c, \u0441\u0440\u0430\u0432\u043d\u0438\u043c\u044b\u043c \u0441 \u0447\u0443\u043c\u043e\u0439 \u0438 \u0443\u043d\u0435\u0441\u0448\u0438\u043c \u0436\u0438\u0437\u043d\u0438 15% \u043d\u0430\u0441\u0435\u043b\u0435\u043d\u0438\u044f \u0417\u0435\u043c\u043b\u0438, \u043c\u0438\u0440 \u043f\u043e\u0433\u0440\u0443\u0436\u0430\u0435\u0442\u0441\u044f \u0432 \u0445\u0430\u043e\u0441. \u041f\u0440\u043e\u0441\u0442\u0438\u0442\u0443\u0446\u0438\u044f, \u043d\u0430\u0440\u043a\u043e\u0442\u0438\u043a\u0438, \u043a\u043e\u0440\u0440\u0443\u043f\u0446\u0438\u044f, \u0440\u0435\u043a\u0438 \u043a\u0440\u043e\u0432\u0438, \u043f\u0440\u0435\u0434\u0430\u0442\u0435\u043b\u044c\u0441\u0442\u0432\u0430 \u0438 \u0432\u0441\u0451, \u0447\u0442\u043e \u0442\u043e\u043b\u044c\u043a\u043e \u043c\u043e\u0436\u043d\u043e \u0441\u0435\u0431\u0435 \u043f\u0440\u0435\u0434\u0441\u0442\u0430\u0432\u0438\u0442\u044c. \u0421\u0443\u0449\u0435\u0441\u0442\u0432\u0443\u0435\u0442 \u043b\u0438 \u0435\u0449\u0451 \u0433\u0434\u0435-\u0442\u043e \u0432 \u044d\u0442\u043e\u043c \u043c\u0438\u0440\u0435 \u042d\u0434\u0435\u043c?</p>", "avatar": "/home/ctulhu/anylist/anylist/media/731.jpg", "genres": [14, 27, 32, 34, 35]}, "pk": 16, "model": "apps.production"}, {"fields": {"title": "Fisheye Placebo", "pub_date": "2014-06-10T11:30:32.648Z", "old_limit": 2, "description": "<p>\u0412 \u0436\u0438\u0437\u043d\u0438 \u043f\u043e\u0434 \u0430\u0432\u0442\u043e\u0440\u0438\u0442\u0430\u0440\u043d\u044b\u043c \u0440\u0435\u0436\u0438\u043c\u043e\u043c \u043d\u0435\u0442 \u043d\u0438\u0447\u0435\u0433\u043e \u0445\u043e\u0440\u043e\u0448\u0435\u0433\u043e. \u041d\u0438 \u0442\u0435\u0431\u0435 Facebook&rsquo;a, &nbsp;\u043d\u0438\u043a\u0430\u043a\u043e\u0433\u043e YouTube \u0438 \u043d\u0438\u043a\u0430\u043a\u043e\u0433\u043e \u043f\u043e\u0440\u043d\u043e. \u0412\u0430\u043d\u0441 - \u043c\u043e\u043b\u043e\u0434\u043e\u0439, \u043d\u043e \u0432 \u0442\u043e\u0436\u0435 \u0432\u0440\u0435\u043c\u044f \u0443\u043c\u0435\u043b\u044b\u0439 \u0445\u0430\u043a\u0435\u0440, \u043a\u043e\u0442\u043e\u0440\u044b\u0439 \u043f\u0440\u043e\u0433\u0443\u043b\u0438\u0432\u0430\u0435\u0442\u0441\u044f \u043f\u043e \u043f\u0430\u0440\u043a\u0443, \u043f\u0440\u0438 \u044d\u0442\u043e\u043c \u0432\u0437\u043b\u0430\u043c\u044b\u0432\u0430\u044f \u043c\u043e\u0449\u043d\u044b\u0439 \u0411\u0440\u0430\u043d\u0434\u043c\u0430\u0443\u044d\u0440. \u0412 \u044d\u0442\u043e\u0442 \u043c\u0438\u0433 \u043e\u043d \u043a\u043e\u0435-\u0447\u0442\u043e \u043f\u043e\u043d\u0438\u043c\u0430\u0435\u0442. \u041e\u0441\u043e\u0437\u043d\u0430\u0435\u0442, \u0447\u0442\u043e \u0435\u043c\u0443 \u0447\u0435\u0433\u043e-\u0442\u043e \u043d\u0435 \u0445\u0432\u0430\u0442\u0430\u0435\u0442.</p><p>-\u0410, \u043c\u043e\u0436\u0435\u0442, \u0434\u0435\u0432\u0443\u0448\u043a\u0438?</p><p>\u0422\u043e\u0433\u0434\u0430, \u0432\u043e\u0437\u043c\u043e\u0436\u043d\u043e, \u043d\u0435\u0442 \u043d\u0438\u0447\u0435\u0433\u043e \u0441\u0442\u0440\u0430\u043d\u043d\u043e\u0433\u043e \u0432 \u0442\u043e\u043c, \u0447\u0442\u043e\u0431\u044b \u0432\u0437\u043b\u043e\u043c\u0430\u0442\u044c \u0441\u0435\u0440\u0432\u0435\u0440 \u0443\u043d\u0438\u0432\u0435\u0440\u0441\u0438\u0442\u0435\u0442\u0430 \u0438 \u043f\u043e\u0441\u0435\u043b\u0438\u0442\u044c \u0440\u044f\u0434\u043e\u043c \u0441 \u0441\u043e\u0431\u043e\u0439 \u0445\u043e\u0440\u043e\u0448\u0443\u044e \u0434\u0435\u0432\u0443\u0448\u043a\u0443, \u0432\u0435\u0440\u043d\u043e? \u041d\u043e \u0441\u0443\u0434\u044c\u0431\u0430 - \u0432\u0435\u0449\u044c \u0434\u043e\u0432\u043e\u043b\u044c\u043d\u043e \u0441\u0442\u0440\u0430\u043d\u043d\u0430\u044f. \u0422\u0435\u043f\u0435\u0440\u044c \u0443 \u0412\u0430\u043d\u0441\u0430 \u043a\u0443\u0447\u0430 \u043f\u0440\u043e\u0431\u043b\u0435\u043c.</p>", "avatar": "/home/ctulhu/anylist/anylist/media/271_o.jpg", "genres": [27, 32]}, "pk": 17, "model": "apps.production"}, {"fields": {"title": "Pluto", "pub_date": "2014-06-10T11:36:40.867Z", "old_limit": 1, "description": "<p>\u041a\u0442\u043e-\u0442\u043e \u0443\u0431\u0438\u0432\u0430\u0435\u0442 \u043b\u044e\u0434\u0435\u0439 \u0438 \u043e\u0434\u0438\u043d \u0437\u0430 \u0434\u0440\u0443\u0433\u0438\u043c \u0443\u043d\u0438\u0447\u0442\u043e\u0436\u0430\u0435\u0442 \u0441\u0435\u043c\u0435\u0440\u044b\u0445 \u0441\u0438\u043b\u044c\u043d\u0435\u0439\u0448\u0438\u0445 \u0432 \u043c\u0438\u0440\u0435 \u0440\u043e\u0431\u043e\u0442\u043e\u0432, \u0436\u0435\u0441\u0442\u043e\u043a\u043e \u0432\u044b\u0432\u043e\u0434\u0438\u0442 \u0438\u0437 \u0441\u0442\u0440\u043e\u044f \u0431\u0435\u0437 \u043a\u0430\u043a\u0438\u0445-\u043b\u0438\u0431\u043e \u043f\u0440\u043e\u0432\u043e\u043a\u0430\u0446\u0438\u0439 \u0441 \u0438\u0445 \u0441\u0442\u043e\u0440\u043e\u043d\u044b.<br />\u0413\u0435\u0437\u0438\u0445\u0442 - \u0440\u043e\u0431\u043e\u0442-\u0434\u0435\u0442\u0435\u043a\u0442\u0438\u0432 \u0438\u0437 \u0415\u0432\u0440\u043e\u043f\u043e\u043b\u0430 - \u0440\u0430\u0441\u0441\u043b\u0435\u0434\u0443\u0435\u0442 \u0447\u0435\u0440\u0435\u0434\u0443 \u0437\u0430\u0433\u0430\u0434\u043e\u0447\u043d\u044b\u0445 \u0443\u0431\u0438\u0439\u0441\u0442\u0432, \u043d\u043e \u0434\u0435\u043b\u043e \u0441\u0442\u0430\u043d\u043e\u0432\u0438\u0442\u0441\u044f \u0435\u0449\u0451 \u0431\u043e\u043b\u0435\u0435 \u0437\u0430\u043f\u0443\u0442\u0430\u043d\u043d\u044b\u043c, \u043a\u043e\u0433\u0434\u0430 \u043e\u043d \u043d\u0430\u0447\u0438\u043d\u0430\u0435\u0442 \u043f\u043e\u0434\u043e\u0437\u0440\u0435\u0432\u0430\u0442\u044c, \u0447\u0442\u043e \u043f\u0440\u0435\u0441\u0442\u0443\u043f\u043b\u0435\u043d\u0438\u044f \u0441\u043e\u0432\u0435\u0440\u0448\u0430\u0435\u0442 \u043d\u0435 \u0447\u0435\u043b\u043e\u0432\u0435\u043a.<br />\u0413\u0435\u0437\u0438\u0445\u0442 \u043f\u0440\u043e\u0442\u0438\u0432\u043e\u0441\u0442\u043e\u0438\u0442 \u0441\u0438\u043b\u044c\u043d\u043e\u043c\u0443 \u0438 \u043d\u0435\u0443\u043b\u043e\u0432\u0438\u043c\u043e\u043c\u0443 \u043f\u0440\u043e\u0442\u0438\u0432\u043d\u0438\u043a\u0443, \u043e \u043a\u043e\u0442\u043e\u0440\u043e\u043c \u043f\u0440\u0430\u043a\u0442\u0438\u0447\u0435\u0441\u043a\u0438 \u043d\u0438\u0447\u0435\u0433\u043e \u043d\u0435 \u0437\u043d\u0430\u0435\u0442, \u043a\u0430\u043a \u0432\u0434\u0440\u0443\u0433 \u0435\u043c\u0443 \u043d\u0430\u0447\u0438\u043d\u0430\u044e\u0442 \u0441\u043d\u0438\u0442\u044c\u0441\u044f \u0441\u0442\u0440\u0430\u043d\u043d\u044b\u0435 \u0441\u043d\u044b, \u043f\u0440\u043e\u0431\u0443\u0436\u0434\u0430\u044e\u0449\u0438\u0435 \u0432 \u0435\u0433\u043e \u0434\u0443\u0448\u0435 \u0442\u0440\u0435\u0432\u043e\u0436\u043d\u044b\u0435 \u0432\u043e\u0441\u043f\u043e\u043c\u0438\u043d\u0430\u043d\u0438\u044f.</p>", "avatar": "/home/ctulhu/anylist/anylist/media/999_o.jpg", "genres": [3, 14, 20, 21, 24, 27]}, "pk": 18, "model": "apps.production"}, {"fields": {"title": "Knite", "pub_date": "2014-06-10T11:51:06.883Z", "old_limit": 1, "description": "<p>\u041d\u043e\u0447\u043d\u043e\u0435 \u0447\u0435\u0440\u043d\u043e\u0435 \u043d\u0435\u0431\u043e, \u043e\u043a\u0443\u0442\u0430\u043d\u043d\u043e\u0435 \u0442\u0443\u043c\u0430\u043d\u043e\u043c \u0441\u0430\u0436\u0438 \u0438 \u0442\u043e\u043a\u0441\u0438\u043d\u043e\u0432. \u0425\u0438\u043c\u0438\u043a\u0430\u0442\u044b \u043f\u0440\u043e\u043c\u044b\u0448\u043b\u0435\u043d\u043d\u043e\u0439 \u0440\u0435\u0432\u043e\u043b\u044e\u0446\u0438\u0438 \u0432 \u041a\u0438\u0442\u0430\u0435 \u043a\u043e\u0442\u043e\u0440\u044b\u0435 \u0432 \u0441\u0432\u043e\u044e \u043e\u0447\u0435\u0440\u0435\u0434\u044c, \u043d\u0435\u043f\u0440\u0435\u0440\u044b\u0432\u043d\u043e,\u0437\u0430\u0441\u0442\u0430\u0432\u043b\u044f\u044f \u0438\u0445 \u0438\u0434\u0442\u0438 \u0432\u0432\u0435\u0440\u0445, \u043f\u043e\u043a\u0430 \u043d\u0435\u0431\u0435\u0441\u043d\u044b\u0435 \u043e\u0433\u043d\u0438 \u043e\u0437\u0430\u0440\u044f\u044e\u0442\u0441\u044f \u0441\u0435\u0440\u044b\u043c \u0446\u0432\u0435\u0442\u043e\u043c, \u0438 \u0438\u0441\u0447\u0435\u0437\u0430\u044e\u0442... \u041d\u043e \u0432 \u044d\u0442\u0443 \u043d\u043e\u0447\u044c \u0431\u0443\u0434\u0443\u0442 \u0437\u0432\u0435\u0437\u0434\u044b.\u041a\u043d\u0438\u0442\u0435\u0441 \u0441\u0434\u0435\u043b\u0430\u043b \u0441\u0432\u043e\u0435\u0439 \u043c\u0438\u0441\u0441\u0438\u0435\u0439 \u043f\u0440\u0438\u043d\u0435\u0441\u0442\u0438 \u0437\u0432\u0435\u0437\u0434\u044b \u043e\u0431\u0440\u0430\u0442\u043d\u043e \u0432 \u043d\u043e\u0447\u044c \u041a\u0438\u0442\u0430\u044f, \u0441\u0432\u0438\u0441\u0430\u044e\u0449\u0438\u0435 \u0441 \u0445\u0432\u043e\u0441\u0442\u043e\u0432 \u0432\u043e\u0437\u0434\u0443\u0448\u043d\u044b\u0445 \u0437\u043c\u0435\u0435\u0432. \u041d\u0435\u043a\u043e\u0442\u043e\u0440\u044b\u0435 \u043d\u0430\u0437\u044b\u0432\u0430\u044e\u0442 \u044d\u0442\u043e \u0433\u043b\u0443\u043f\u043e\u0441\u0442\u044c\u044e - \u043f\u0435\u0440\u0441\u043e\u043d\u0438\u0444\u0438\u0446\u0438\u0440\u043e\u0432\u0430\u043d\u043d\u043e\u043c \u0438\u0434\u0435\u0430\u043b\u043e\u043c, \u043d\u0430\u0438\u0432\u043d\u043e\u0433\u043e \u043c\u043e\u043b\u043e\u0434\u043e\u0433\u043e \u043c\u0435\u0447\u0442\u0430\u0442\u0435\u043b\u044f. \u0414\u0440\u0443\u0433\u0438\u0435 \u043d\u0430\u0439\u0434\u0443\u0442 \u043d\u0430\u0434\u0435\u0436\u0434\u0443 \u0432 \u041a\u043d\u0438\u0442\u0435\u0441\u0435 &quot;\u0440\u0430\u0431\u043e\u0442\u0430, \u0437\u0430 \u043c\u0435\u0447\u0442\u044b, \u0447\u0442\u043e \u043a\u043e\u0433\u0434\u0430-\u043d\u0438\u0431\u0443\u0434\u044c \u0441\u043d\u0438\u043c\u0435\u0442 \u0441\u0430\u0432\u0430\u043d, \u0438 \u043b\u044e\u0434\u0438 \u0431\u0443\u0434\u0443\u0442 \u0432\u0438\u0434\u0435\u0442\u044c \u0434\u0430\u043b\u044c\u0448\u0435 \u0432\u043e\u0437\u0432\u044b\u0448\u0430\u044e\u0449\u0438\u0445\u0441\u044f \u0437\u0430\u0432\u043e\u0434\u043e\u0432 \u0438 \u043c\u043e\u043d\u043e\u043b\u0438\u0442\u043e\u0432 \u043f\u0440\u043e\u043c\u044b\u0448\u043b\u0435\u043d\u043d\u043e\u0441\u0442\u0438 \u0438 \u043f\u043e\u0434\u043d\u0438\u043c\u0443\u0442 \u0432\u0437\u043e\u0440 \u043a \u043d\u0430\u0441\u0442\u043e\u044f\u0449\u0438\u043c \u0437\u0432\u0435\u0437\u0434\u0430\u043c \u0435\u0449\u0435 \u0440\u0430\u0437&quot;. \u0414\u043e \u044d\u0442\u043e\u0433\u043e \u0434\u043d\u044f \u0438\u043c \u043e\u0441\u0442\u0430\u0435\u0442\u0441\u044f \u043d\u0430\u0434\u0435\u044f\u0442\u044c\u0441\u044f \u0447\u0442\u043e \u0438\u0445 \u043d\u0430\u0434\u0435\u0436\u0434\u044b \u0438 \u043c\u0435\u0447\u0442\u044b \u0431\u0443\u0434\u0443\u0442 \u043e\u043f\u0440\u0430\u0432\u0434\u0430\u043d\u043d\u044b \u0438\u043c - \u041a\u043d\u0438\u0442\u0435\u0441\u043e\u043c.</p>", "avatar": "/home/ctulhu/anylist/anylist/media/632_o.jpg", "genres": [1, 14, 24, 41]}, "pk": 19, "model": "apps.production"}, {"fields": {"title": "Boogiepop Phantom", "pub_date": "2014-06-10T11:54:48.904Z", "old_limit": 5, "description": "<p>\u041f\u044f\u0442\u044c \u043b\u0435\u0442 \u043d\u0430\u0437\u0430\u0434 \u0432\u043e\u043b\u043d\u0430 \u043c\u0438\u0441\u0442\u0438\u0447\u0435\u0441\u043a\u0438\u0445 \u0443\u0431\u0438\u0439\u0441\u0442\u0432 \u043f\u043e\u0442\u0440\u044f\u0441\u043b\u0430 \u0433\u043e\u0440\u043e\u0434, \u0438 \u0442\u0435\u043f\u0435\u0440\u044c, \u043a\u0430\u0436\u0435\u0442\u0441\u044f, \u0432\u0441\u0451 \u043f\u043e\u0432\u0442\u043e\u0440\u044f\u0435\u0442\u0441\u044f \u0432\u043d\u043e\u0432\u044c. \u0427\u0443\u0434\u043e\u0432\u0438\u0449\u0430, \u043f\u0440\u0438\u0437\u0440\u0430\u043a\u0438, \u0441\u0442\u0440\u0430\u043d\u043d\u044b\u0435 \u0441\u043e\u0437\u0434\u0430\u043d\u0438\u044f \u043a\u043e\u0442\u043e\u0440\u044b\u043c \u043d\u0435\u0442 \u043d\u0430\u0437\u0432\u0430\u043d\u0438\u044f \u043d\u0430 \u044f\u0437\u044b\u043a\u0435 \u043b\u044e\u0434\u0435\u0439 \u043d\u0430\u043f\u043e\u043b\u043d\u044f\u044e\u0442 \u0433\u043e\u0440\u043e\u0434 \u0438 \u043d\u0438\u043a\u0442\u043e \u043d\u0435 \u043c\u043e\u0436\u0435\u0442 \u0431\u044b\u0442\u044c \u0432 \u0431\u0435\u0437\u043e\u043f\u0430\u0441\u043d\u043e\u0441\u0442\u0438, \u0434\u0430\u0436\u0435 \u043f\u0440\u0438 \u0441\u0432\u0435\u0442\u0435 \u0441\u043e\u043b\u043d\u0446\u0430. \u041b\u044e\u0434\u0441\u043a\u0438\u0435 \u043f\u043e\u0440\u043e\u043a\u0438 \u0438 \u0442\u0451\u043c\u043d\u044b\u0435 \u0441\u0442\u043e\u0440\u043e\u043d\u044b \u043f\u0440\u043e\u0440\u044b\u0432\u0430\u044e\u0442\u0441\u044f \u043d\u0430\u0440\u0443\u0436\u0443 \u0432 \u044d\u0442\u0438 \u0442\u0451\u043c\u043d\u044b\u0435 \u0432\u0440\u0435\u043c\u0435\u043d\u0430. \u0411\u043e\u0440\u044c\u0431\u0443 \u0441 \u043d\u0438\u043c\u0438 \u043d\u0430\u0447\u0438\u043d\u0430\u0435\u0442 \u0442\u0430\u0438\u043d\u0441\u0442\u0432\u0435\u043d\u043d\u043e\u0435 \u0441\u0443\u0449\u0435\u0441\u0442\u0432\u043e \u043f\u043e \u0438\u043c\u0435\u043d\u0438 <a href=\"http://shikimori.org/characters/2598-Boogiepop\">\u0411\u0443\u0433\u0438\u043f\u043e\u043f</a>.</p><p>\u041d\u043e \u0447\u0442\u043e \u0437\u0430 \u0442\u0430\u0439\u043d\u0430 \u0442\u0430\u0438\u0442\u0441\u044f \u0432 \u0435\u0433\u043e \u043f\u0440\u043e\u0448\u043b\u043e\u043c? \u041a\u0430\u043a \u043e\u043d \u0441\u0432\u044f\u0437\u0430\u043d \u0441 \u0441\u043e\u0431\u044b\u0442\u0438\u044f\u043c\u0438 \u043f\u044f\u0442\u0438\u043b\u0435\u0442\u043d\u0435\u0439 \u0434\u0430\u0432\u043d\u043e\u0441\u0442\u0438? \u041c\u043d\u043e\u0433\u0438\u0445 \u0438\u043d\u0442\u0435\u0440\u0435\u0441\u0443\u044e\u0442 \u044d\u0442\u0438 \u0432\u043e\u043f\u0440\u043e\u0441\u044b, \u043d\u043e \u0438\u043c \u0434\u0430\u043d\u043e \u043d\u0430\u0439\u0442\u0438 \u043b\u0438\u0448\u044c \u0447\u0430\u0441\u0442\u044c \u043e\u0442\u0432\u0435\u0442\u043e\u0432.</p><p>\u0427\u0442\u043e-\u0442\u043e \u0441\u043a\u0440\u044b\u0432\u0430\u0435\u0442\u0441\u044f \u0432 \u0442\u0435\u043d\u0438. \u0412\u044b \u0442\u043e\u0447\u043d\u043e \u0443\u0432\u0435\u0440\u0435\u043d\u043d\u044b \u0432 \u0441\u0432\u043e\u0435\u0439 \u0431\u0435\u0437\u043e\u043f\u0430\u0441\u043d\u043e\u0441\u0442\u0438?</p>", "avatar": "/home/ctulhu/anylist/anylist/media/369.jpg", "genres": [7, 8, 14, 21, 27, 29]}, "pk": 20, "model": "apps.production"}, {"fields": {"title": "Durarara!!", "pub_date": "2014-06-11T14:30:25.775Z", "old_limit": 2, "description": "<p>\u0418\u043a\u044d\u0431\u0443\u043a\u0443\u0440\u043e, \u043e\u0434\u0438\u043d \u0438\u0437 \u0440\u0430\u0439\u043e\u043d\u043e\u0432 \u0422\u043e\u043a\u0438\u043e. \u041d\u0435\u043f\u043e\u043d\u044f\u0442\u043d\u044b\u0435, \u0432\u043e\u043b\u043d\u0443\u044e\u0449\u0438\u0435, \u0430 \u043f\u043e\u0440\u043e\u0439 \u0438 \u043e\u043f\u0430\u0441\u043d\u044b\u0435 \u0441\u043e\u0431\u044b\u0442\u0438\u044f \u0441\u043b\u0443\u0447\u0430\u044e\u0442\u0441\u044f \u0437\u0434\u0435\u0441\u044c: \u0444\u0430\u0440\u043c\u0430\u0446\u0435\u043f\u0442\u0438\u0447\u0435\u0441\u043a\u0438\u0435 \u043a\u043e\u043c\u043f\u0430\u043d\u0438\u0438 \u043f\u0440\u043e\u0432\u043e\u0440\u0430\u0447\u0438\u0432\u0430\u044e\u0442 \u0442\u0435\u043c\u043d\u044b\u0435 \u0434\u0435\u043b\u0438\u0448\u043a\u0438, \u043b\u044e\u0434\u0438 \u043f\u0440\u043e\u043f\u0430\u0434\u0430\u044e\u0442 \u0431\u0435\u0441\u0441\u043b\u0435\u0434\u043d\u043e, \u043c\u0435\u0441\u0442\u043d\u044b\u0435 \u0431\u0430\u043d\u0434\u044b \u0432\u043e\u044e\u044e\u0442 \u043f\u043e \u043e\u0434\u043d\u0438\u043c \u0438\u043c \u043f\u043e\u043d\u044f\u0442\u043d\u044b\u043c \u043f\u0440\u0438\u0447\u0438\u043d\u0430\u043c, \u0438 \u0431\u0435\u0437\u0433\u043e\u043b\u043e\u0432\u044b\u0439 \u043c\u043e\u0442\u043e\u0446\u0438\u043a\u043b\u0438\u0441\u0442 \u043d\u0430 \u0447\u0435\u0440\u043d\u043e\u043c \u0431\u0430\u0439\u043a\u0435 \u043c\u0447\u0438\u0442\u0441\u044f \u043f\u043e \u0443\u043b\u0438\u0446\u0430\u043c... \u0412\u043f\u0440\u043e\u0447\u0435\u043c, \u043f\u043e\u0441\u043b\u0435\u0434\u043d\u0435\u0435 - \u0432\u0441\u0435\u0433\u043e-\u043b\u0438\u0448\u044c \u043b\u0435\u0433\u0435\u043d\u0434\u0430 \u0434\u043b\u044f \u0442\u0443\u0440\u0438\u0441\u0442\u043e\u0432.</p><p>\u041f\u0440\u0438\u0432\u044b\u043a\u0448\u0438\u0439 \u043a \u0440\u0430\u0437\u043c\u0435\u0440\u043d\u043e\u0439 \u0438 \u0442\u0438\u0445\u043e\u0439 \u0436\u0438\u0437\u043d\u0438 <a href=\"http://shikimori.org/characters/24592-Mikado-Ryugamine\">\u041c\u0438\u043a\u0430\u0434\u043e \u0420\u044e\u0433\u0430\u043c\u0438\u043d\u044d</a> \u043f\u043e \u043f\u0440\u0438\u0433\u043b\u0430\u0448\u0435\u043d\u0438\u044e \u0434\u0440\u0443\u0433\u0430 \u0434\u0435\u0442\u0441\u0442\u0432\u0430 <a href=\"http://shikimori.org/characters/24593-Masaomi-Kida\">\u041c\u0430\u0441\u0430\u043e\u043c\u0438 \u041a\u0438\u0434\u044b</a> \u043f\u0435\u0440\u0435\u0435\u0437\u0436\u0430\u0435\u0442 \u0432 \u0418\u043a\u044d\u0431\u0443\u043a\u0443\u0440\u043e.</p><p>\u041f\u0440\u043e\u0449\u0430\u0439 \u0443\u043d\u044b\u043b\u0430\u044f \u0441\u0435\u043b\u044c\u0441\u043a\u0430\u044f \u0436\u0438\u0437\u043d\u044c! \u041e\u0442\u043d\u044b\u043d\u0435 <a href=\"http://shikimori.org/characters/24592-Mikado-Ryugamine\">\u041c\u0438\u043a\u0430\u0434\u043e</a> \u0441\u0442\u0430\u043d\u043e\u0432\u0438\u0442\u0441\u044f \u0447\u0430\u0441\u0442\u044c\u044e \u0431\u043e\u043b\u044c\u0448\u043e\u0433\u043e \u0433\u043e\u0440\u043e\u0434\u0430: \u043d\u043e\u0432\u044b\u0435 \u0448\u043a\u043e\u043b\u044c\u043d\u044b\u0435 \u0434\u0440\u0443\u0437\u044c\u044f \u0438 \u0437\u0430\u0445\u0432\u0430\u0442\u044b\u0432\u0430\u044e\u0449\u0438\u0435 \u043f\u0440\u0438\u043a\u043b\u044e\u0447\u0435\u043d\u0438\u044f, \u0437\u043d\u0430\u043a\u043e\u043c\u0441\u0442\u0432\u043e \u0443\u043b\u0438\u0447\u043d\u044b\u043c\u0438 \u0431\u0430\u043d\u0434\u0430\u043c\u0438 \u0438 \u0441\u0435\u0442\u0435\u0432\u044b\u043c\u0438 \u0441\u043e\u043e\u0431\u0449\u0435\u0441\u0442\u0432\u0430\u043c\u0438, \u0434\u0438\u043b\u0435\u0440\u044b \u0447\u0435\u0440\u043d\u043e\u0433\u043e \u0440\u044b\u043d\u043a\u0430, \u0441\u0442\u0430\u043b\u043a\u0435\u0440\u044b, \u043c\u0430\u043d\u044c\u044f\u043a\u0438 \u0438 \u0441\u0432\u0435\u0440\u0445\u044a\u0435\u0441\u0442\u0435\u0441\u0442\u0432\u0435\u043d\u043d\u044b\u0435 \u0441\u0443\u0449\u0435\u0441\u0442\u0432\u0430 - \u0432\u0441\u0451 \u044d\u0442\u043e \u0442\u0435\u043f\u0435\u0440\u044c \u0441\u0442\u0430\u043d\u0435\u0442 \u0447\u0430\u0441\u0442\u044c\u044e \u0435\u0433\u043e \u043f\u043e\u0432\u0441\u0435\u0434\u043d\u0435\u0432\u043d\u043e\u0439 \u0436\u0438\u0437\u043d\u0438!</p>", "avatar": "/home/ctulhu/anylist/anylist/media/6746.jpg", "genres": [1, 21, 29, 34]}, "pk": 21, "model": "apps.production"}, {"fields": {"title": "Ajin", "pub_date": "2014-06-11T14:32:10.078Z", "old_limit": 2, "description": "<p>\u041f\u043e\u043b\u0443\u043b\u044e\u0434\u0438 - \u044d\u0442\u043e \u0442\u0435, \u043a\u0442\u043e \u043d\u0435\u043f\u043e\u0434\u0432\u043b\u0430\u0441\u0442\u043d\u044b \u0441\u043c\u0435\u0440\u0442\u0438. \u041e\u0434\u043d\u0430\u0436\u0434\u044b, \u041a\u0435\u0439 \u041d\u0430\u0433\u0430\u0438, \u0443\u0447\u0435\u043d\u0438\u043a \u0441\u0440\u0435\u0434\u043d\u0435\u0439 \u0448\u043a\u043e\u043b\u044b, \u043f\u043e\u043f\u0430\u043b \u0432 \u0447\u0443\u0434\u043e\u0432\u0438\u0449\u043d\u043e\u0435 \u0434\u043e\u0440\u043e\u0436\u043d\u043e-\u0442\u0440\u0430\u043d\u0441\u043f\u043e\u0440\u0442\u043d\u043e\u0435 \u043f\u0440\u043e\u0438\u0441\u0448\u0435\u0441\u0442\u0432\u0438\u0435, \u0432 \u043a\u043e\u0442\u043e\u0440\u043e\u043c \u0431\u044b\u043b \u043e\u0431\u044f\u0437\u0430\u043d \u0443\u043c\u0435\u0440\u0435\u0442\u044c, \u043d\u043e, \u0447\u0443\u0434\u0435\u0441\u043d\u044b\u043c \u043e\u0431\u0440\u0430\u0437\u043e\u043c, \u043e\u043d \u0432\u043e\u0437\u0432\u0440\u0430\u0449\u0430\u0435\u0442\u0441\u044f \u043a \u0436\u0438\u0437\u043d\u0438. \u0422\u0430\u043a, \u041a\u0435\u0439 \u0441\u0442\u0430\u043b \u043f\u043e\u043b\u0443\u0447\u0435\u043b\u043e\u0432\u0435\u043a\u043e\u043c. \u0418 \u0441 \u0442\u0435\u0445 \u043f\u043e\u0440, \u043c\u0438\u0440 \u041a\u0435\u044f \u0440\u0435\u0437\u043a\u043e \u043c\u0435\u043d\u044f\u0435\u0442\u0441\u044f. \u0418 \u0432 \u0438\u0442\u043e\u0433\u0435, \u0441\u043f\u0430\u0441\u0430\u044f \u0441\u0432\u043e\u0435\u0433\u043e \u0434\u0440\u0443\u0433\u0430 \u041a\u0430\u044f, \u0433\u043b\u0430\u0432\u043d\u044b\u0435 \u0433\u0435\u0440\u043e\u0438 \u0431\u0435\u0433\u0443\u0442 \u0432\u0433\u043b\u0443\u0431\u044c \u043f\u0443\u0441\u0442\u044b\u043d\u043d\u043e\u0439 \u0433\u043e\u0440\u044b. \u0412 \u043d\u0435\u0439, \u0433\u0440\u0443\u043f\u043f\u0430 \u043f\u043e\u043b\u0443\u043b\u044e\u0434\u0435\u0439 \u043a\u043e\u043d\u0442\u0430\u043a\u0442\u0438\u0440\u0443\u0435\u0442 \u0441 \u041a\u0435\u0435\u043c... \u041a\u0442\u043e \u0436\u0435 \u043e\u043d\u0438 \u0442\u0430\u043a\u0438\u0435? \u0418 \u0447\u0442\u043e \u0434\u0435\u043b\u0430\u0442\u044c \u043d\u0430\u0448\u0438\u043c \u0433\u043b\u0430\u0432\u043d\u044b\u043c \u0433\u0435\u0440\u043e\u044f\u043c?</p>", "avatar": "/home/ctulhu/anylist/anylist/media/49865.jpg", "genres": [7, 21, 26, 29, 35]}, "pk": 22, "model": "apps.production"}, {"fields": {"title": "Leviathan", "pub_date": "2014-06-12T04:38:30.457Z", "old_limit": 2, "description": "<p>\u0412 \u043f\u0440\u0435\u0434\u0434\u0432\u0435\u0440\u0438\u0438 \u043d\u043e\u0432\u043e\u0433\u043e \u0442\u044b\u0441\u044f\u0447\u0435\u043b\u0435\u0442\u0438\u044f, \u0432 \u043e\u0436\u0438\u0434\u0430\u043d\u0438\u0438 \u0432\u0441\u0435\u043b\u0435\u043d\u0441\u043a\u043e\u0439 \u043a\u0430\u0442\u0430\u0441\u0442\u0440\u043e\u0444\u044b, \u0447\u0435\u043b\u043e\u0432\u0435\u0447\u0435\u0441\u0442\u0432\u043e \u043f\u043e\u0432\u0435\u0440\u0433\u043b\u043e \u0441\u0435\u0431\u044f \u0432 \u0430\u0431\u0441\u043e\u043b\u044e\u0442\u043d\u0435\u0439\u0448\u0438\u0439, \u0432\u0441\u0435\u043f\u043e\u0433\u043b\u043e\u0449\u0430\u044e\u0449\u0438\u0439 \u0445\u0430\u043e\u0441. \u041c\u0438\u0440\u043e\u043c \u043f\u0440\u0430\u0432\u0438\u0442 \u0431\u0435\u0441\u043f\u0440\u0435\u0434\u0435\u043b \u0438 \u0431\u0435\u0437\u0437\u0430\u043a\u043e\u043d\u0438\u0435. \u041d\u0430 \u043b\u044e\u0434\u044f\u0445 \u0441\u0442\u0430\u0432\u044f\u0442 \u0436\u0435\u0441\u0442\u043e\u043a\u0438\u0435 \u0431\u0438\u043e\u043b\u043e\u0433\u0438\u0447\u0435\u0441\u043a\u0438\u0435 \u044d\u043a\u0441\u043f\u0435\u0440\u0438\u043c\u0435\u043d\u0442\u044b, \u0432\u0441\u0435\u0432\u043e\u0437\u0440\u0430\u0441\u0442\u0430\u044e\u0449\u0443\u044e \u043f\u043e\u043f\u0443\u043b\u044f\u0440\u043d\u043e\u0441\u0442\u044c \u0432 \u043c\u0438\u0440\u0435 \u043f\u0440\u0438\u043e\u0431\u0440\u0435\u0442\u0430\u0435\u0442 \u0440\u0435\u043b\u0438\u0433\u0438\u044f \u0412\u0443\u0434\u0443, \u043f\u0440\u0438\u0432\u0435\u0440\u0436\u0435\u043d\u0446\u044b \u043a\u043e\u0435\u0439 \u0434\u043b\u044f \u0443\u0434\u043e\u0432\u043b\u0435\u0442\u0432\u043e\u0440\u0435\u043d\u0438\u044f \u0441\u043e\u0431\u0441\u0442\u0432\u0435\u043d\u043d\u044b\u0445 \u043d\u0443\u0436\u0434 \u043f\u0440\u0435\u0432\u0440\u0430\u0449\u0430\u044e\u0442 \u043d\u0438 \u0432 \u0447\u0451\u043c \u043d\u0435\u043f\u043e\u0432\u0438\u043d\u043d\u044b\u0445 \u0433\u0440\u0430\u0436\u0434\u0430\u043d \u0432 \u0431\u0435\u0437\u0432\u043e\u043b\u044c\u043d\u044b\u0445 \u043c\u0430\u0440\u0438\u043e\u043d\u0435\u0442\u043e\u043a. \u041c\u0438\u0440 \u043a\u0430\u0442\u0438\u0442\u0441\u044f \u0432 \u0431\u0435\u0437\u0434\u043d\u0443 \u0438 \u043d\u0435\u0434\u0430\u043b\u0451\u043a \u0442\u043e\u0442 \u0434\u0435\u043d\u044c, \u043a\u043e\u0433\u0434\u0430 \u043d\u0430\u0441\u0442\u0443\u043f\u0438\u0442 \u043a\u043e\u043d\u0435\u0446. \u041a\u043e\u043d\u0435\u0446 \u0432\u0441\u0435\u0433\u043e \u0441\u0443\u0449\u0435\u0433\u043e... \u041b\u0438\u0448\u044c \u0442\u043e\u0442, \u043a\u0442\u043e \u043f\u043e\u0437\u043d\u0430\u043b \u0438\u0441\u0442\u0438\u043d\u043d\u0443\u044e \u0441\u0443\u0449\u043d\u043e\u0441\u0442\u044c \u0442\u044c\u043c\u044b, \u043b\u0438\u0448\u044c \u0442\u043e\u0442, \u043a\u0442\u043e \u0432\u0438\u0434\u0435\u043b \u0431\u0435\u0437\u0434\u043d\u0443, \u043b\u0438\u0448\u044c \u0442\u043e\u0442, \u043a\u0442\u043e \u0432\u0435\u0440\u043d\u0443\u043b\u0441\u044f \u0438\u0437 \u043d\u0435\u0451 \u043d\u0435\u0432\u0440\u0435\u0434\u0438\u043c\u044b\u043c, \u043c\u043e\u0436\u0435\u0442 \u043f\u0440\u0435\u0434\u043e\u0442\u0432\u0440\u0430\u0442\u0438\u0442\u044c \u0410\u043f\u043e\u043a\u0430\u043b\u0438\u043f\u0441\u0438\u0441. \u0421\u0430\u043c\u0438\u0434\u0437\u043e \u041a\u043e\u0445\u044d\u0439 - \u0447\u0435\u043b\u043e\u0432\u0435\u043a, \u0432\u0435\u0440\u043d\u0443\u0432\u0448\u0438\u0439\u0441\u044f \u0438\u0437 \u0442\u044c\u043c\u044b... \u043d\u043e \u0447\u0435\u043b\u043e\u0432\u0435\u043a \u043b\u0438 \u043e\u043d \u0442\u0435\u043f\u0435\u0440\u044c? \u041e\u043d \u0438\u0437\u043c\u0435\u043d\u0438\u043b\u0441\u044f... \u041d\u043e \u044d\u0442\u043e \u0432\u0441\u0451 \u0442\u043e\u0442 \u0436\u0435 \u043c\u0438\u043b\u044b\u0439, \u0434\u043e\u0431\u0440\u044b\u0439, \u0437\u0430\u0431\u043e\u0442\u043b\u0438\u0432\u044b\u0439 \u0434\u0440\u0443\u0433 \u0438 \u0432\u043e\u0437\u043b\u044e\u0431\u043b\u0435\u043d\u043d\u044b\u0439... \u043d\u043e \u043e\u043d \u0443\u0436\u0435 \u043d\u0435 \u0442\u043e\u0442, \u0447\u0442\u043e \u043f\u0440\u0435\u0436\u0434\u0435. \u041f\u0440\u0435\u0431\u044b\u0432\u0430\u043d\u0438\u0435 \u0432\u043e \u0442\u044c\u043c\u0435 \u043d\u0435 \u043f\u0440\u043e\u0445\u043e\u0434\u0438\u0442 \u0431\u0435\u0441\u0441\u043b\u0435\u0434\u043d\u043e...</p><p>\u0421\u043b\u043e\u0432\u043d\u043e \u043b\u0438\u0448\u044c \u043e\u0434\u0438\u043d \u0440\u0435\u0433\u0438\u043e\u043d \u043c\u0438\u043d\u0443\u0435\u0442 \u043c\u0438\u043b\u043b\u0435\u043d\u0438\u0443\u043c. \u0411\u0435\u0436\u0435\u043d\u0446\u044b \u0441\u043e \u0432\u0441\u0435\u0433\u043e \u043c\u0438\u0440\u0430 \u0441\u044a\u0435\u0437\u0436\u0430\u044e\u0442\u0441\u044f \u0432 \u042f\u043f\u043e\u043d\u0438\u044e \u0432 \u043f\u043e\u0438\u0441\u043a\u0430\u0445 \u0443\u0431\u0435\u0436\u0438\u0449\u0430, \u043e\u0434\u043d\u0430\u043a\u043e, \u044d\u0442\u043e \u0441\u043e\u0437\u0434\u0430\u0451\u0442 \u043c\u0430\u0441\u0441\u0443 \u0441\u043e\u0446\u0438\u0430\u043b\u044c\u043d\u044b\u0445 \u0438 \u043f\u043e\u043b\u0438\u0442\u0438\u0447\u0435\u0441\u043a\u0438\u0445 \u043a\u043e\u043d\u0444\u043b\u0438\u043a\u0442\u043e\u0432...</p>", "avatar": "/home/ctulhu/anylist/anylist/media/555_o-copy.jpg", "genres": [3, 7, 14, 21, 29, 35]}, "pk": 23, "model": "apps.production"}, {"fields": {"title": "Apocalypse no Toride", "pub_date": "2014-06-15T07:39:44.077Z", "old_limit": 2, "description": "<p>\u041f\u0440\u0435\u0434\u0441\u0442\u0430\u0432\u044c\u0442\u0435, \u0447\u0442\u043e \u043d\u0435\u0434\u0430\u0432\u043d\u043e, \u0432 \u043f\u043e\u043b\u0434\u0435\u043d\u044c, \u0432\u044b \u0443\u0432\u0438\u0434\u0435\u043b\u0438 \u043a\u0430\u043a \u0431\u044b\u043b \u0443\u0431\u0438\u0442 \u043f\u043e\u043b\u0438\u0446\u0435\u0439\u0441\u043a\u0438\u0439. \u0418 \u0432\u044b \u0432\u0438\u0434\u0435\u043b\u0438 \u0447\u0435\u043b\u043e\u0432\u0435\u043a\u0430 \u0441\u0434\u0435\u043b\u0430\u0432\u0448\u0435\u0433\u043e \u044d\u0442\u043e, \u043d\u043e \u043f\u043e\u0441\u043b\u0435, \u0432\u0430\u0441 \u043f\u043e\u0441\u0430\u0434\u0438\u043b\u0438 \u0437\u0430 \u043b\u043e\u0436\u043d\u043e\u0435 \u043e\u0431\u0432\u0438\u043d\u0435\u043d\u0438\u0435 \u0432 \u0442\u044e\u0440\u044c\u043c\u0443 \u043d\u0430 \u0445\u043e\u0440\u043e\u0448\u0435\u043d\u044c\u043a\u0438\u0439 \u0441\u0440\u043e\u043a. \u041a\u0430\u0437\u0430\u043b\u043e\u0441\u044c \u0431\u044b, \u0441\u043f\u0440\u0430\u0432\u0435\u0434\u043b\u0438\u0432\u043e\u0441\u0442\u044c \u043d\u0435 \u043d\u0430 \u0432\u0430\u0448\u0435\u0439 \u0441\u0442\u043e\u0440\u043e\u043d\u0435, \u043d\u043e \u0432\u0434\u0440\u0443\u0433 \u043d\u0430\u0447\u0430\u043b\u043e\u0441\u044c \u0440\u0430\u0441\u043f\u0440\u043e\u0441\u0442\u0440\u0430\u043d\u0435\u043d\u0438\u0435 \u0441\u0442\u0440\u0430\u043d\u043d\u043e\u0433\u043e \u0432\u0438\u0440\u0443\u0441\u0430...</p>", "avatar": "/home/ctulhu/anylist/anylist/media/39139.jpg", "genres": [1, 7, 21, 26, 27, 32, 34]}, "pk": 24, "model": "apps.production"}, {"fields": {"title": "Accel World", "pub_date": "2014-06-21T10:17:51.085Z", "old_limit": 1, "description": "<p>2046 \u0433\u043e\u0434. \u042e\u043d\u043e\u0448\u0430 \u043f\u043e \u0438\u043c\u0435\u043d\u0438 <a href=\"http://shikimori.org/characters/49637-Haruyuki-Arita\">\u0425\u0430\u0440\u0443\u044e\u043a\u0438 \u0410\u0440\u0438\u0442\u0430</a> \u0447\u0443\u0432\u0441\u0442\u0432\u0443\u0435\u0442 \u0441\u0435\u0431\u044f \u043d\u0430 \u0434\u043d\u0435 \u0448\u043a\u043e\u043b\u044c\u043d\u043e\u0433\u043e \u043e\u0431\u0449\u0435\u0441\u0442\u0432\u0430. \u0415\u043c\u0443 \u0441\u0442\u044b\u0434\u043d\u043e \u0437\u0430 \u0441\u0432\u043e\u044e \u0436\u0430\u043b\u043a\u0443\u044e \u0436\u0438\u0437\u043d\u044c, \u0438 \u043f\u043e\u044d\u0442\u043e\u043c\u0443 \u043e\u043d \u043c\u043d\u043e\u0433\u043e \u0432\u0440\u0435\u043c\u0435\u043d\u0438 \u043f\u0440\u043e\u0432\u043e\u0434\u0438\u0442 \u0432 \u0432\u0438\u0440\u0442\u0443\u0430\u043b\u044c\u043d\u044b\u0445 \u0438\u0433\u0440\u0430\u0445, \u043a\u043e\u0442\u043e\u0440\u044b\u0435 \u043f\u043e\u043c\u043e\u0433\u0430\u044e\u0442 \u0435\u043c\u0443 \u0437\u0430\u0431\u044b\u0442\u044c\u0441\u044f. \u041d\u043e \u0432\u0441\u0451 \u043c\u0435\u043d\u044f\u0435\u0442\u0441\u044f, \u043a\u043e\u0433\u0434\u0430 <a href=\"http://shikimori.org/characters/46305-Kuroyukihime\">\u0427\u0435\u0440\u043d\u043e\u0441\u043d\u0435\u0436\u043a\u0430</a>, \u0441\u0430\u043c\u0430\u044f \u043f\u043e\u043f\u0443\u043b\u044f\u0440\u043d\u0430\u044f \u0434\u0435\u0432\u0443\u0448\u043a\u0430 \u0432 \u0448\u043a\u043e\u043b\u0435, \u043f\u043e\u043a\u0430\u0437\u044b\u0432\u0430\u0435\u0442 \u0435\u043c\u0443 \u0442\u0430\u0438\u043d\u0441\u0442\u0432\u0435\u043d\u043d\u0443\u044e \u043f\u0440\u043e\u0433\u0440\u0430\u043c\u043c\u0443 \u0432\u0438\u0440\u0442\u0443\u0430\u043b\u044c\u043d\u043e\u0439 \u0440\u0435\u0430\u043b\u044c\u043d\u043e\u0441\u0442\u0438, \u043d\u0430\u0437\u044b\u0432\u0430\u0435\u043c\u0443\u044e Brain Burst, \u0441\u0442\u0430\u0432\u0448\u0443\u044e \u043e\u043a\u043d\u043e\u043c \u0432 \u043d\u043e\u0432\u044b\u0439 \u043c\u0438\u0440, \u0423\u0441\u043a\u043e\u0440\u0435\u043d\u043d\u044b\u0439 \u043c\u0438\u0440...</p>", "avatar": "/home/ctulhu/anylist/anylist/media/11759.jpg", "genres": [1, 20, 32, 34, 41, 43]}, "pk": 25, "model": "apps.production"}, {"fields": {"title": "Bones", "pub_date": "2014-06-22T09:59:38.843Z", "old_limit": 2, "description": "<p><em><strong>Bones</strong></em> is an American <a href=\"https://en.wikipedia.org/wiki/Police_procedural\">crime</a> <a href=\"https://en.wikipedia.org/wiki/Comedy-drama\">comedy-drama</a> television series that premiered on <a href=\"https://en.wikipedia.org/wiki/Fox_Broadcasting_Company\">Fox</a> in the United States on September 13, 2005. The show is based on <a href=\"https://en.wikipedia.org/wiki/Forensic_anthropology\">forensic anthropology</a> and <a href=\"https://en.wikipedia.org/wiki/Forensic_archaeology\">forensic archaeology</a>, with each episode focusing on an <a href=\"https://en.wikipedia.org/wiki/Federal_Bureau_of_Investigation\">FBI</a> case file concerning the mystery behind human remains brought by FBI <a href=\"https://en.wikipedia.org/wiki/Special_Agent\">Special Agent</a> <a href=\"https://en.wikipedia.org/wiki/Seeley_Booth\">Seeley Booth</a> (<a href=\"https://en.wikipedia.org/wiki/David_Boreanaz\">David Boreanaz</a>) to the forensic anthropologist Dr. <a href=\"https://en.wikipedia.org/wiki/Temperance_%22Bones%22_Brennan\">Temperance &quot;Bones&quot; Brennan</a> (<a href=\"https://en.wikipedia.org/wiki/Emily_Deschanel\">Emily Deschanel</a>). The rest of the main cast includes <a href=\"https://en.wikipedia.org/wiki/Michaela_Conlin\">Michaela Conlin</a>, <a href=\"https://en.wikipedia.org/wiki/T._J._Thyne\">T. J. Thyne</a>, <a href=\"https://en.wikipedia.org/wiki/Eric_Millegan\">Eric Millegan</a>, <a href=\"https://en.wikipedia.org/wiki/Tamara_Taylor\">Tamara Taylor</a>, <a href=\"https://en.wikipedia.org/wiki/Jonathan_Adams_%28American_actor%29\">Jonathan Adams</a>, and <a href=\"https://en.wikipedia.org/wiki/John_Francis_Daley\">John Francis Daley</a>.</p><p>Created by <a href=\"https://en.wikipedia.org/wiki/Hart_Hanson\">Hart Hanson</a>, the series is very loosely based on the life and writings of novelist and <a href=\"https://en.wikipedia.org/wiki/Forensic_anthropology\">forensic anthropologist</a> <a href=\"https://en.wikipedia.org/wiki/Kathy_Reichs\">Kathy Reichs</a>,<a href=\"https://en.wikipedia.org/wiki/Bones_%28TV_series%29#cite_note-IGN2007-1\">[1]</a> who also <a href=\"https://en.wikipedia.org/wiki/Television_producer\">produces</a> the show. Its title character, Temperance Brennan, is named after the <a href=\"https://en.wikipedia.org/wiki/Protagonist\">protagonist</a> of Reichs&#39; crime novel series. Similarly, Dr. Brennan writes successful mystery novels based around a fictional (in the <em>Bones</em> universe) forensic anthropologist named Kathy Reichs. <em>Bones</em> is a joint production by Josephson Entertainment, Far Field Productions and <a href=\"https://en.wikipedia.org/wiki/20th_Century_Fox_Television\">20th Century Fox Television</a></p>", "avatar": "/home/ctulhu/anylist/anylist/media/images.duckduckgo.com_2.jpeg", "genres": [14, 27, 42]}, "pk": 26, "model": "apps.production"}, {"fields": {"link": 1}, "pk": 1, "model": "apps.anime"}, {"fields": {"link": 3}, "pk": 2, "model": "apps.anime"}, {"fields": {"link": 4}, "pk": 3, "model": "apps.anime"}, {"fields": {"link": 5}, "pk": 4, "model": "apps.anime"}, {"fields": {"link": 6}, "pk": 5, "model": "apps.anime"}, {"fields": {"link": 7}, "pk": 6, "model": "apps.anime"}, {"fields": {"link": 8}, "pk": 7, "model": "apps.anime"}, {"fields": {"link": 9}, "pk": 8, "model": "apps.anime"}, {"fields": {"link": 10}, "pk": 9, "model": "apps.anime"}, {"fields": {"link": 11}, "pk": 10, "model": "apps.anime"}, {"fields": {"link": 12}, "pk": 11, "model": "apps.anime"}, {"fields": {"link": 13}, "pk": 12, "model": "apps.anime"}, {"fields": {"link": 14}, "pk": 13, "model": "apps.anime"}, {"fields": {"link": 15}, "pk": 14, "model": "apps.anime"}, {"fields": {"link": 20}, "pk": 15, "model": "apps.anime"}, {"fields": {"link": 21}, "pk": 16, "model": "apps.anime"}, {"fields": {"link": 25}, "pk": 17, "model": "apps.anime"}, {"fields": {"link": 2}, "pk": 1, "model": "apps.manga"}, {"fields": {"link": 16}, "pk": 2, "model": "apps.manga"}, {"fields": {"link": 17}, "pk": 3, "model": "apps.manga"}, {"fields": {"link": 18}, "pk": 4, "model": "apps.manga"}, {"fields": {"link": 19}, "pk": 5, "model": "apps.manga"}, {"fields": {"link": 22}, "pk": 6, "model": "apps.manga"}, {"fields": {"link": 23}, "pk": 7, "model": "apps.manga"}, {"fields": {"link": 24}, "pk": 8, "model": "apps.manga"}, {"fields": {"link": 26}, "pk": 1, "model": "apps.criminalystic"}, {"fields": {"product": 18, "start_date": null, "num_season": 1, "name": "\u041c\u043e\u043d\u0431\u043b\u0430\u043d", "number": 1, "length": 39}, "pk": 1, "model": "apps.serie"}, {"fields": {"product": 18, "start_date": null, "num_season": 1, "name": "\u0413\u0435\u0437\u0438\u0445\u0442", "number": 2, "length": 29}, "pk": 2, "model": "apps.serie"}, {"fields": {"product": 18, "start_date": null, "num_season": 1, "name": "\u0411\u0440\u0430\u0443-1589", "number": 3, "length": 25}, "pk": 3, "model": "apps.serie"}, {"fields": {"product": 18, "start_date": null, "num_season": 1, "name": "\u041d\u043e\u0440\u0434 \u2116 2", "number": 4, "length": 25}, "pk": 4, "model": "apps.serie"}, {"fields": {"product": 18, "start_date": null, "num_season": 1, "name": "\u041d\u043e\u0440\u0434 \u21162 (\u0447\u0430\u0441\u0442\u044c 2)", "number": 5, "length": 25}, "pk": 5, "model": "apps.serie"}, {"fields": {"product": 18, "start_date": null, "num_season": 1, "name": "\u041d\u043e\u0440\u0434 \u2116 2 (\u0437\u0430\u043a\u043b\u044e\u0447\u0435\u043d\u0438\u0435)", "number": 6, "length": 29}, "pk": 6, "model": "apps.serie"}, {"fields": {"product": 18, "start_date": null, "num_season": 1, "name": "\u0411\u0440\u0430\u043d\u0434\u043e", "number": 7, "length": 29}, "pk": 7, "model": "apps.serie"}, {"fields": {"product": 18, "start_date": null, "num_season": 2, "name": "\u041c\u043e\u0433\u0443\u0447\u0438\u0439 \u0410\u0442\u043e\u043c", "number": 1, "length": 31}, "pk": 8, "model": "apps.serie"}, {"fields": {"product": 18, "start_date": null, "num_season": 2, "name": "\u041f\u0440\u043e\u0444\u0435\u0441\u0441\u043e\u0440 \u041e\u0442\u044f\u043d\u043e\u043c\u0438\u0434\u0437\u0443", "number": 2, "length": 27}, "pk": 9, "model": "apps.serie"}, {"fields": {"product": 2, "start_date": null, "num_season": 1, "name": "", "number": 1, "length": 49}, "pk": 10, "model": "apps.serie"}, {"fields": {"product": 18, "start_date": null, "num_season": 2, "name": "\u0413\u0435\u0440\u0430\u043a\u043b", "number": 3, "length": 26}, "pk": 11, "model": "apps.serie"}, {"fields": {"product": 18, "start_date": null, "num_season": 2, "name": "\u041e\u0431\u0449\u0430\u044f \u0441\u0432\u044f\u0437\u044c", "number": 4, "length": 26}, "pk": 12, "model": "apps.serie"}, {"fields": {"product": 18, "start_date": null, "num_season": 3, "name": "\u0423\u0440\u0430\u043d", "number": 1, "length": 29}, "pk": 13, "model": "apps.serie"}, {"fields": {"product": 18, "start_date": null, "num_season": 2, "name": "\u0421\u0435\u043c\u0435\u0439\u043d\u044b\u0439 \u043f\u043e\u0440\u0442\u0440\u0435\u0442", "number": 5, "length": 26}, "pk": 14, "model": "apps.serie"}, {"fields": {"product": 26, "start_date": null, "num_season": 1, "name": "Pilot", "number": 1, "length": 40}, "pk": 15, "model": "apps.serie"}, {"fields": {"name": "Planned"}, "pk": 1, "model": "apps.status"}, {"fields": {"name": "Watch"}, "pk": 2, "model": "apps.status"}, {"fields": {"name": "ReWatching"}, "pk": 3, "model": "apps.status"}, {"fields": {"name": "Watched"}, "pk": 4, "model": "apps.status"}, {"fields": {"name": "Dropped"}, "pk": 5, "model": "apps.status"}, {"fields": {"name": "Deffered"}, "pk": 6, "model": "apps.status"}, {"fields": {"migration": "0001_foo", "app_name": "apps", "applied": "2014-06-01T13:06:44.166Z"}, "pk": 1, "model": "south.migrationhistory"}, {"fields": {"migration": "0002_foo", "app_name": "apps", "applied": "2014-06-01T13:07:59.276Z"}, "pk": 2, "model": "south.migrationhistory"}, {"fields": {"migration": "0003_foo", "app_name": "apps", "applied": "2014-06-01T18:30:31.054Z"}, "pk": 3, "model": "south.migrationhistory"}, {"fields": {"migration": "0004_foo", "app_name": "apps", "applied": "2014-06-02T11:43:47.856Z"}, "pk": 4, "model": "south.migrationhistory"}, {"fields": {"migration": "0005_foo", "app_name": "apps", "applied": "2014-06-02T11:44:49.936Z"}, "pk": 5, "model": "south.migrationhistory"}, {"fields": {"migration": "0006_foo", "app_name": "apps", "applied": "2014-06-02T21:15:09.734Z"}, "pk": 6, "model": "south.migrationhistory"}, {"fields": {"migration": "0007_foo", "app_name": "apps", "applied": "2014-06-03T21:10:31.941Z"}, "pk": 7, "model": "south.migrationhistory"}, {"fields": {"migration": "0008_foo", "app_name": "apps", "applied": "2014-06-03T21:23:33.999Z"}, "pk": 8, "model": "south.migrationhistory"}, {"fields": {"migration": "0009_foo", "app_name": "apps", "applied": "2014-06-03T21:37:03.741Z"}, "pk": 9, "model": "south.migrationhistory"}, {"fields": {"migration": "0010_foo", "app_name": "apps", "applied": "2014-06-03T21:44:18.792Z"}, "pk": 10, "model": "south.migrationhistory"}, {"fields": {"migration": "0011_foo", "app_name": "apps", "applied": "2014-06-03T22:45:34.927Z"}, "pk": 11, "model": "south.migrationhistory"}, {"fields": {"migration": "0012_foo", "app_name": "apps", "applied": "2014-06-03T22:45:35.999Z"}, "pk": 12, "model": "south.migrationhistory"}, {"fields": {"migration": "0013_foo", "app_name": "apps", "applied": "2014-06-03T22:45:36.960Z"}, "pk": 13, "model": "south.migrationhistory"}, {"fields": {"migration": "0014_foo", "app_name": "apps", "applied": "2014-06-03T22:45:38.044Z"}, "pk": 14, "model": "south.migrationhistory"}, {"fields": {"migration": "0015_foo", "app_name": "apps", "applied": "2014-06-03T22:45:39.049Z"}, "pk": 15, "model": "south.migrationhistory"}, {"fields": {"migration": "0016_foo", "app_name": "apps", "applied": "2014-06-03T22:45:40.100Z"}, "pk": 16, "model": "south.migrationhistory"}, {"fields": {"migration": "0017_foo", "app_name": "apps", "applied": "2014-06-08T02:52:31.473Z"}, "pk": 17, "model": "south.migrationhistory"}, {"fields": {"migration": "0001_initial", "app_name": "easy_thumbnails", "applied": "2014-06-12T02:48:20.682Z"}, "pk": 18, "model": "south.migrationhistory"}, {"fields": {"migration": "0002_filename_indexes", "app_name": "easy_thumbnails", "applied": "2014-06-12T02:48:21.431Z"}, "pk": 19, "model": "south.migrationhistory"}, {"fields": {"migration": "0003_auto__add_storagenew", "app_name": "easy_thumbnails", "applied": "2014-06-12T02:48:22.047Z"}, "pk": 20, "model": "south.migrationhistory"}, {"fields": {"migration": "0004_auto__add_field_source_storage_new__add_field_thumbnail_storage_new", "app_name": "easy_thumbnails", "applied": "2014-06-12T02:48:24.251Z"}, "pk": 21, "model": "south.migrationhistory"}, {"fields": {"migration": "0005_storage_fks_null", "app_name": "easy_thumbnails", "applied": "2014-06-12T02:48:26.519Z"}, "pk": 22, "model": "south.migrationhistory"}, {"fields": {"migration": "0006_copy_storage", "app_name": "easy_thumbnails", "applied": "2014-06-12T02:48:26.709Z"}, "pk": 23, "model": "south.migrationhistory"}, {"fields": {"migration": "0007_storagenew_fks_not_null", "app_name": "easy_thumbnails", "applied": "2014-06-12T02:48:28.946Z"}, "pk": 24, "model": "south.migrationhistory"}, {"fields": {"migration": "0008_auto__del_field_source_storage__del_field_thumbnail_storage", "app_name": "easy_thumbnails", "applied": "2014-06-12T02:48:31.060Z"}, "pk": 25, "model": "south.migrationhistory"}, {"fields": {"migration": "0009_auto__del_storage", "app_name": "easy_thumbnails", "applied": "2014-06-12T02:48:31.462Z"}, "pk": 26, "model": "south.migrationhistory"}, {"fields": {"migration": "0010_rename_storage", "app_name": "easy_thumbnails", "applied": "2014-06-12T02:48:33.620Z"}, "pk": 27, "model": "south.migrationhistory"}, {"fields": {"migration": "0011_auto__add_field_source_storage_hash__add_field_thumbnail_storage_hash", "app_name": "easy_thumbnails", "applied": "2014-06-12T02:48:35.733Z"}, "pk": 28, "model": "south.migrationhistory"}, {"fields": {"migration": "0012_build_storage_hashes", "app_name": "easy_thumbnails", "applied": "2014-06-12T02:48:35.943Z"}, "pk": 29, "model": "south.migrationhistory"}, {"fields": {"migration": "0013_auto__del_storage__del_field_source_storage__del_field_thumbnail_stora", "app_name": "easy_thumbnails", "applied": "2014-06-12T02:48:38.259Z"}, "pk": 30, "model": "south.migrationhistory"}, {"fields": {"migration": "0014_auto__add_unique_source_name_storage_hash__add_unique_thumbnail_name_s", "app_name": "easy_thumbnails", "applied": "2014-06-12T02:48:38.821Z"}, "pk": 31, "model": "south.migrationhistory"}, {"fields": {"migration": "0015_auto__del_unique_thumbnail_name_storage_hash__add_unique_thumbnail_sou", "app_name": "easy_thumbnails", "applied": "2014-06-12T02:48:40.362Z"}, "pk": 32, "model": "south.migrationhistory"}, {"fields": {"migration": "0016_auto__add_thumbnaildimensions", "app_name": "easy_thumbnails", "applied": "2014-06-12T02:48:40.766Z"}, "pk": 33, "model": "south.migrationhistory"}, {"fields": {"migration": "0018_foo", "app_name": "apps", "applied": "2014-06-12T04:45:49.981Z"}, "pk": 34, "model": "south.migrationhistory"}, {"fields": {"migration": "0019_foo", "app_name": "apps", "applied": "2014-06-12T04:52:44.331Z"}, "pk": 35, "model": "south.migrationhistory"}, {"fields": {"migration": "0020_foo", "app_name": "apps", "applied": "2014-06-18T08:22:40.421Z"}, "pk": 36, "model": "south.migrationhistory"}, {"fields": {"migration": "0021_foo", "app_name": "apps", "applied": "2014-06-18T08:27:00.569Z"}, "pk": 37, "model": "south.migrationhistory"}, {"fields": {"migration": "0022_foo", "app_name": "apps", "applied": "2014-06-18T08:44:42.429Z"}, "pk": 38, "model": "south.migrationhistory"}, {"fields": {"migration": "0023_foo", "app_name": "apps", "applied": "2014-06-18T11:16:44.083Z"}, "pk": 39, "model": "south.migrationhistory"}, {"fields": {"migration": "0024_foo", "app_name": "apps", "applied": "2014-06-18T12:25:29.873Z"}, "pk": 40, "model": "south.migrationhistory"}, {"fields": {"migration": "0025_foo", "app_name": "apps", "applied": "2014-06-19T07:48:37.007Z"}, "pk": 41, "model": "south.migrationhistory"}, {"fields": {"migration": "0026_foo", "app_name": "apps", "applied": "2014-06-22T09:52:30.447Z"}, "pk": 42, "model": "south.migrationhistory"}, {"fields": {"name": "/home/ctulhu/anylist/anylist/media/Anime.png", "modified": "2014-06-12T02:52:10.873Z", "storage_hash": "f9bde26a1556cd667f742bd34ec7c55e"}, "pk": 1, "model": "easy_thumbnails.source"}, {"fields": {"name": "/home/ctulhu/anylist/anylist/media/41773_5.jpg", "modified": "2014-06-18T02:11:03.599Z", "storage_hash": "f9bde26a1556cd667f742bd34ec7c55e"}, "pk": 2, "model": "easy_thumbnails.source"}, {"fields": {"name": "/home/ctulhu/anylist/anylist/media/731.jpg", "modified": "2014-06-18T02:11:03.968Z", "storage_hash": "f9bde26a1556cd667f742bd34ec7c55e"}, "pk": 3, "model": "easy_thumbnails.source"}, {"fields": {"name": "/home/ctulhu/anylist/anylist/media/271_o.jpg", "modified": "2014-06-18T02:11:04.417Z", "storage_hash": "f9bde26a1556cd667f742bd34ec7c55e"}, "pk": 4, "model": "easy_thumbnails.source"}, {"fields": {"name": "/home/ctulhu/anylist/anylist/media/999_o.jpg", "modified": "2014-06-18T02:11:04.921Z", "storage_hash": "f9bde26a1556cd667f742bd34ec7c55e"}, "pk": 5, "model": "easy_thumbnails.source"}, {"fields": {"name": "/home/ctulhu/anylist/anylist/media/632_o.jpg", "modified": "2014-06-18T02:11:05.324Z", "storage_hash": "f9bde26a1556cd667f742bd34ec7c55e"}, "pk": 6, "model": "easy_thumbnails.source"}, {"fields": {"name": "/home/ctulhu/anylist/anylist/media/49865.jpg", "modified": "2014-06-18T02:11:05.657Z", "storage_hash": "f9bde26a1556cd667f742bd34ec7c55e"}, "pk": 7, "model": "easy_thumbnails.source"}, {"fields": {"name": "/home/ctulhu/anylist/anylist/media/555_o-copy.jpg", "modified": "2014-06-18T02:11:06.026Z", "storage_hash": "f9bde26a1556cd667f742bd34ec7c55e"}, "pk": 8, "model": "easy_thumbnails.source"}, {"fields": {"name": "/home/ctulhu/anylist/anylist/media/39139.jpg", "modified": "2014-06-18T02:11:06.358Z", "storage_hash": "f9bde26a1556cd667f742bd34ec7c55e"}, "pk": 9, "model": "easy_thumbnails.source"}, {"fields": {"name": "/home/ctulhu/anylist/anylist/media/21405.jpg", "modified": "2014-06-18T08:23:03.796Z", "storage_hash": "f9bde26a1556cd667f742bd34ec7c55e"}, "pk": 10, "model": "easy_thumbnails.source"}, {"fields": {"name": "/home/ctulhu/anylist/anylist/media/19429_1.jpg", "modified": "2014-06-20T10:57:14.399Z", "storage_hash": "f9bde26a1556cd667f742bd34ec7c55e"}, "pk": 11, "model": "easy_thumbnails.source"}, {"fields": {"name": "/home/ctulhu/anylist/anylist/media/20787.jpg", "modified": "2014-06-20T15:41:49.671Z", "storage_hash": "f9bde26a1556cd667f742bd34ec7c55e"}, "pk": 12, "model": "easy_thumbnails.source"}, {"fields": {"name": "/home/ctulhu/anylist/anylist/media/22547.jpg", "modified": "2014-06-20T15:41:50.133Z", "storage_hash": "f9bde26a1556cd667f742bd34ec7c55e"}, "pk": 13, "model": "easy_thumbnails.source"}, {"fields": {"name": "/home/ctulhu/anylist/anylist/media/21677.jpg", "modified": "2014-06-20T15:41:50.548Z", "storage_hash": "f9bde26a1556cd667f742bd34ec7c55e"}, "pk": 14, "model": "easy_thumbnails.source"}, {"fields": {"name": "/home/ctulhu/anylist/anylist/media/22043.jpg", "modified": "2014-06-20T15:41:50.921Z", "storage_hash": "f9bde26a1556cd667f742bd34ec7c55e"}, "pk": 15, "model": "easy_thumbnails.source"}, {"fields": {"name": "/home/ctulhu/anylist/anylist/media/20785.jpg", "modified": "2014-06-20T15:41:51.292Z", "storage_hash": "f9bde26a1556cd667f742bd34ec7c55e"}, "pk": 16, "model": "easy_thumbnails.source"}, {"fields": {"name": "/home/ctulhu/anylist/anylist/media/21863.jpg", "modified": "2014-06-20T15:41:51.655Z", "storage_hash": "f9bde26a1556cd667f742bd34ec7c55e"}, "pk": 17, "model": "easy_thumbnails.source"}, {"fields": {"name": "/home/ctulhu/anylist/anylist/media/21603.jpg", "modified": "2014-06-20T15:41:51.995Z", "storage_hash": "f9bde26a1556cd667f742bd34ec7c55e"}, "pk": 18, "model": "easy_thumbnails.source"}, {"fields": {"name": "/home/ctulhu/anylist/anylist/media/21939.jpg", "modified": "2014-06-20T15:41:52.345Z", "storage_hash": "f9bde26a1556cd667f742bd34ec7c55e"}, "pk": 19, "model": "easy_thumbnails.source"}, {"fields": {"name": "/home/ctulhu/anylist/anylist/media/19815.jpg", "modified": "2014-06-20T15:41:52.772Z", "storage_hash": "f9bde26a1556cd667f742bd34ec7c55e"}, "pk": 20, "model": "easy_thumbnails.source"}, {"fields": {"name": "/home/ctulhu/anylist/anylist/media/21561.jpg", "modified": "2014-06-20T15:41:53.183Z", "storage_hash": "f9bde26a1556cd667f742bd34ec7c55e"}, "pk": 21, "model": "easy_thumbnails.source"}, {"fields": {"name": "/home/ctulhu/anylist/anylist/media/22273.jpg", "modified": "2014-06-20T15:41:53.561Z", "storage_hash": "f9bde26a1556cd667f742bd34ec7c55e"}, "pk": 22, "model": "easy_thumbnails.source"}, {"fields": {"name": "/home/ctulhu/anylist/anylist/media/19775.jpg", "modified": "2014-06-20T15:41:53.919Z", "storage_hash": "f9bde26a1556cd667f742bd34ec7c55e"}, "pk": 23, "model": "easy_thumbnails.source"}, {"fields": {"name": "/home/ctulhu/anylist/anylist/media/369.jpg", "modified": "2014-06-20T15:41:54.294Z", "storage_hash": "f9bde26a1556cd667f742bd34ec7c55e"}, "pk": 24, "model": "easy_thumbnails.source"}, {"fields": {"name": "/home/ctulhu/anylist/anylist/media/6746.jpg", "modified": "2014-06-20T15:41:54.638Z", "storage_hash": "f9bde26a1556cd667f742bd34ec7c55e"}, "pk": 25, "model": "easy_thumbnails.source"}, {"fields": {"name": "/home/ctulhu/anylist/anylist/media/11759.jpg", "modified": "2014-06-21T10:17:51.862Z", "storage_hash": "f9bde26a1556cd667f742bd34ec7c55e"}, "pk": 26, "model": "easy_thumbnails.source"}, {"fields": {"name": "/home/ctulhu/anylist/anylist/media/images.duckduckgo.com_2.jpeg", "modified": "2014-06-22T09:59:39.681Z", "storage_hash": "f9bde26a1556cd667f742bd34ec7c55e"}, "pk": 27, "model": "easy_thumbnails.source"}, {"fields": {"name": "/home/ctulhu/anylist/anylist/media/Miku-Hatsune-Icon-hatsune-miku-14355629-100-100_1.jpg", "modified": "2014-06-22T10:03:45.047Z", "storage_hash": "f9bde26a1556cd667f742bd34ec7c55e"}, "pk": 28, "model": "easy_thumbnails.source"}, {"fields": {"name": "/home/ctulhu/anylist/anylist/media/dragonball-kai-icon.png", "modified": "2014-06-22T10:03:45.365Z", "storage_hash": "f9bde26a1556cd667f742bd34ec7c55e"}, "pk": 29, "model": "easy_thumbnails.source"}, {"fields": {"name": "/home/ctulhu/anylist/anylist/media/images.duckduckgo.com_3.jpeg", "modified": "2014-06-22T10:29:42.594Z", "storage_hash": "f9bde26a1556cd667f742bd34ec7c55e"}, "pk": 30, "model": "easy_thumbnails.source"}, {"fields": {"name": "/home/ctulhu/anylist/anylist/media/Anime.png.50x50_q85_crop.png", "source": 1, "modified": "2014-06-12T02:52:11.036Z", "storage_hash": "d26becbf46ac48eda79c7a39a13a02dd"}, "pk": 1, "model": "easy_thumbnails.thumbnail"}, {"fields": {"name": "/home/ctulhu/anylist/anylist/media/41773_5.jpg.250x310_q85_crop.jpg", "source": 2, "modified": "2014-06-18T02:11:03.789Z", "storage_hash": "d26becbf46ac48eda79c7a39a13a02dd"}, "pk": 2, "model": "easy_thumbnails.thumbnail"}, {"fields": {"name": "/home/ctulhu/anylist/anylist/media/731.jpg.250x310_q85_crop.jpg", "source": 3, "modified": "2014-06-18T02:11:04.125Z", "storage_hash": "d26becbf46ac48eda79c7a39a13a02dd"}, "pk": 3, "model": "easy_thumbnails.thumbnail"}, {"fields": {"name": "/home/ctulhu/anylist/anylist/media/271_o.jpg.250x310_q85_crop.jpg", "source": 4, "modified": "2014-06-18T02:11:04.573Z", "storage_hash": "d26becbf46ac48eda79c7a39a13a02dd"}, "pk": 4, "model": "easy_thumbnails.thumbnail"}, {"fields": {"name": "/home/ctulhu/anylist/anylist/media/999_o.jpg.250x310_q85_crop.jpg", "source": 5, "modified": "2014-06-18T02:11:05.053Z", "storage_hash": "d26becbf46ac48eda79c7a39a13a02dd"}, "pk": 5, "model": "easy_thumbnails.thumbnail"}, {"fields": {"name": "/home/ctulhu/anylist/anylist/media/632_o.jpg.250x310_q85_crop.jpg", "source": 6, "modified": "2014-06-18T02:11:05.488Z", "storage_hash": "d26becbf46ac48eda79c7a39a13a02dd"}, "pk": 6, "model": "easy_thumbnails.thumbnail"}, {"fields": {"name": "/home/ctulhu/anylist/anylist/media/49865.jpg.250x310_q85_crop.jpg", "source": 7, "modified": "2014-06-18T02:11:05.813Z", "storage_hash": "d26becbf46ac48eda79c7a39a13a02dd"}, "pk": 7, "model": "easy_thumbnails.thumbnail"}, {"fields": {"name": "/home/ctulhu/anylist/anylist/media/555_o-copy.jpg.250x310_q85_crop.jpg", "source": 8, "modified": "2014-06-18T02:11:06.170Z", "storage_hash": "d26becbf46ac48eda79c7a39a13a02dd"}, "pk": 8, "model": "easy_thumbnails.thumbnail"}, {"fields": {"name": "/home/ctulhu/anylist/anylist/media/39139.jpg.250x310_q85_crop.jpg", "source": 9, "modified": "2014-06-18T02:11:06.542Z", "storage_hash": "d26becbf46ac48eda79c7a39a13a02dd"}, "pk": 9, "model": "easy_thumbnails.thumbnail"}, {"fields": {"name": "/home/ctulhu/anylist/anylist/media/21405.jpg.250x310_q85_crop.jpg", "source": 10, "modified": "2014-06-18T08:23:03.949Z", "storage_hash": "d26becbf46ac48eda79c7a39a13a02dd"}, "pk": 10, "model": "easy_thumbnails.thumbnail"}, {"fields": {"name": "/home/ctulhu/anylist/anylist/media/19429_1.jpg.250x310_q85_crop.jpg", "source": 11, "modified": "2014-06-20T10:57:14.612Z", "storage_hash": "d26becbf46ac48eda79c7a39a13a02dd"}, "pk": 11, "model": "easy_thumbnails.thumbnail"}, {"fields": {"name": "/home/ctulhu/anylist/anylist/media/20787.jpg.250x310_q85_crop.jpg", "source": 12, "modified": "2014-06-20T15:41:49.958Z", "storage_hash": "d26becbf46ac48eda79c7a39a13a02dd"}, "pk": 12, "model": "easy_thumbnails.thumbnail"}, {"fields": {"name": "/home/ctulhu/anylist/anylist/media/22547.jpg.250x310_q85_crop.jpg", "source": 13, "modified": "2014-06-20T15:41:50.317Z", "storage_hash": "d26becbf46ac48eda79c7a39a13a02dd"}, "pk": 13, "model": "easy_thumbnails.thumbnail"}, {"fields": {"name": "/home/ctulhu/anylist/anylist/media/21677.jpg.250x310_q85_crop.jpg", "source": 14, "modified": "2014-06-20T15:41:50.708Z", "storage_hash": "d26becbf46ac48eda79c7a39a13a02dd"}, "pk": 14, "model": "easy_thumbnails.thumbnail"}, {"fields": {"name": "/home/ctulhu/anylist/anylist/media/22043.jpg.250x310_q85_crop.jpg", "source": 15, "modified": "2014-06-20T15:41:51.099Z", "storage_hash": "d26becbf46ac48eda79c7a39a13a02dd"}, "pk": 15, "model": "easy_thumbnails.thumbnail"}, {"fields": {"name": "/home/ctulhu/anylist/anylist/media/20785.jpg.250x310_q85_crop.jpg", "source": 16, "modified": "2014-06-20T15:41:51.456Z", "storage_hash": "d26becbf46ac48eda79c7a39a13a02dd"}, "pk": 16, "model": "easy_thumbnails.thumbnail"}, {"fields": {"name": "/home/ctulhu/anylist/anylist/media/21863.jpg.250x310_q85_crop.jpg", "source": 17, "modified": "2014-06-20T15:41:51.802Z", "storage_hash": "d26becbf46ac48eda79c7a39a13a02dd"}, "pk": 17, "model": "easy_thumbnails.thumbnail"}, {"fields": {"name": "/home/ctulhu/anylist/anylist/media/21603.jpg.250x310_q85_crop.jpg", "source": 18, "modified": "2014-06-20T15:41:52.159Z", "storage_hash": "d26becbf46ac48eda79c7a39a13a02dd"}, "pk": 18, "model": "easy_thumbnails.thumbnail"}, {"fields": {"name": "/home/ctulhu/anylist/anylist/media/21939.jpg.250x310_q85_crop.jpg", "source": 19, "modified": "2014-06-20T15:41:52.562Z", "storage_hash": "d26becbf46ac48eda79c7a39a13a02dd"}, "pk": 19, "model": "easy_thumbnails.thumbnail"}, {"fields": {"name": "/home/ctulhu/anylist/anylist/media/19815.jpg.250x310_q85_crop.jpg", "source": 20, "modified": "2014-06-20T15:41:52.998Z", "storage_hash": "d26becbf46ac48eda79c7a39a13a02dd"}, "pk": 20, "model": "easy_thumbnails.thumbnail"}, {"fields": {"name": "/home/ctulhu/anylist/anylist/media/21561.jpg.250x310_q85_crop.jpg", "source": 21, "modified": "2014-06-20T15:41:53.377Z", "storage_hash": "d26becbf46ac48eda79c7a39a13a02dd"}, "pk": 21, "model": "easy_thumbnails.thumbnail"}, {"fields": {"name": "/home/ctulhu/anylist/anylist/media/22273.jpg.250x310_q85_crop.jpg", "source": 22, "modified": "2014-06-20T15:41:53.746Z", "storage_hash": "d26becbf46ac48eda79c7a39a13a02dd"}, "pk": 22, "model": "easy_thumbnails.thumbnail"}, {"fields": {"name": "/home/ctulhu/anylist/anylist/media/19775.jpg.250x310_q85_crop.jpg", "source": 23, "modified": "2014-06-20T15:41:54.114Z", "storage_hash": "d26becbf46ac48eda79c7a39a13a02dd"}, "pk": 23, "model": "easy_thumbnails.thumbnail"}, {"fields": {"name": "/home/ctulhu/anylist/anylist/media/369.jpg.250x310_q85_crop.jpg", "source": 24, "modified": "2014-06-20T15:41:54.449Z", "storage_hash": "d26becbf46ac48eda79c7a39a13a02dd"}, "pk": 24, "model": "easy_thumbnails.thumbnail"}, {"fields": {"name": "/home/ctulhu/anylist/anylist/media/6746.jpg.250x310_q85_crop.jpg", "source": 25, "modified": "2014-06-20T15:41:54.795Z", "storage_hash": "d26becbf46ac48eda79c7a39a13a02dd"}, "pk": 25, "model": "easy_thumbnails.thumbnail"}, {"fields": {"name": "/home/ctulhu/anylist/anylist/media/11759.jpg.250x310_q85_crop.jpg", "source": 26, "modified": "2014-06-21T10:17:52.019Z", "storage_hash": "d26becbf46ac48eda79c7a39a13a02dd"}, "pk": 26, "model": "easy_thumbnails.thumbnail"}, {"fields": {"name": "/home/ctulhu/anylist/anylist/media/images.duckduckgo.com_2.jpeg.250x310_q85_crop.jpg", "source": 27, "modified": "2014-06-22T09:59:39.810Z", "storage_hash": "d26becbf46ac48eda79c7a39a13a02dd"}, "pk": 27, "model": "easy_thumbnails.thumbnail"}, {"fields": {"name": "/home/ctulhu/anylist/anylist/media/Miku-Hatsune-Icon-hatsune-miku-14355629-100-100_1.jpg.100x100_q85_crop.jpg", "source": 28, "modified": "2014-06-22T10:03:45.189Z", "storage_hash": "d26becbf46ac48eda79c7a39a13a02dd"}, "pk": 28, "model": "easy_thumbnails.thumbnail"}, {"fields": {"name": "/home/ctulhu/anylist/anylist/media/dragonball-kai-icon.png.100x100_q85_crop.png", "source": 29, "modified": "2014-06-22T10:03:45.502Z", "storage_hash": "d26becbf46ac48eda79c7a39a13a02dd"}, "pk": 29, "model": "easy_thumbnails.thumbnail"}, {"fields": {"name": "/home/ctulhu/anylist/anylist/media/images.duckduckgo.com_3.jpeg.100x100_q85_crop.jpg", "source": 30, "modified": "2014-06-22T10:29:42.723Z", "storage_hash": "d26becbf46ac48eda79c7a39a13a02dd"}, "pk": 30, "model": "easy_thumbnails.thumbnail"}, {"fields": {"name": "Can add log entry", "codename": "add_logentry", "content_type": 1}, "pk": 1, "model": "auth.permission"}, {"fields": {"name": "Can change log entry", "codename": "change_logentry", "content_type": 1}, "pk": 2, "model": "auth.permission"}, {"fields": {"name": "Can delete log entry", "codename": "delete_logentry", "content_type": 1}, "pk": 3, "model": "auth.permission"}, {"fields": {"name": "Can add permission", "codename": "add_permission", "content_type": 2}, "pk": 4, "model": "auth.permission"}, {"fields": {"name": "Can change permission", "codename": "change_permission", "content_type": 2}, "pk": 5, "model": "auth.permission"}, {"fields": {"name": "Can delete permission", "codename": "delete_permission", "content_type": 2}, "pk": 6, "model": "auth.permission"}, {"fields": {"name": "Can add group", "codename": "add_group", "content_type": 3}, "pk": 7, "model": "auth.permission"}, {"fields": {"name": "Can change group", "codename": "change_group", "content_type": 3}, "pk": 8, "model": "auth.permission"}, {"fields": {"name": "Can delete group", "codename": "delete_group", "content_type": 3}, "pk": 9, "model": "auth.permission"}, {"fields": {"name": "Can add user", "codename": "add_user", "content_type": 4}, "pk": 10, "model": "auth.permission"}, {"fields": {"name": "Can change user", "codename": "change_user", "content_type": 4}, "pk": 11, "model": "auth.permission"}, {"fields": {"name": "Can delete user", "codename": "delete_user", "content_type": 4}, "pk": 12, "model": "auth.permission"}, {"fields": {"name": "Can add content type", "codename": "add_contenttype", "content_type": 5}, "pk": 13, "model": "auth.permission"}, {"fields": {"name": "Can change content type", "codename": "change_contenttype", "content_type": 5}, "pk": 14, "model": "auth.permission"}, {"fields": {"name": "Can delete content type", "codename": "delete_contenttype", "content_type": 5}, "pk": 15, "model": "auth.permission"}, {"fields": {"name": "Can add session", "codename": "add_session", "content_type": 6}, "pk": 16, "model": "auth.permission"}, {"fields": {"name": "Can change session", "codename": "change_session", "content_type": 6}, "pk": 17, "model": "auth.permission"}, {"fields": {"name": "Can delete session", "codename": "delete_session", "content_type": 6}, "pk": 18, "model": "auth.permission"}, {"fields": {"name": "Can add genre group", "codename": "add_genregroup", "content_type": 7}, "pk": 19, "model": "auth.permission"}, {"fields": {"name": "Can change genre group", "codename": "change_genregroup", "content_type": 7}, "pk": 20, "model": "auth.permission"}, {"fields": {"name": "Can delete genre group", "codename": "delete_genregroup", "content_type": 7}, "pk": 21, "model": "auth.permission"}, {"fields": {"name": "Can add raiting", "codename": "add_raiting", "content_type": 8}, "pk": 22, "model": "auth.permission"}, {"fields": {"name": "Can change raiting", "codename": "change_raiting", "content_type": 8}, "pk": 23, "model": "auth.permission"}, {"fields": {"name": "Can delete raiting", "codename": "delete_raiting", "content_type": 8}, "pk": 24, "model": "auth.permission"}, {"fields": {"name": "Can add genre", "codename": "add_genre", "content_type": 9}, "pk": 25, "model": "auth.permission"}, {"fields": {"name": "Can change genre", "codename": "change_genre", "content_type": 9}, "pk": 26, "model": "auth.permission"}, {"fields": {"name": "Can delete genre", "codename": "delete_genre", "content_type": 9}, "pk": 27, "model": "auth.permission"}, {"fields": {"name": "Can add thematic group", "codename": "add_thematicgroup", "content_type": 10}, "pk": 28, "model": "auth.permission"}, {"fields": {"name": "Can change thematic group", "codename": "change_thematicgroup", "content_type": 10}, "pk": 29, "model": "auth.permission"}, {"fields": {"name": "Can delete thematic group", "codename": "delete_thematicgroup", "content_type": 10}, "pk": 30, "model": "auth.permission"}, {"fields": {"name": "Can add category", "codename": "add_category", "content_type": 11}, "pk": 31, "model": "auth.permission"}, {"fields": {"name": "Can change category", "codename": "change_category", "content_type": 11}, "pk": 32, "model": "auth.permission"}, {"fields": {"name": "Can delete category", "codename": "delete_category", "content_type": 11}, "pk": 33, "model": "auth.permission"}, {"fields": {"name": "Can add production", "codename": "add_production", "content_type": 12}, "pk": 34, "model": "auth.permission"}, {"fields": {"name": "Can change production", "codename": "change_production", "content_type": 12}, "pk": 35, "model": "auth.permission"}, {"fields": {"name": "Can delete production", "codename": "delete_production", "content_type": 12}, "pk": 36, "model": "auth.permission"}, {"fields": {"name": "Can add hero", "codename": "add_hero", "content_type": 13}, "pk": 37, "model": "auth.permission"}, {"fields": {"name": "Can change hero", "codename": "change_hero", "content_type": 13}, "pk": 38, "model": "auth.permission"}, {"fields": {"name": "Can delete hero", "codename": "delete_hero", "content_type": 13}, "pk": 39, "model": "auth.permission"}, {"fields": {"name": "Can add anime", "codename": "add_anime", "content_type": 14}, "pk": 40, "model": "auth.permission"}, {"fields": {"name": "Can change anime", "codename": "change_anime", "content_type": 14}, "pk": 41, "model": "auth.permission"}, {"fields": {"name": "Can delete anime", "codename": "delete_anime", "content_type": 14}, "pk": 42, "model": "auth.permission"}, {"fields": {"name": "Can add manga", "codename": "add_manga", "content_type": 15}, "pk": 43, "model": "auth.permission"}, {"fields": {"name": "Can change manga", "codename": "change_manga", "content_type": 15}, "pk": 44, "model": "auth.permission"}, {"fields": {"name": "Can delete manga", "codename": "delete_manga", "content_type": 15}, "pk": 45, "model": "auth.permission"}, {"fields": {"name": "Can add migration history", "codename": "add_migrationhistory", "content_type": 16}, "pk": 46, "model": "auth.permission"}, {"fields": {"name": "Can change migration history", "codename": "change_migrationhistory", "content_type": 16}, "pk": 47, "model": "auth.permission"}, {"fields": {"name": "Can delete migration history", "codename": "delete_migrationhistory", "content_type": 16}, "pk": 48, "model": "auth.permission"}, {"fields": {"name": "Can add serie", "codename": "add_serie", "content_type": 18}, "pk": 52, "model": "auth.permission"}, {"fields": {"name": "Can change serie", "codename": "change_serie", "content_type": 18}, "pk": 53, "model": "auth.permission"}, {"fields": {"name": "Can delete serie", "codename": "delete_serie", "content_type": 18}, "pk": 54, "model": "auth.permission"}, {"fields": {"name": "Can add status", "codename": "add_status", "content_type": 20}, "pk": 58, "model": "auth.permission"}, {"fields": {"name": "Can change status", "codename": "change_status", "content_type": 20}, "pk": 59, "model": "auth.permission"}, {"fields": {"name": "Can delete status", "codename": "delete_status", "content_type": 20}, "pk": 60, "model": "auth.permission"}, {"fields": {"name": "Can add listed product", "codename": "add_listedproduct", "content_type": 21}, "pk": 61, "model": "auth.permission"}, {"fields": {"name": "Can change listed product", "codename": "change_listedproduct", "content_type": 21}, "pk": 62, "model": "auth.permission"}, {"fields": {"name": "Can delete listed product", "codename": "delete_listedproduct", "content_type": 21}, "pk": 63, "model": "auth.permission"}, {"fields": {"name": "Can add source", "codename": "add_source", "content_type": 22}, "pk": 64, "model": "auth.permission"}, {"fields": {"name": "Can change source", "codename": "change_source", "content_type": 22}, "pk": 65, "model": "auth.permission"}, {"fields": {"name": "Can delete source", "codename": "delete_source", "content_type": 22}, "pk": 66, "model": "auth.permission"}, {"fields": {"name": "Can add thumbnail", "codename": "add_thumbnail", "content_type": 23}, "pk": 67, "model": "auth.permission"}, {"fields": {"name": "Can change thumbnail", "codename": "change_thumbnail", "content_type": 23}, "pk": 68, "model": "auth.permission"}, {"fields": {"name": "Can delete thumbnail", "codename": "delete_thumbnail", "content_type": 23}, "pk": 69, "model": "auth.permission"}, {"fields": {"name": "Can add thumbnail dimensions", "codename": "add_thumbnaildimensions", "content_type": 24}, "pk": 70, "model": "auth.permission"}, {"fields": {"name": "Can change thumbnail dimensions", "codename": "change_thumbnaildimensions", "content_type": 24}, "pk": 71, "model": "auth.permission"}, {"fields": {"name": "Can delete thumbnail dimensions", "codename": "delete_thumbnaildimensions", "content_type": 24}, "pk": 72, "model": "auth.permission"}, {"fields": {"name": "Can add dash board", "codename": "add_dashboard", "content_type": 25}, "pk": 73, "model": "auth.permission"}, {"fields": {"name": "Can change dash board", "codename": "change_dashboard", "content_type": 25}, "pk": 74, "model": "auth.permission"}, {"fields": {"name": "Can delete dash board", "codename": "delete_dashboard", "content_type": 25}, "pk": 75, "model": "auth.permission"}, {"fields": {"name": "Can add criminalystic", "codename": "add_criminalystic", "content_type": 27}, "pk": 79, "model": "auth.permission"}, {"fields": {"name": "Can change criminalystic", "codename": "change_criminalystic", "content_type": 27}, "pk": 80, "model": "auth.permission"}, {"fields": {"name": "Can delete criminalystic", "codename": "delete_criminalystic", "content_type": 27}, "pk": 81, "model": "auth.permission"}, {"fields": {"username": "ctulhu", "groups": [], "last_name": "", "date_joined": "2014-06-01T12:53:10.236Z", "password": "pbkdf2_sha256$12000$NEpnJqwbPkLw$OJwUggESBroTGQIV74OgD1CmTZJLPyq2v8cRvSqQZUg=", "first_name": "", "is_superuser": true, "email": "sh@ya.ru", "user_permissions": [], "last_login": "2014-06-21T07:32:48.485Z", "is_active": true, "is_staff": true}, "pk": 1, "model": "auth.user"}, {"fields": {"username": "first", "groups": [], "last_name": "", "date_joined": "2014-06-05T14:39:25.839Z", "password": "pbkdf2_sha256$12000$kznHV0p0imfe$/8Hr/jirDKAMSUi1vWPCmoyJwQPGCO9mqMlR90WLDBc=", "first_name": "", "is_superuser": false, "email": "shmatovzhenya@yandex.ru", "user_permissions": [], "last_login": "2014-06-22T19:10:16.129Z", "is_active": true, "is_staff": false}, "pk": 2, "model": "auth.user"}, {"fields": {"username": "second", "groups": [], "last_name": "", "date_joined": "2014-06-05T14:40:18.726Z", "password": "pbkdf2_sha256$12000$sCL3MaO0cEuc$ZBGa0Ji1RTH/FIn93/eHhixNusNJzlCWV8ytvVRBrb0=", "first_name": "", "is_superuser": false, "email": "shmatovzhenya@gmail.com", "user_permissions": [], "last_login": "2014-06-05T14:40:19.515Z", "is_active": true, "is_staff": false}, "pk": 3, "model": "auth.user"}, {"fields": {"product": 4, "user": 1, "series": [], "score": null, "status": 3}, "pk": 4, "model": "apps.listedproduct"}, {"fields": {"product": 5, "user": 1, "series": [], "score": null, "status": 3}, "pk": 6, "model": "apps.listedproduct"}, {"fields": {"product": 8, "user": 1, "series": [], "score": null, "status": 4}, "pk": 8, "model": "apps.listedproduct"}, {"fields": {"product": 6, "user": 1, "series": [], "score": null, "status": 5}, "pk": 9, "model": "apps.listedproduct"}, {"fields": {"product": 3, "user": 1, "series": [], "score": null, "status": 3}, "pk": 10, "model": "apps.listedproduct"}, {"fields": {"product": 1, "user": 1, "series": [], "score": null, "status": 1}, "pk": 12, "model": "apps.listedproduct"}, {"fields": {"product": 18, "user": 1, "series": [7, 4, 11], "score": null, "status": 2}, "pk": 13, "model": "apps.listedproduct"}, {"fields": {"product": 2, "user": 1, "series": [], "score": null, "status": 1}, "pk": 14, "model": "apps.listedproduct"}, {"fields": {"product": 16, "user": 1, "series": [], "score": null, "status": 3}, "pk": 15, "model": "apps.listedproduct"}, {"fields": {"action_time": "2014-06-01T13:00:46.852Z", "user": 1, "action_flag": 1, "object_id": "1", "content_type": 10, "change_message": "", "object_repr": "Japanese Culture"}, "pk": 1, "model": "admin.logentry"}, {"fields": {"action_time": "2014-06-01T13:02:03.248Z", "user": 1, "action_flag": 1, "object_id": "1", "content_type": 11, "change_message": "", "object_repr": "Anime"}, "pk": 2, "model": "admin.logentry"}, {"fields": {"action_time": "2014-06-01T13:02:17.329Z", "user": 1, "action_flag": 1, "object_id": "2", "content_type": 11, "change_message": "", "object_repr": "Manga"}, "pk": 3, "model": "admin.logentry"}, {"fields": {"action_time": "2014-06-01T13:02:44.635Z", "user": 1, "action_flag": 1, "object_id": "1", "content_type": 7, "change_message": "", "object_repr": "Anime Female"}, "pk": 4, "model": "admin.logentry"}, {"fields": {"action_time": "2014-06-01T13:02:49.915Z", "user": 1, "action_flag": 1, "object_id": "2", "content_type": 7, "change_message": "", "object_repr": "Anime Male"}, "pk": 5, "model": "admin.logentry"}, {"fields": {"action_time": "2014-06-01T13:30:38.063Z", "user": 1, "action_flag": 1, "object_id": "1", "content_type": 9, "change_message": "", "object_repr": "\u0421\u0451\u043d\u0435\u043d"}, "pk": 6, "model": "admin.logentry"}, {"fields": {"action_time": "2014-06-01T13:30:44.611Z", "user": 1, "action_flag": 1, "object_id": "2", "content_type": 9, "change_message": "", "object_repr": "\u0421\u0451\u0434\u0437\u0435"}, "pk": 7, "model": "admin.logentry"}, {"fields": {"action_time": "2014-06-01T13:30:55.951Z", "user": 1, "action_flag": 1, "object_id": "3", "content_type": 9, "change_message": "", "object_repr": "\u0421\u044d\u0439\u043d\u0435\u043d"}, "pk": 8, "model": "admin.logentry"}, {"fields": {"action_time": "2014-06-01T13:31:38.889Z", "user": 1, "action_flag": 1, "object_id": "1", "content_type": 8, "change_message": "", "object_repr": "PG-13"}, "pk": 9, "model": "admin.logentry"}, {"fields": {"action_time": "2014-06-01T13:31:44.726Z", "user": 1, "action_flag": 1, "object_id": "2", "content_type": 8, "change_message": "", "object_repr": "NC-17"}, "pk": 10, "model": "admin.logentry"}, {"fields": {"action_time": "2014-06-01T13:31:52.046Z", "user": 1, "action_flag": 1, "object_id": "3", "content_type": 8, "change_message": "", "object_repr": "G"}, "pk": 11, "model": "admin.logentry"}, {"fields": {"action_time": "2014-06-01T13:31:58.214Z", "user": 1, "action_flag": 1, "object_id": "4", "content_type": 8, "change_message": "", "object_repr": "PG"}, "pk": 12, "model": "admin.logentry"}, {"fields": {"action_time": "2014-06-01T15:05:57.010Z", "user": 1, "action_flag": 3, "object_id": "3", "content_type": 12, "change_message": "", "object_repr": "Boku wa Minna Kawaisou"}, "pk": 13, "model": "admin.logentry"}, {"fields": {"action_time": "2014-06-01T15:05:57.137Z", "user": 1, "action_flag": 3, "object_id": "2", "content_type": 12, "change_message": "", "object_repr": "svtv"}, "pk": 14, "model": "admin.logentry"}, {"fields": {"action_time": "2014-06-01T15:05:57.283Z", "user": 1, "action_flag": 3, "object_id": "1", "content_type": 12, "change_message": "", "object_repr": "Nisekoi"}, "pk": 15, "model": "admin.logentry"}, {"fields": {"action_time": "2014-06-01T16:01:55.012Z", "user": 1, "action_flag": 3, "object_id": "6", "content_type": 12, "change_message": "", "object_repr": "Code Geass"}, "pk": 16, "model": "admin.logentry"}, {"fields": {"action_time": "2014-06-02T16:15:45.131Z", "user": 1, "action_flag": 3, "object_id": "1", "content_type": 14, "change_message": "", "object_repr": "Anime object"}, "pk": 17, "model": "admin.logentry"}, {"fields": {"action_time": "2014-06-02T16:15:54.659Z", "user": 1, "action_flag": 3, "object_id": "2", "content_type": 15, "change_message": "", "object_repr": "Manga object"}, "pk": 18, "model": "admin.logentry"}, {"fields": {"action_time": "2014-06-02T16:15:54.800Z", "user": 1, "action_flag": 3, "object_id": "1", "content_type": 15, "change_message": "", "object_repr": "Manga object"}, "pk": 19, "model": "admin.logentry"}, {"fields": {"action_time": "2014-06-02T16:16:04.616Z", "user": 1, "action_flag": 3, "object_id": "6", "content_type": 12, "change_message": "", "object_repr": "Code Geass"}, "pk": 20, "model": "admin.logentry"}, {"fields": {"action_time": "2014-06-02T16:16:04.763Z", "user": 1, "action_flag": 3, "object_id": "5", "content_type": 12, "change_message": "", "object_repr": "ft"}, "pk": 21, "model": "admin.logentry"}, {"fields": {"action_time": "2014-06-02T16:16:04.919Z", "user": 1, "action_flag": 3, "object_id": "4", "content_type": 12, "change_message": "", "object_repr": "To Aru Kagaku No Railgun"}, "pk": 22, "model": "admin.logentry"}, {"fields": {"action_time": "2014-06-03T21:47:04.310Z", "user": 1, "action_flag": 1, "object_id": "1", "content_type": 20, "change_message": "", "object_repr": "Status object"}, "pk": 24, "model": "admin.logentry"}, {"fields": {"action_time": "2014-06-03T21:47:16.041Z", "user": 1, "action_flag": 1, "object_id": "2", "content_type": 20, "change_message": "", "object_repr": "Status object"}, "pk": 25, "model": "admin.logentry"}, {"fields": {"action_time": "2014-06-03T21:47:37.994Z", "user": 1, "action_flag": 1, "object_id": "3", "content_type": 20, "change_message": "", "object_repr": "\u041f\u0435\u0440\u0435\u0441\u043c\u0430\u0442\u0440\u0438\u0432\u0430\u044e"}, "pk": 26, "model": "admin.logentry"}, {"fields": {"action_time": "2014-06-03T21:47:51.222Z", "user": 1, "action_flag": 1, "object_id": "4", "content_type": 20, "change_message": "", "object_repr": "\u041f\u0440\u043e\u0441\u043c\u043e\u0442\u0440\u0435\u043b"}, "pk": 27, "model": "admin.logentry"}, {"fields": {"action_time": "2014-06-03T21:48:00.454Z", "user": 1, "action_flag": 1, "object_id": "5", "content_type": 20, "change_message": "", "object_repr": "\u0411\u0440\u043e\u0441\u0438\u043b"}, "pk": 28, "model": "admin.logentry"}, {"fields": {"action_time": "2014-06-03T21:48:07.404Z", "user": 1, "action_flag": 1, "object_id": "6", "content_type": 20, "change_message": "", "object_repr": "\u041e\u0442\u043b\u043e\u0436\u0438\u043b"}, "pk": 29, "model": "admin.logentry"}, {"fields": {"action_time": "2014-06-03T23:27:14.838Z", "user": 1, "action_flag": 2, "object_id": "1", "content_type": 21, "change_message": "Changed series, user and score.", "object_repr": "ListedProduct object"}, "pk": 30, "model": "admin.logentry"}, {"fields": {"action_time": "2014-06-04T12:42:04.060Z", "user": 1, "action_flag": 2, "object_id": "6", "content_type": 20, "change_message": "Changed name.", "object_repr": "Deffered"}, "pk": 31, "model": "admin.logentry"}, {"fields": {"action_time": "2014-06-04T12:42:12.004Z", "user": 1, "action_flag": 2, "object_id": "5", "content_type": 20, "change_message": "Changed name.", "object_repr": "Dropped"}, "pk": 32, "model": "admin.logentry"}, {"fields": {"action_time": "2014-06-04T12:42:19.835Z", "user": 1, "action_flag": 2, "object_id": "4", "content_type": 20, "change_message": "Changed name.", "object_repr": "Watched"}, "pk": 33, "model": "admin.logentry"}, {"fields": {"action_time": "2014-06-04T12:42:29.681Z", "user": 1, "action_flag": 2, "object_id": "3", "content_type": 20, "change_message": "Changed name.", "object_repr": "ReWatching"}, "pk": 34, "model": "admin.logentry"}, {"fields": {"action_time": "2014-06-04T12:42:36.142Z", "user": 1, "action_flag": 2, "object_id": "2", "content_type": 20, "change_message": "Changed name.", "object_repr": "Watch"}, "pk": 35, "model": "admin.logentry"}, {"fields": {"action_time": "2014-06-04T12:42:43.936Z", "user": 1, "action_flag": 2, "object_id": "1", "content_type": 20, "change_message": "Changed name.", "object_repr": "Planned"}, "pk": 36, "model": "admin.logentry"}, {"fields": {"action_time": "2014-06-05T20:18:37.217Z", "user": 1, "action_flag": 1, "object_id": "4", "content_type": 9, "change_message": "", "object_repr": "\u0414\u0437\u0451\u0441\u0435\u0439"}, "pk": 37, "model": "admin.logentry"}, {"fields": {"action_time": "2014-06-05T20:18:47.102Z", "user": 1, "action_flag": 1, "object_id": "5", "content_type": 9, "change_message": "", "object_repr": "\u0421\u0451\u043d\u0435\u043d \u0410\u0439"}, "pk": 38, "model": "admin.logentry"}, {"fields": {"action_time": "2014-06-05T20:18:55.435Z", "user": 1, "action_flag": 1, "object_id": "6", "content_type": 9, "change_message": "", "object_repr": "\u0421\u0451\u0434\u0437\u0435 \u0410\u0439"}, "pk": 39, "model": "admin.logentry"}, {"fields": {"action_time": "2014-06-05T20:19:42.573Z", "user": 1, "action_flag": 1, "object_id": "3", "content_type": 7, "change_message": "", "object_repr": "Standart"}, "pk": 40, "model": "admin.logentry"}, {"fields": {"action_time": "2014-06-05T20:19:43.955Z", "user": 1, "action_flag": 1, "object_id": "7", "content_type": 9, "change_message": "", "object_repr": "\u0423\u0436\u0430\u0441\u044b"}, "pk": 41, "model": "admin.logentry"}, {"fields": {"action_time": "2014-06-05T20:20:16.489Z", "user": 1, "action_flag": 1, "object_id": "8", "content_type": 9, "change_message": "", "object_repr": "\u0411\u0435\u0437\u0443\u043c\u0438\u0435"}, "pk": 42, "model": "admin.logentry"}, {"fields": {"action_time": "2014-06-05T20:20:24.710Z", "user": 1, "action_flag": 1, "object_id": "9", "content_type": 9, "change_message": "", "object_repr": "\u0411\u043e\u0435\u0432\u044b\u0435 \u0438\u0441\u043a\u0443\u0441\u0441\u0442\u0432\u0430"}, "pk": 43, "model": "admin.logentry"}, {"fields": {"action_time": "2014-06-05T20:20:37.781Z", "user": 1, "action_flag": 1, "object_id": "10", "content_type": 9, "change_message": "", "object_repr": "\u0412\u0430\u043c\u043f\u0438\u0440\u044b"}, "pk": 44, "model": "admin.logentry"}, {"fields": {"action_time": "2014-06-05T20:20:45.266Z", "user": 1, "action_flag": 1, "object_id": "11", "content_type": 9, "change_message": "", "object_repr": "\u0412\u043e\u0435\u043d\u043d\u043e\u0435"}, "pk": 45, "model": "admin.logentry"}, {"fields": {"action_time": "2014-06-05T20:20:58.635Z", "user": 1, "action_flag": 1, "object_id": "12", "content_type": 9, "change_message": "", "object_repr": "\u0414\u0435\u043c\u043e\u043d\u044b"}, "pk": 46, "model": "admin.logentry"}, {"fields": {"action_time": "2014-06-05T20:21:09.358Z", "user": 1, "action_flag": 1, "object_id": "13", "content_type": 9, "change_message": "", "object_repr": "\u0414\u0435\u0442\u0441\u043a\u043e\u0435"}, "pk": 47, "model": "admin.logentry"}, {"fields": {"action_time": "2014-06-05T20:21:23.214Z", "user": 1, "action_flag": 1, "object_id": "14", "content_type": 9, "change_message": "", "object_repr": "\u0414\u0440\u0430\u043c\u0430"}, "pk": 48, "model": "admin.logentry"}, {"fields": {"action_time": "2014-06-05T20:21:45.308Z", "user": 1, "action_flag": 1, "object_id": "4", "content_type": 7, "change_message": "", "object_repr": "Anime Standart"}, "pk": 49, "model": "admin.logentry"}, {"fields": {"action_time": "2014-06-05T20:21:47.499Z", "user": 1, "action_flag": 1, "object_id": "15", "content_type": 9, "change_message": "", "object_repr": "\u0418\u0433\u0440\u044b"}, "pk": 50, "model": "admin.logentry"}, {"fields": {"action_time": "2014-06-05T20:22:04.710Z", "user": 1, "action_flag": 1, "object_id": "16", "content_type": 9, "change_message": "", "object_repr": "\u0418\u0441\u0442\u043e\u0440\u0438\u0447\u0435\u0441\u043a\u0438\u0439"}, "pk": 51, "model": "admin.logentry"}, {"fields": {"action_time": "2014-06-05T20:22:38.600Z", "user": 1, "action_flag": 1, "object_id": "17", "content_type": 9, "change_message": "", "object_repr": "\u041a\u043e\u0441\u043c\u043e\u0441"}, "pk": 52, "model": "admin.logentry"}, {"fields": {"action_time": "2014-06-05T20:22:56.011Z", "user": 1, "action_flag": 1, "object_id": "18", "content_type": 9, "change_message": "", "object_repr": "\u041c\u0430\u0433\u0438\u044f"}, "pk": 53, "model": "admin.logentry"}, {"fields": {"action_time": "2014-06-05T20:23:05.587Z", "user": 1, "action_flag": 1, "object_id": "19", "content_type": 9, "change_message": "", "object_repr": "\u0410\u0432\u0442\u043e\u043c\u043e\u0431\u0438\u043b\u0438"}, "pk": 54, "model": "admin.logentry"}, {"fields": {"action_time": "2014-06-05T20:24:07.002Z", "user": 1, "action_flag": 1, "object_id": "20", "content_type": 9, "change_message": "", "object_repr": "\u041c\u0435\u0445\u0430"}, "pk": 55, "model": "admin.logentry"}, {"fields": {"action_time": "2014-06-05T20:24:14.388Z", "user": 1, "action_flag": 2, "object_id": "19", "content_type": 9, "change_message": "Changed group.", "object_repr": "\u0410\u0432\u0442\u043e\u043c\u043e\u0431\u0438\u043b\u0438"}, "pk": 56, "model": "admin.logentry"}, {"fields": {"action_time": "2014-06-05T20:24:34.641Z", "user": 1, "action_flag": 1, "object_id": "21", "content_type": 9, "change_message": "", "object_repr": "\u041c\u0438\u0441\u0442\u0438\u043a\u0430"}, "pk": 57, "model": "admin.logentry"}, {"fields": {"action_time": "2014-06-05T20:24:47.958Z", "user": 1, "action_flag": 1, "object_id": "22", "content_type": 9, "change_message": "", "object_repr": "\u041c\u0443\u0437\u044b\u043a\u0430"}, "pk": 58, "model": "admin.logentry"}, {"fields": {"action_time": "2014-06-05T20:24:59.602Z", "user": 1, "action_flag": 1, "object_id": "23", "content_type": 9, "change_message": "", "object_repr": "\u041f\u0430\u0440\u043e\u0434\u0438\u044f"}, "pk": 59, "model": "admin.logentry"}, {"fields": {"action_time": "2014-06-05T20:25:11.006Z", "user": 1, "action_flag": 1, "object_id": "24", "content_type": 9, "change_message": "", "object_repr": "\u041f\u043e\u0432\u0441\u0435\u0434\u043d\u0435\u0432\u043d\u043e\u0441\u0442\u044c"}, "pk": 60, "model": "admin.logentry"}, {"fields": {"action_time": "2014-06-05T20:25:18.360Z", "user": 1, "action_flag": 1, "object_id": "25", "content_type": 9, "change_message": "", "object_repr": "\u041f\u043e\u043b\u0438\u0446\u0438\u044f"}, "pk": 61, "model": "admin.logentry"}, {"fields": {"action_time": "2014-06-05T20:25:30.423Z", "user": 1, "action_flag": 1, "object_id": "26", "content_type": 9, "change_message": "", "object_repr": "\u041f\u0440\u0438\u043a\u043b\u044e\u0447\u0435\u043d\u0438\u044f"}, "pk": 62, "model": "admin.logentry"}, {"fields": {"action_time": "2014-06-05T20:40:31.486Z", "user": 1, "action_flag": 1, "object_id": "27", "content_type": 9, "change_message": "", "object_repr": "\u041f\u0441\u0438\u0445\u043e\u043b\u043e\u0433\u0438\u0447\u0435\u0441\u043a\u043e\u0435"}, "pk": 63, "model": "admin.logentry"}, {"fields": {"action_time": "2014-06-05T20:40:45.654Z", "user": 1, "action_flag": 1, "object_id": "28", "content_type": 9, "change_message": "", "object_repr": "\u0421\u0430\u043c\u0443\u0440\u0430\u0438"}, "pk": 64, "model": "admin.logentry"}, {"fields": {"action_time": "2014-06-05T20:40:59.257Z", "user": 1, "action_flag": 1, "object_id": "29", "content_type": 9, "change_message": "", "object_repr": "\u0421\u0432\u0435\u0440\u0445\u0435\u0441\u0442\u0435\u0441\u0442\u0432\u0435\u043d\u043d\u043e\u0435"}, "pk": 65, "model": "admin.logentry"}, {"fields": {"action_time": "2014-06-05T20:41:11.127Z", "user": 1, "action_flag": 1, "object_id": "30", "content_type": 9, "change_message": "", "object_repr": "\u0421\u043f\u043e\u0440\u0442"}, "pk": 66, "model": "admin.logentry"}, {"fields": {"action_time": "2014-06-05T20:41:24.702Z", "user": 1, "action_flag": 1, "object_id": "31", "content_type": 9, "change_message": "", "object_repr": "\u0421\u0443\u043f\u0435\u0440 \u0441\u0438\u043b\u0430"}, "pk": 67, "model": "admin.logentry"}, {"fields": {"action_time": "2014-06-05T20:41:40.488Z", "user": 1, "action_flag": 1, "object_id": "32", "content_type": 9, "change_message": "", "object_repr": "\u0424\u0430\u043d\u0442\u0430\u0441\u0442\u0438\u043a\u0430"}, "pk": 68, "model": "admin.logentry"}, {"fields": {"action_time": "2014-06-05T20:41:48.154Z", "user": 1, "action_flag": 1, "object_id": "33", "content_type": 9, "change_message": "", "object_repr": "\u0424\u044d\u043d\u0442\u0435\u0437\u0438"}, "pk": 69, "model": "admin.logentry"}, {"fields": {"action_time": "2014-06-05T20:41:56.972Z", "user": 1, "action_flag": 1, "object_id": "34", "content_type": 9, "change_message": "", "object_repr": "\u042d\u043a\u0448\u044d\u043d"}, "pk": 70, "model": "admin.logentry"}, {"fields": {"action_time": "2014-06-05T20:42:09.150Z", "user": 1, "action_flag": 1, "object_id": "35", "content_type": 9, "change_message": "", "object_repr": "\u0422\u0440\u0438\u043b\u043b\u0435\u0440"}, "pk": 71, "model": "admin.logentry"}, {"fields": {"action_time": "2014-06-05T20:42:22.515Z", "user": 1, "action_flag": 1, "object_id": "5", "content_type": 7, "change_message": "", "object_repr": "Anime Porn"}, "pk": 72, "model": "admin.logentry"}, {"fields": {"action_time": "2014-06-05T20:42:24.025Z", "user": 1, "action_flag": 1, "object_id": "36", "content_type": 9, "change_message": "", "object_repr": "\u042d\u0442\u0442\u0438"}, "pk": 73, "model": "admin.logentry"}, {"fields": {"action_time": "2014-06-05T20:42:34.232Z", "user": 1, "action_flag": 1, "object_id": "37", "content_type": 9, "change_message": "", "object_repr": "\u0413\u0435\u043d\u0435\u0440\u043d\u0430\u044f \u0438\u043d\u0442\u0440\u0438\u0433\u0430"}, "pk": 74, "model": "admin.logentry"}, {"fields": {"action_time": "2014-06-05T20:42:44.464Z", "user": 1, "action_flag": 1, "object_id": "38", "content_type": 9, "change_message": "", "object_repr": "\u042f\u043e\u0439"}, "pk": 75, "model": "admin.logentry"}, {"fields": {"action_time": "2014-06-05T20:42:52.071Z", "user": 1, "action_flag": 1, "object_id": "39", "content_type": 9, "change_message": "", "object_repr": "\u042e\u0440\u0438"}, "pk": 76, "model": "admin.logentry"}, {"fields": {"action_time": "2014-06-05T20:43:01.040Z", "user": 1, "action_flag": 1, "object_id": "40", "content_type": 9, "change_message": "", "object_repr": "\u0425\u0435\u043d\u0442\u0430\u0439"}, "pk": 77, "model": "admin.logentry"}, {"fields": {"action_time": "2014-06-05T21:42:49.345Z", "user": 1, "action_flag": 1, "object_id": "5", "content_type": 8, "change_message": "", "object_repr": "R"}, "pk": 78, "model": "admin.logentry"}, {"fields": {"action_time": "2014-06-05T22:03:52.857Z", "user": 1, "action_flag": 1, "object_id": "6", "content_type": 7, "change_message": "", "object_repr": "Anime School"}, "pk": 79, "model": "admin.logentry"}, {"fields": {"action_time": "2014-06-05T22:03:54.654Z", "user": 1, "action_flag": 1, "object_id": "41", "content_type": 9, "change_message": "", "object_repr": "41-\u0428\u043a\u043e\u043b\u0430"}, "pk": 80, "model": "admin.logentry"}, {"fields": {"action_time": "2014-06-05T22:04:04.704Z", "user": 1, "action_flag": 1, "object_id": "42", "content_type": 9, "change_message": "", "object_repr": "42-\u041a\u043e\u043c\u0435\u0434\u0438\u044f"}, "pk": 81, "model": "admin.logentry"}, {"fields": {"action_time": "2014-06-05T22:04:15.204Z", "user": 1, "action_flag": 1, "object_id": "43", "content_type": 9, "change_message": "", "object_repr": "43-\u0420\u043e\u043c\u0430\u043d\u0442\u0438\u043a\u0430"}, "pk": 82, "model": "admin.logentry"}, {"fields": {"action_time": "2014-06-05T22:04:25.931Z", "user": 1, "action_flag": 1, "object_id": "44", "content_type": 9, "change_message": "", "object_repr": "44-\u0413\u0430\u0440\u0435\u043c"}, "pk": 83, "model": "admin.logentry"}, {"fields": {"action_time": "2014-06-06T15:22:44.948Z", "user": 1, "action_flag": 3, "object_id": "3", "content_type": 21, "change_message": "", "object_repr": "Akuma no Riddle"}, "pk": 84, "model": "admin.logentry"}, {"fields": {"action_time": "2014-06-07T19:55:47.661Z", "user": 1, "action_flag": 3, "object_id": "10", "content_type": 21, "change_message": "", "object_repr": "Captain Earth"}, "pk": 85, "model": "admin.logentry"}, {"fields": {"action_time": "2014-06-07T23:01:35.369Z", "user": 1, "action_flag": 3, "object_id": "6", "content_type": 18, "change_message": "", "object_repr": "1-"}, "pk": 87, "model": "admin.logentry"}, {"fields": {"action_time": "2014-06-07T23:01:35.521Z", "user": 1, "action_flag": 3, "object_id": "5", "content_type": 18, "change_message": "", "object_repr": "1-"}, "pk": 88, "model": "admin.logentry"}, {"fields": {"action_time": "2014-06-10T15:16:01.592Z", "user": 1, "action_flag": 3, "object_id": "14", "content_type": 21, "change_message": "", "object_repr": "Pluto"}, "pk": 89, "model": "admin.logentry"}, {"fields": {"action_time": "2014-06-12T03:11:58.541Z", "user": 1, "action_flag": 2, "object_id": "1", "content_type": 11, "change_message": "Changed avatar.", "object_repr": "Anime"}, "pk": 90, "model": "admin.logentry"}, {"fields": {"action_time": "2014-06-12T04:36:05.503Z", "user": 1, "action_flag": 1, "object_id": "7", "content_type": 7, "change_message": "", "object_repr": "Detectives"}, "pk": 91, "model": "admin.logentry"}, {"fields": {"action_time": "2014-06-12T04:39:06.919Z", "user": 1, "action_flag": 2, "object_id": "1", "content_type": 11, "change_message": "No fields changed.", "object_repr": "Anime"}, "pk": 92, "model": "admin.logentry"}, {"fields": {"action_time": "2014-06-12T04:40:27.705Z", "user": 1, "action_flag": 2, "object_id": "1", "content_type": 11, "change_message": "Changed avatar.", "object_repr": "Anime"}, "pk": 93, "model": "admin.logentry"}, {"fields": {"action_time": "2014-06-12T04:47:26.285Z", "user": 1, "action_flag": 1, "object_id": "1", "content_type": 25, "change_message": "", "object_repr": "Anime"}, "pk": 94, "model": "admin.logentry"}, {"fields": {"action_time": "2014-06-12T04:47:44.568Z", "user": 1, "action_flag": 1, "object_id": "2", "content_type": 25, "change_message": "", "object_repr": "Manga"}, "pk": 95, "model": "admin.logentry"}, {"fields": {"action_time": "2014-06-21T07:53:54.905Z", "user": 1, "action_flag": 3, "object_id": "9", "content_type": 8, "change_message": "", "object_repr": "kRXCaPS"}, "pk": 96, "model": "admin.logentry"}, {"fields": {"action_time": "2014-06-21T07:53:55.082Z", "user": 1, "action_flag": 3, "object_id": "8", "content_type": 8, "change_message": "", "object_repr": "syCouHx"}, "pk": 97, "model": "admin.logentry"}, {"fields": {"action_time": "2014-06-21T07:53:55.250Z", "user": 1, "action_flag": 3, "object_id": "7", "content_type": 8, "change_message": "", "object_repr": "UQpBu"}, "pk": 98, "model": "admin.logentry"}, {"fields": {"action_time": "2014-06-21T07:53:55.406Z", "user": 1, "action_flag": 3, "object_id": "6", "content_type": 8, "change_message": "", "object_repr": "kywmHo"}, "pk": 99, "model": "admin.logentry"}, {"fields": {"action_time": "2014-06-22T09:44:03.188Z", "user": 1, "action_flag": 1, "object_id": "2", "content_type": 10, "change_message": "", "object_repr": "Detectives"}, "pk": 100, "model": "admin.logentry"}, {"fields": {"action_time": "2014-06-22T09:44:46.915Z", "user": 1, "action_flag": 1, "object_id": "3", "content_type": 11, "change_message": "", "object_repr": "Criminalystic"}, "pk": 101, "model": "admin.logentry"}, {"fields": {"action_time": "2014-06-22T09:46:31.622Z", "user": 1, "action_flag": 1, "object_id": "3", "content_type": 25, "change_message": "", "object_repr": "Detectives"}, "pk": 102, "model": "admin.logentry"}, {"fields": {"action_time": "2014-06-22T09:46:57.241Z", "user": 1, "action_flag": 3, "object_id": "3", "content_type": 25, "change_message": "", "object_repr": "Detectives"}, "pk": 103, "model": "admin.logentry"}, {"fields": {"action_time": "2014-06-22T10:29:40.379Z", "user": 1, "action_flag": 1, "object_id": "3", "content_type": 25, "change_message": "", "object_repr": "Criminalystic"}, "pk": 104, "model": "admin.logentry"}]